wind_available_mw,electricity_price,carbon_intensity
125.685,70.0,200.0
125.685,69.31851652578136,225.88190451025207
125.685,67.32050807568878,250.0
125.685,64.14213562373095,270.71067811865476
125.685,60.0,286.60254037844385
125.685,55.17638090205041,296.5925826289068
125.685,50.0,300.0
125.685,44.82361909794959,296.5925826289068
125.685,40.0,286.6025403784439
125.685,35.85786437626905,270.71067811865476
125.685,32.67949192431122,250.0
125.685,30.681483474218638,225.8819045102521
125.685,30.0,200.0
125.685,30.681483474218634,174.11809548974793
125.685,32.67949192431122,150.00000000000003
125.685,35.85786437626904,129.2893218813453
123.69879058733841,39.99999999999999,113.39745962155615
115.54802703711887,44.82361909794959,103.40741737109317
96.90818735280443,49.99999999999999,100.0
68.71948320000025,55.176380902050404,103.40741737109316
50.64027318173481,60.0,113.39745962155614
30.537107093270652,64.14213562373095,129.28932188134524
10.820537776107143,67.32050807568876,149.99999999999994
6.1666793419569235,69.31851652578136,174.11809548974784
1.7313990155608208,70.0,199.99999999999997
0.07911590704680639,69.31851652578136,225.8819045102521
1.206634312599636,67.32050807568876,250.0
18.92269284642505,64.14213562373095,270.71067811865476
10.899934201646435,60.00000000000001,286.60254037844385
0.7668786519237227,55.17638090205041,296.5925826289068
11.417666274050296,50.00000000000002,300.0
45.03476693337679,44.823619097949596,296.5925826289068
63.08109978956283,40.000000000000014,286.6025403784439
69.67044721691101,35.85786437626904,270.7106781186547
81.26939478453161,32.67949192431122,249.99999999999997
67.58206726577255,30.681483474218634,225.88190451025207
41.549314797771075,30.0,200.00000000000003
38.42288070373639,30.68148347421863,174.118095489748
42.696244621172674,32.67949192431122,150.00000000000009
41.68082427045016,35.857864376269035,129.28932188134536
37.296920346549264,40.0,113.39745962155612
33.70937845937979,44.823619097949546,103.40741737109323
32.66902542529583,49.99999999999999,100.0
30.728330284668562,55.176380902050404,103.40741737109316
28.79001281287811,59.999999999999986,113.39745962155608
25.740847517827575,64.14213562373095,129.28932188134527
32.213629832088884,67.32050807568876,149.99999999999986
31.314944327722603,69.31851652578136,174.1180954897479
21.597167769859947,70.0,199.99999999999994
15.586713948635568,69.31851652578138,225.881904510252
10.183055009772156,67.32050807568876,250.00000000000006
6.05976295951214,64.14213562373098,270.71067811865464
9.94878821775119,60.0,286.6025403784439
20.841139066603503,55.17638090205042,296.5925826289068
34.383941457063884,50.000000000000014,300.0
58.231205297728735,44.82361909794957,296.5925826289068
73.66178951919818,40.00000000000002,286.6025403784439
91.03177203945285,35.85786437626907,270.71067811865487
125.685,32.67949192431123,250.0
125.685,30.681483474218638,225.8819045102521
125.685,30.0,200.00000000000023
125.685,30.68148347421863,174.11809548974801
125.685,32.679491924311215,150.0000000000001
125.685,35.85786437626905,129.28932188134524
125.685,39.99999999999997,113.39745962155622
125.685,44.823619097949575,103.40741737109317
125.685,50.00000000000002,100.0
125.685,55.1763809020504,103.40741737109315
125.685,60.00000000000001,113.39745962155617
125.685,64.14213562373092,129.28932188134513
125.685,67.32050807568876,150.0
125.685,69.31851652578138,174.11809548974804
125.685,70.0,199.99999999999991
125.685,69.31851652578138,225.8819045102518
125.685,67.32050807568879,249.9999999999999
125.685,64.14213562373095,270.71067811865476
125.685,60.000000000000036,286.6025403784438
125.685,55.176380902050425,296.5925826289068
125.685,50.00000000000005,300.0
125.685,44.8236190979496,296.5925826289068
125.685,39.99999999999999,286.60254037844385
125.685,35.85786437626908,270.71067811865487
125.685,32.679491924311264,250.00000000000034
125.685,30.681483474218627,225.88190451025196
125.685,30.0,200.00000000000009
125.685,30.681483474218638,174.11809548974787
125.685,32.67949192431121,150.0000000000001
125.685,35.857864376269,129.2893218813455
125.685,39.999999999999964,113.39745962155624
125.685,44.823619097949575,103.40741737109319
125.685,50.000000000000014,100.0
125.685,55.17638090205039,103.40741737109313
125.685,59.99999999999994,113.39745962155597
125.685,64.14213562373092,129.28932188134513
125.685,67.32050807568876,149.99999999999997
125.685,69.31851652578138,174.11809548974804
125.685,70.0,199.99999999999991
125.685,69.31851652578138,225.8819045102518
125.685,67.32050807568879,249.99999999999986
125.685,64.14213562373095,270.71067811865476
125.685,59.99999999999998,286.6025403784439
125.685,55.176380902050425,296.5925826289068
125.685,50.00000000000006,300.0
125.685,44.82361909794961,296.5925826289069
125.685,40.0,286.60254037844385
94.78122124375554,35.85786437626903,270.71067811865464
57.198441760437724,32.679491924311236,250.00000000000006
53.253122682708124,30.68148347421865,225.88190451025233
53.8703055261208,30.0,200.0000000000001
57.60858166541106,30.681483474218616,174.11809548974824
72.6130435774452,32.67949192431125,149.99999999999983
76.28484860217988,35.85786437626905,129.28932188134524
90.73563467068979,39.99999999999996,113.39745962155625
114.73993445361687,44.82361909794957,103.40741737109319
125.685,49.99999999999994,100.0
125.685,55.176380902050454,103.40741737109323
125.685,60.0,113.39745962155614
125.685,64.14213562373092,129.2893218813451
125.685,67.32050807568876,149.99999999999994
125.685,69.31851652578135,174.11809548974767
125.685,70.0,199.99999999999952
125.685,69.31851652578136,225.8819045102521
125.685,67.32050807568879,249.99999999999983
125.685,64.14213562373101,270.71067811865447
125.685,60.00000000000004,286.60254037844373
125.685,55.17638090205043,296.5925826289068
125.685,49.99999999999999,300.0
107.11424301291798,44.823619097949546,296.59258262890677
108.23510991585003,40.000000000000064,286.602540378444
125.685,35.85786437626908,270.71067811865487
114.03507597288176,32.679491924311236,250.00000000000006
125.685,30.68148347421863,225.881904510252
125.685,30.0,199.99999999999977
120.9262312686567,30.681483474218616,174.11809548974824
120.42299345082144,32.67949192431121,150.00000000000017
122.81938723393387,35.85786437626904,129.2893218813453
108.09946913108095,40.000000000000014,113.39745962155608
114.49367350838776,44.82361909794963,103.40741737109312
112.32075570130388,49.999999999999936,100.0
123.77163845734178,55.17638090205038,103.40741737109312
125.685,60.0,113.39745962155612
125.685,64.14213562373087,129.28932188134485
125.685,67.32050807568879,150.00000000000023
125.685,69.31851652578135,174.11809548974765
125.685,70.0,199.99999999999986
125.685,69.31851652578136,225.88190451025207
125.685,67.32050807568882,249.99999999999952
125.685,64.14213562373091,270.710678118655
125.685,60.00000000000004,286.60254037844373
125.685,55.17638090205044,296.5925826289068
125.685,49.99999999999999,300.0
125.685,44.82361909794969,296.59258262890694
125.685,40.00000000000007,286.6025403784441
125.685,35.857864376269085,270.7106781186549
125.685,32.679491924311236,250.00000000000009
125.685,30.68148347421863,225.881904510252
125.685,30.0,200.0000000000005
125.685,30.681483474218616,174.11809548974827
125.685,32.67949192431121,150.0000000000002
125.685,35.85786437626904,129.2893218813453
125.685,40.000000000000014,113.3974596215561
125.685,44.82361909794949,103.4074173710933
125.685,49.99999999999993,100.0
125.685,55.176380902050376,103.40741737109312
125.685,59.99999999999987,113.39745962155575
125.685,64.14213562373087,129.28932188134482
125.685,67.32050807568879,150.00000000000023
125.685,69.31851652578139,174.1180954897483
125.685,70.0,199.99999999999983
125.685,69.31851652578136,225.88190451025204
125.685,67.32050807568876,250.0000000000001
125.685,64.14213562373101,270.7106781186544
125.685,60.00000000000005,286.60254037844373
125.685,55.17638090205044,296.59258262890677
125.685,50.00000000000014,300.0
125.685,44.823619097949695,296.592582628907
125.685,40.00000000000007,286.6025403784441
125.685,35.857864376268985,270.7106781186544
125.685,32.679491924311236,250.0000000000001
125.685,30.681483474218634,225.88190451025204
125.685,30.0,199.99999999999983
125.685,30.681483474218613,174.1180954897483
125.685,32.67949192431121,150.00000000000023
125.685,35.857864376269035,129.2893218813453
125.685,39.999999999999886,113.39745962155646
125.685,44.82361909794949,103.4074173710933
125.685,49.99999999999993,100.0
125.685,55.17638090205051,103.4074173710933
125.685,59.999999999999986,113.3974596215561
125.685,64.14213562373097,129.2893218813453
125.685,67.32050807568879,150.0000000000002
125.685,69.31851652578135,174.1180954897476
125.685,70.0,199.9999999999998
125.685,69.31851652578138,225.881904510252
125.685,67.32050807568883,249.99999999999946
120.4877018582764,64.14213562373101,270.7106781186544
108.14612833730219,60.00000000000006,286.6025403784437
55.466541901490416,55.17638090205058,296.5925826289066
16.6618528756527,50.00000000000001,300.0
57.41693724308607,44.82361909794956,296.5925826289068
82.3628468715031,39.99999999999996,286.60254037844373
81.26093958913755,35.85786437626909,270.710678118655
83.28876286625874,32.67949192431124,250.0000000000001
95.07871481581485,30.681483474218634,225.88190451025207
86.56292286480368,30.0,200.00000000000057
90.51525338373423,30.681483474218613,174.11809548974833
115.2026324266495,32.6794919243112,150.00000000000023
125.685,35.857864376268935,129.2893218813458
125.685,40.0,113.39745962155612
125.685,44.82361909794962,103.40741737109312
125.685,50.000000000000064,100.0
125.685,55.17638090205037,103.40741737109312
125.685,59.999999999999986,113.39745962155608
125.685,64.14213562373095,129.2893218813453
119.72303138653317,67.32050807568872,149.99999999999955
125.685,69.31851652578135,174.11809548974756
125.685,70.0,199.99999999999977
125.685,69.3185165257814,225.88190451025133
125.685,67.32050807568883,249.99999999999946
125.685,64.14213562373092,270.71067811865487
113.79155093385909,59.999999999999936,286.602540378444
109.31198769250966,55.176380902050454,296.59258262890677
68.31775631588273,50.00000000000001,300.0
64.10724659290672,44.82361909794957,296.5925826289068
73.93179547685304,40.000000000000085,286.6025403784441
90.59753836804782,35.85786437626909,270.710678118655
113.5066017994157,32.67949192431124,250.00000000000014
125.685,30.681483474218673,225.88190451025278
125.685,30.0,200.0000000000006
125.685,30.681483474218613,174.11809548974836
125.685,32.679491924311264,149.99999999999966
125.685,35.85786437626903,129.28932188134536
125.685,40.0,113.39745962155614
125.685,44.82361909794961,103.40741737109313
125.685,49.999999999999915,100.0
125.685,55.17638090205036,103.4074173710931
125.685,59.99999999999998,113.39745962155607
125.685,64.14213562373085,129.28932188134476
125.685,67.32050807568872,149.99999999999955
125.685,69.31851652578135,174.11809548974753
125.685,70.0,199.99999999999903
125.685,69.31851652578138,225.88190451025199
125.685,67.32050807568876,250.00000000000006
125.685,64.14213562373092,270.71067811865487
125.685,60.000000000000064,286.6025403784437
125.685,55.17638090205046,296.59258262890677
125.685,50.000000000000156,300.0
125.685,44.823619097949575,296.5925826289068
125.685,40.000000000000085,286.60254037844413
125.685,35.8578643762692,270.7106781186555
125.685,32.67949192431125,250.00000000000017
125.685,30.681483474218602,225.88190451025145
125.685,30.0,199.99999999999991
125.685,30.68148347421861,174.11809548974838
125.685,32.679491924311264,149.99999999999966
125.685,35.85786437626902,129.28932188134536
125.685,39.99999999999987,113.39745962155651
125.685,44.82361909794961,103.40741737109313
125.685,49.999999999999915,100.0
125.685,55.17638090205022,103.40741737109292
125.685,59.99999999999997,113.39745962155607
125.685,64.14213562373085,129.28932188134473
125.685,67.32050807568879,150.0000000000001
125.685,69.31851652578135,174.11809548974753
125.685,70.0,200.00000000000045
125.685,69.31851652578138,225.88190451025196
125.685,67.32050807568885,249.9999999999994
125.685,64.14213562373092,270.71067811865487
125.685,60.00000000000007,286.6025403784437
125.685,55.1763809020506,296.5925826289066
125.685,50.00000000000002,300.0
125.685,44.82361909794972,296.592582628907
125.685,39.999999999999964,286.6025403784438
125.685,35.857864376269106,270.710678118655
125.685,32.67949192431118,249.99999999999957
125.685,30.681483474218638,225.88190451025216
125.685,30.0,200.00000000000063
125.685,30.681483474218645,174.1180954897477
125.685,32.67949192431119,150.00000000000028
125.685,35.85786437626892,129.28932188134587
125.685,39.99999999999999,113.39745962155617
125.685,44.82361909794947,103.40741737109333
125.685,49.999999999999766,100.0
125.685,55.176380902050354,103.40741737109309
125.685,60.00000000000009,113.39745962155641
125.685,64.14213562373095,129.28932188134524
125.685,67.3205080756887,149.9999999999995
125.685,69.31851652578138,174.11809548974819
125.685,70.0,199.99999999999972
125.685,69.3185165257814,225.88190451025125
125.685,67.32050807568876,250.0
125.685,64.14213562373104,270.71067811865436
125.685,60.0000000000002,286.60254037844334
125.685,55.17638090205047,296.59258262890677
125.685,49.99999999999988,300.0
125.685,44.82361909794958,296.5925826289068
125.685,40.00000000000009,286.60254037844413
125.685,35.857864376269006,270.7106781186545
125.685,32.67949192431125,250.00000000000023
125.685,30.681483474218677,225.88190451025287
125.685,30.0,199.99999999999994
125.685,30.681483474218606,174.1180954897484
125.685,32.67949192431112,150.00000000000094
125.685,35.85786437626902,129.28932188134542
125.685,39.999999999999865,113.39745962155654
125.685,44.823619097949596,103.40741737109316
125.685,49.9999999999999,100.0
125.685,55.17638090205048,103.40741737109327
125.685,59.999999999999964,113.39745962155604
125.685,64.14213562373084,129.2893218813447
125.685,67.32050807568878,150.00000000000009
125.685,69.31851652578135,174.11809548974747
125.685,70.0,199.99999999999898
125.685,69.31851652578138,225.8819045102519
105.077060446292,67.32050807568885,249.99999999999937
121.80336012627414,64.14213562373094,270.71067811865487
125.685,60.00000000000007,286.6025403784437
125.685,55.17638090205033,296.59258262890694
125.685,50.00000000000003,300.0
125.685,44.823619097949724,296.592582628907
125.685,39.99999999999997,286.6025403784438
125.685,35.857864376269106,270.71067811865504
125.685,32.67949192431132,250.00000000000085
125.685,30.68148347421864,225.88190451025218
125.685,30.0,200.00000000000068
125.685,30.68148347421857,174.11809548974912
125.685,32.679491924311186,150.00000000000034
125.685,35.85786437626911,129.2893218813449
125.685,39.99999999999974,113.39745962155689
125.685,44.823619097949454,103.40741737109335
125.685,49.99999999999976,100.0
125.685,55.17638090205034,103.40741737109308
125.685,60.000000000000085,113.39745962155638
125.685,64.14213562373094,129.2893218813452
125.685,67.32050807568885,150.00000000000068
125.685,69.3185165257813,174.11809548974676
125.685,70.0,199.99999999999966
125.685,69.3185165257814,225.88190451025122
125.685,67.32050807568878,249.99999999999994
125.685,64.14213562373104,270.7106781186543
125.685,59.99999999999996,286.60254037844396
125.685,55.17638090205075,296.59258262890637
125.685,50.00000000000018,300.0
125.685,44.82361909794959,296.5925826289068
125.685,40.0000000000001,286.60254037844413
125.685,35.857864376269006,270.7106781186546
125.685,32.67949192431126,250.00000000000026
125.685,30.681483474218606,225.88190451025153
125.685,30.0,200.00000000000142
125.685,30.681483474218606,174.11809548974847
125.685,32.679491924311115,150.00000000000097
125.685,35.857864376269006,129.28932188134542
125.685,39.99999999999986,113.39745962155655
98.71457320945512,44.82361909794959,103.40741737109317
71.35611218268393,50.00000000000018,100.0
69.17728569545453,55.176380902050205,103.40741737109289
60.97863193401472,59.99999999999996,113.39745962155602
44.638250694652534,64.14213562373084,129.28932188134468
29.617642147184164,67.32050807568878,150.00000000000006
26.1312055365754,69.31851652578135,174.11809548974742
10.880731879056464,70.0,200.00000000000034
12.412269861640212,69.31851652578145,225.88190451025048
47.59040373263273,67.32050807568885,249.99999999999932
76.09229823031862,64.14213562373094,270.7106781186548
52.38250991412381,60.000000000000085,286.6025403784436
36.676553268361786,55.17638090205034,296.59258262890694
75.63435219648296,50.00000000000004,300.0
91.20959612312244,44.823619097949454,296.59258262890665
84.47559318827197,40.00000000000023,286.60254037844453
101.48206817640188,35.85786437626911,270.7106781186551
77.02219431497737,32.67949192431133,250.00000000000088
45.741525511342374,30.68148347421864,225.88190451025224
9.318998770817316,30.0,200.00000000000074
14.035532207626641,30.68148347421864,174.11809548974782
54.551642662178665,32.67949192431132,149.99999999999915
99.62452030498888,35.85786437626891,129.28932188134598
93.90401109759172,39.99999999999997,113.39745962155621
92.27644928221218,44.82361909794945,103.40741737109336
125.685,50.00000000000003,100.0
125.685,55.17638090205033,103.40741737109308
125.685,60.00000000000007,113.39745962155635
125.685,64.14213562373072,129.28932188134416
125.685,67.3205080756887,149.9999999999994
125.685,69.3185165257813,174.1180954897467
118.6110517703508,70.0,199.9999999999996
99.29666917408508,69.31851652578135,225.88190451025253
88.84580714929814,67.32050807568878,249.99999999999991
79.30128593136432,64.14213562373084,270.7106781186553
64.11204473375462,60.00000000000021,286.6025403784432
49.24329600111219,55.17638090205048,296.5925826289067
39.04875798734992,50.000000000000185,300.0
26.431296746858816,44.823619097949596,296.5925826289068
17.969052533908688,40.000000000000114,286.6025403784442
15.58904618348456,35.85786437626902,270.7106781186546
21.186674369802095,32.67949192431141,250.00000000000153
20.678843355111077,30.68148347421868,225.88190451025295
19.712572258175072,30.0,200.00000000000006
21.33834192317094,30.681483474218602,174.11809548974853
22.459349148091285,32.67949192431125,149.99999999999977
23.520048571365123,35.857864376269006,129.28932188134547
23.456312550209255,40.00000000000009,113.39745962155587
22.54776424145989,44.823619097949305,103.40741737109354
22.643284972000462,49.99999999999988,100.0
18.784251523708996,55.17638090205019,103.40741737109286
16.852740380266717,59.99999999999995,113.39745962155598
18.054583097365626,64.14213562373084,129.28932188134465
40.401856293898994,67.32050807568876,150.0
46.55130735185807,69.3185165257814,174.11809548974875
45.433045294090164,70.0,199.99999999999886
43.955955040444096,69.31851652578138,225.88190451025181
51.92318119999233,67.32050807568885,249.99999999999926
66.50666530818219,64.14213562373095,270.71067811865476
72.4651809312357,60.00000000000009,286.60254037844356
81.45559768335642,55.176380902050354,296.59258262890694
90.4338919852027,50.000000000000334,300.0
100.0847486224845,44.82361909794974,296.59258262890705
108.10027125744028,39.99999999999999,286.60254037844385
106.97893604453468,35.85786437626912,270.7106781186551
125.685,32.67949192431119,249.99999999999972
125.685,30.681483474218645,225.8819045102523
125.685,30.0,199.99999999999937
125.685,30.681483474218567,174.11809548974924
125.685,32.67949192431118,150.00000000000043
125.685,35.8578643762689,129.28932188134598
125.685,39.999999999999964,113.39745962155622
125.685,44.82361909794944,103.40741737109337
125.685,50.00000000000002,100.0
125.685,55.1763809020506,103.40741737109342
125.685,59.99999999999982,113.39745962155561
125.685,64.14213562373092,129.28932188134513
125.685,67.3205080756887,149.99999999999937
125.685,69.31851652578138,174.11809548974804
125.685,70.0,199.99999999999955
125.685,69.31851652578135,225.88190451025247
125.685,67.32050807568893,249.99999999999864
125.685,64.14213562373105,270.71067811865424
125.685,60.00000000000022,286.6025403784432
107.84869908345938,55.1763809020505,296.5925826289067
89.69209686711656,49.999999999999915,300.0
83.65947046160072,44.82361909794961,296.5925826289069
71.44591871513504,39.99999999999987,286.6025403784435
54.58303426764132,35.85786437626923,270.71067811865566
61.20200649779824,32.679491924311264,250.00000000000034
56.91376236945552,30.681483474218684,225.881904510253
51.916752374025684,30.0,200.00000000000009
47.2924155108924,30.681483474218602,174.11809548974855
44.15739325849455,32.67949192431125,149.99999999999983
35.52160766642897,35.85786437626879,129.2893218813465
27.356626268818694,39.99999999999984,113.39745962155659
23.127317410667594,44.823619097949575,103.40741737109319
19.470106076145825,49.99999999999987,100.0
13.571033437529257,55.17638090205046,103.40741737109323
9.605574099537366,59.99999999999994,113.39745962155597
9.527508033804308,64.14213562373102,129.28932188134561
8.17993015596003,67.32050807568862,149.99999999999872
11.556259779084385,69.31851652578133,174.11809548974733
20.013636369098876,70.0,199.99999999999883
20.853316818423696,69.31851652578138,225.88190451025176
21.79901498935058,67.32050807568886,249.99999999999923
23.76055217220957,64.14213562373095,270.71067811865476
34.97048351812523,59.99999999999986,286.60254037844425
57.39262376155369,55.17638090205064,296.59258262890654
75.55487140971464,50.00000000000006,300.0
86.73014317443086,44.82361909794975,296.59258262890705
80.91937270835727,40.0,286.60254037844385
94.29125859686306,35.85786437626913,270.71067811865515
69.2113288121635,32.67949192431119,249.99999999999974
67.10845119990941,30.681483474218723,225.88190451025372
48.75347117410014,30.0,200.00000000000082
22.015285701346325,30.681483474218563,174.11809548974927
16.595262922561314,32.67949192431117,150.00000000000045
22.52105638182184,35.85786437626909,129.28932188134502
51.389460567957435,39.99999999999996,113.39745962155627
77.75805126063118,44.8236190979497,103.40741737109302
78.74034938508669,49.99999999999972,100.0
62.979391421114634,55.17638090205032,103.40741737109303
49.63459949994552,59.999999999999815,113.3974596215556
46.26523096467249,64.14213562373092,129.28932188134507
24.60437642520579,67.32050807568869,149.99999999999932
21.98032495945783,69.31851652578138,174.118095489748
19.829942168263614,70.0,199.9999999999981
17.76556371472131,69.31851652578142,225.88190451025105
16.38401092239674,67.32050807568879,249.99999999999983
16.858348737192546,64.14213562373106,270.7106781186542
13.957327932007264,59.999999999999986,286.6025403784439
11.927776963604718,55.176380902050504,296.5925826289067
7.278801465655614,49.99999999999992,300.0
4.057205586203815,44.823619097949894,296.5925826289072
3.0424335114833463,40.00000000000013,286.60254037844425
4.2465218486139795,35.857864376269234,270.71067811865566
3.465619510259278,32.67949192431127,250.00000000000037
1.8356284936472078,30.681483474218613,225.88190451025167
0.45146344621459367,30.0,200.00000000000156
0.0,30.6814834742186,174.1180954897486
0.0,32.67949192431124,149.9999999999999
0.0,35.85786437626919,129.28932188134456
0.0,39.99999999999983,113.39745962155664
0.45431268843602585,44.82361909794956,103.4074173710932
2.181196820224529,49.99999999999958,100.0
4.635721060674706,55.17638090205018,103.40741737109285
5.873403776898691,59.99999999999993,113.39745962155594
6.373069415364996,64.14213562373101,129.2893218813456
6.444090021477346,67.3205080756889,150.00000000000114
4.644977719612686,69.31851652578133,174.11809548974728
3.6402265401952154,70.0,200.0000000000002
5.807341459408334,69.31851652578146,225.88190451025034
6.456767635909871,67.32050807568886,249.9999999999992
7.464861884237778,64.14213562373097,270.7106781186547
10.035001577197335,59.999999999999865,286.60254037844425
13.515146924555703,55.176380902050646,296.59258262890654
18.31385721107152,50.00000000000007,300.0
22.19589126725992,44.823619097950036,296.59258262890745
22.69264211526184,40.000000000000256,286.6025403784446
25.00349051395105,35.857864376269134,270.7106781186552
19.469598344033507,32.67949192431121,249.99999999999977
16.52540306435274,30.681483474218577,225.88190451025102
13.459790104017397,30.0,200.00000000000088
12.45312726350787,30.681483474218634,174.11809548974796
15.431159298311321,32.67949192431102,150.00000000000173
18.78318250778911,35.857864376268886,129.28932188134607
22.45756735245463,39.99999999999995,113.39745962155628
25.862908876733655,44.823619097949695,103.40741737109302
27.182451382651887,49.999999999999716,100.0
22.66273043677653,55.176380902050305,103.40741737109302
19.90621932442095,60.00000000000005,113.39745962155628
15.430360513200634,64.14213562373071,129.28932188134405
6.8807812406051285,67.32050807568869,149.99999999999926
3.395156856221532,69.31851652578136,174.11809548974796
2.8700014788645487,70.0,200.00000000000088
4.519189356760977,69.31851652578142,225.88190451025102
6.048151921121764,67.32050807568879,249.99999999999977
5.836490764178438,64.14213562373126,270.71067811865316
6.165376849344504,60.00000000000024,286.60254037844317
6.440184954073222,55.17638090205051,296.5925826289067
5.773723985143652,49.99999999999993,300.0
7.663897132131773,44.823619097949354,296.59258262890654
12.501755748703681,40.000000000000135,286.60254037844425
14.560054960892089,35.857864376269035,270.7106781186547
7.783548066782213,32.67949192431142,250.00000000000165
3.4066819386566984,30.681483474218687,225.8819045102531
2.590569066092139,30.0,200.0000000000002
3.6352171115489322,30.68148347421867,174.11809548974728
5.334985026113527,32.679491924311094,150.00000000000114
5.551615760739734,35.857864376268985,129.2893218813456
3.3979818334821608,40.00000000000007,113.39745962155594
3.627818201062742,44.823619097949276,103.40741737109357
4.898719172266807,49.99999999999985,100.0
4.237295583775712,55.17638090205044,103.4074173710932
3.836688106521534,60.00000000000017,113.39745962155664
4.235645809980445,64.14213562373081,129.28932188134456
4.387503131538503,67.32050807568876,149.9999999999999
4.416717810847681,69.31851652578126,174.11809548974585
4.696219998580904,70.0,199.99999999999872
3.5112973225439514,69.31851652578139,225.88190451025167
2.9127302022636705,67.32050807568874,250.00000000000037
2.5649511869101476,64.14213562373077,270.71067811865566
2.9080383827250205,60.000000000000114,286.6025403784435
3.619885059448798,55.17638090205038,296.5925826289069
3.8882428355505088,50.00000000000036,300.0
3.5776688132262526,44.82361909794977,296.59258262890705
2.5972971941927456,40.000000000000014,286.6025403784439
2.1737330166064903,35.85786437626894,270.7106781186542
0.8722036161168562,32.67949192431135,250.00000000000108
1.5598525279961488,30.681483474218652,225.88190451025244
1.8387400709326505,30.0,200.00000000000236
1.391203818477078,30.681483474218556,174.11809548974938
0.6198114431492484,32.679491924311165,150.00000000000054
0.4229474755247284,35.85786437626908,129.2893218813451
0.0761335286388673,40.000000000000185,113.3974596215556
0.0,44.82361909794941,103.4074173710934
0.0,49.99999999999999,100.0
0.0,55.17638090205002,103.40741737109265
0.0,59.999999999999794,113.39745962155556
0.0,64.14213562373091,129.28932188134502
0.0,67.32050807568882,150.00000000000045
0.0,69.31851652578129,174.11809548974654
0.0,70.0,199.9999999999994
0.0,69.31851652578135,225.88190451025233
0.0,67.32050807568895,249.99999999999852
0.0,64.14213562373106,270.71067811865413
0.32097321423709857,60.0,286.60254037844385
1.1439064822843372,55.17638090205025,296.59258262890705
2.8286767933570798,50.00000000000023,300.0
3.7971506112505335,44.82361909794964,296.5925826289069
3.7724555999423233,40.00000000000039,286.602540378445
4.186943169679052,35.85786437626925,270.7106781186557
8.105019797736787,32.67949192431128,250.00000000000045
12.267531931368406,30.681483474218616,225.88190451025176
14.647057379359088,30.0,199.99999999999883
18.56834656359926,30.68148347421859,174.1180954897487
22.845791383895847,32.679491924311236,149.99999999999994
24.375227812029376,35.85786437626878,129.2893218813466
23.571801362680745,39.999999999999815,113.39745962155668
20.193410045540656,44.82361909794954,103.40741737109323
22.818787884556507,50.00000000000013,100.0
21.634315748737357,55.176380902050155,103.40741737109282
18.44273803720619,59.999999999999915,113.3974596215559
15.722824133086991,64.1421356237306,129.28932188134348
40.69317928509337,67.32050807568861,149.9999999999986
71.36090236983092,69.31851652578132,174.1180954897472
110.4141442199579,70.0,200.00000000000009
125.685,69.31851652578132,225.881904510253
125.685,67.32050807568888,249.99999999999912
125.685,64.14213562373098,270.71067811865464
125.685,60.00000000000037,286.60254037844277
93.84655527659872,55.17638090205067,296.5925826289065
70.22908486062606,50.000000000000085,300.0
74.23239940796398,44.8236190979495,296.5925826289067
71.90382314743164,40.00000000000027,286.60254037844464
63.44630127642155,35.85786437626915,270.71067811865527
59.87614136872431,32.67949192431121,249.9999999999999
58.12468057663111,30.68148347421873,225.88190451025386
60.08911146349251,30.0,200.00000000000097
72.31262327271583,30.681483474218627,174.11809548974804
101.91116232299842,32.6794919243113,149.99999999999937
125.685,35.85786437626887,129.28932188134613
125.685,39.99999999999993,113.39745962155632
125.685,44.82361909794913,103.40741737109379
125.685,49.999999999999694,100.0
125.685,55.17638090205028,103.407417371093
125.685,60.000000000000036,113.39745962155622
125.685,64.1421356237311,129.28932188134598
115.21523280973143,67.32050807568868,149.9999999999992
100.80575280964997,69.31851652578136,174.11809548974784
91.63453517216995,70.0,199.99999999999795
81.43943617200955,69.31851652578143,225.88190451025093
76.10681226203269,67.3205080756888,249.99999999999972
71.28418604901348,64.14213562373088,270.7106781186551
68.07769743347133,60.000000000000256,286.6025403784431
63.22469842938767,55.17638090205053,296.59258262890665
55.54885816644094,49.99999999999995,300.0
52.393571929686985,44.82361909794992,296.5925826289073
55.05193376907681,40.000000000000156,286.6025403784443
54.42885445602161,35.85786437626905,270.71067811865476
38.881376972583375,32.679491924311144,249.99999999999926
32.73696385371283,30.681483474218695,225.88190451025318
29.031940202489373,30.0,200.00000000000028
25.70226331419884,30.681483474218517,174.11809548975012
23.93817889225782,32.67949192431109,150.00000000000122
21.900064485508647,35.85786437626897,129.28932188134564
20.904828104556906,40.00000000000005,113.39745962155598
19.708215023395127,44.82361909794981,103.40741737109286
16.665153785069815,49.99999999999984,100.0
13.450416205847942,55.17638090205042,103.40741737109317
10.059793081904967,59.99999999999966,113.39745962155516
7.8641551963516605,64.1421356237308,129.28932188134445
3.993737615106333,67.32050807568875,149.99999999999977
3.4096363334454063,69.3185165257814,174.11809548974853
2.6976422423171083,70.0,199.99999999999864
2.764737806089505,69.31851652578139,225.8819045102516
2.2558577384263416,67.32050807568902,249.99999999999784
1.9259081027429548,64.14213562373118,270.7106781186536
1.596260569627307,60.000000000000135,286.60254037844345
1.1326951375744474,55.176380902050404,296.5925826289068
0.27215380070294415,49.999999999999815,300.0
0.654014099681646,44.82361909794979,296.5925826289071
0.0,40.000000000000526,286.6025403784454
0.0,35.85786437626896,270.7106781186543
0.0,32.679491924311364,250.00000000000114
0.0,30.68148347421866,225.88190451025253
0.0,30.0,200.00000000000244
0.0,30.681483474218698,174.1180954897467
0.8193610025678923,32.67949192431115,150.00000000000063
5.2261917865119605,35.857864376268665,129.28932188134718
4.712230194076228,40.00000000000017,113.39745962155564
3.0118794743829036,44.82361909794939,103.40741737109343
4.714376555829778,49.99999999999997,100.0
4.624668998524957,55.176380902050006,103.40741737109262
2.639608240969025,60.00000000000027,113.39745962155692
1.314161321474547,64.1421356237309,129.28932188134496
3.815561853153961,67.32050807568854,149.99999999999793
5.155104356982349,69.31851652578129,174.11809548974642
12.330143938038452,70.0,199.99999999999932
18.056443885498037,69.31851652578136,225.88190451025224
22.649537203041696,67.32050807568896,249.99999999999844
25.5144598179224,64.14213562373068,270.7106781186561
29.70091352917172,60.000000000000014,286.6025403784438
35.02247330325635,55.176380902050816,296.59258262890626
42.051665205858654,50.00000000000024,300.0
51.73226781367732,44.82361909794966,296.59258262890694
64.2234603480683,39.999999999999915,286.6025403784436
84.3398574753022,35.85786437626926,270.7106781186558
111.96428830120068,32.67949192431158,250.000000000003
125.685,30.681483474218624,225.88190451025187
125.685,30.0,200.00000000000176
125.685,30.681483474218588,174.11809548974878
125.685,32.67949192431122,150.00000000000006
125.685,35.85786437626916,129.28932188134468
125.685,39.999999999999794,113.39745962155673
125.685,44.82361909794898,103.40741737109398
125.685,50.00000000000011,100.0
125.685,55.176380902050134,103.4074173710928
125.685,59.9999999999999,113.39745962155584
125.685,64.14213562373058,129.28932188134343
125.685,67.32050807568888,150.00000000000097
125.685,69.31851652578132,174.1180954897471
125.685,70.0,199.99999999999716
125.685,69.31851652578132,225.8819045102529
125.685,67.32050807568888,249.99999999999903
125.685,64.142135623731,270.7106781186546
125.685,60.00000000000039,286.60254037844277
125.685,55.176380902050134,296.5925826289072
125.685,50.00000000000011,300.0
125.685,44.82361909795007,296.5925826289075
125.685,40.000000000000284,286.6025403784447
125.685,35.85786437626916,270.7106781186553
125.685,32.67949192431122,249.99999999999994
125.685,30.681483474218734,225.88190451025395
125.685,30.0,199.99999999999824
125.685,30.681483474218624,174.11809548974813
125.685,32.67949192431101,150.0000000000019
125.685,35.857864376268864,129.2893218813462
125.685,39.999999999999915,113.39745962155638
125.685,44.82361909794966,103.40741737109308
102.4053596065198,49.99999999999967,100.0
65.38560568735123,55.176380902050816,103.40741737109371
36.142291103189045,60.000000000000014,113.39745962155618
19.01476115047793,64.14213562373068,129.2893218813439
30.565656709028634,67.32050807568868,149.99999999999912
60.144577942090926,69.31851652578136,174.11809548974776
70.18034381679503,70.0,200.00000000000068
81.25617574771348,69.31851652578143,225.88190451025082
98.30868698488712,67.3205080756891,249.99999999999716
122.20696700010288,64.1421356237309,270.71067811865504
125.685,60.00000000000027,286.6025403784431
125.685,55.17638090205055,296.59258262890665
125.685,49.99999999999997,300.0
125.685,44.82361909794939,296.5925826289066
125.685,40.00000000000017,286.60254037844436
125.685,35.85786437626947,270.71067811865686
125.685,32.67949192431115,249.99999999999937
125.685,30.681483474218698,225.8819045102533
125.685,30.0,200.0000000000004
125.685,30.68148347421851,174.1180954897502
125.685,32.679491924311364,149.99999999999886
125.685,35.85786437626896,129.2893218813457
125.685,39.999999999999545,113.39745962155746
125.685,44.82361909794979,103.4074173710929
125.685,49.999999999999815,100.0
125.685,55.176380902050404,103.40741737109316
125.685,59.999999999999645,113.39745962155511
125.685,64.14213562373118,129.2893218813464
125.685,67.32050807568874,149.99999999999972
125.685,69.31851652578125,174.11809548974568
125.685,70.0,199.99999999999852
125.685,69.3185165257814,225.88190451025147
125.685,67.32050807568875,250.00000000000023
125.685,64.14213562373119,270.7106781186535
125.685,59.99999999999966,286.6025403784448
125.685,55.17638090205042,296.5925826289068
125.685,50.000000000000405,300.0
125.685,44.82361909794981,296.59258262890717
125.685,40.00000000000005,286.602540378444
125.685,35.85786437626897,270.71067811865436
125.685,32.67949192431137,250.00000000000122
125.685,30.681483474218812,225.88190451025537
125.685,30.0,199.99999999999972
125.685,30.681483474218545,174.11809548974955
125.685,32.679491924311144,150.00000000000074
125.685,35.85786437626905,129.28932188134524
125.685,40.000000000000156,113.3974596215557
125.685,44.823619097949376,103.40741737109346
125.685,49.99999999999938,100.0
125.685,55.17638090205053,103.40741737109333
125.685,59.99999999999976,113.39745962155546
125.685,64.14213562373088,129.2893218813449
125.685,67.32050807568852,149.99999999999784
125.685,69.31851652578143,174.1180954897491
125.685,70.0,199.9999999999992
125.685,69.3185165257815,225.8819045102494
125.685,67.32050807568868,250.0000000000008
125.685,64.1421356237311,270.710678118654
125.685,60.000000000000036,286.6025403784438
125.685,55.17638090205084,296.59258262890626
125.685,49.999999999999694,300.0
125.685,44.823619097949674,296.59258262890694
125.685,40.000000000000426,286.6025403784451
125.685,35.857864376269276,270.7106781186559
90.19140496416532,32.6794919243113,250.00000000000063
93.27436833599586,30.681483474218627,225.88190451025196
99.38760657395875,30.0,200.00000000000188
96.92658807179951,30.68148347421873,174.11809548974614
88.23702244887086,32.67949192431121,150.0000000000001
96.03193080333558,35.85786437626875,129.28932188134675
106.34383450871496,39.99999999999978,113.39745962155678
112.71011913895299,44.8236190979495,103.40741737109327
125.32437235430068,50.000000000000085,100.0
125.685,55.17638090205012,103.40741737109276
125.685,59.99999999999939,113.39745962155438
125.685,64.14213562373098,129.28932188134536
125.685,67.3205080756886,149.99999999999844
125.685,69.31851652578132,174.118095489747
125.685,70.0,199.99999999999991
125.685,69.31851652578132,225.8819045102528
125.685,67.32050807568889,249.99999999999895
125.685,64.1421356237314,270.7106781186525
125.685,59.999999999999915,286.60254037844413
125.685,55.1763809020507,296.5925826289064
125.685,50.00000000000013,300.0
125.685,44.82361909795009,296.5925826289075
125.685,39.999999999999815,286.60254037844334
125.685,35.85786437626918,270.7106781186554
125.685,32.67949192431152,250.0000000000025
125.685,30.68148347421859,225.8819045102513
125.685,30.0,200.00000000000117
125.685,30.681483474218616,174.11809548974824
111.87425567543347,32.679491924310994,150.000000000002
91.95206525096312,35.85786437626925,129.28932188134428
64.08419671512561,39.9999999999999,113.39745962155644
43.321363670316344,44.82361909794909,103.40741737109383
26.02960836853757,49.99999999999966,100.0
15.37410922410151,55.17638090205025,103.40741737109295
8.661000217894545,60.0,113.39745962155614
5.346041521838771,64.14213562373067,129.28932188134382
12.064783482381797,67.32050807568895,150.00000000000148
17.398876300990402,69.31851652578135,174.11809548974767
19.51655936795965,70.0,199.99999999999775
17.797007451741298,69.31851652578143,225.88190451025073
14.933017697915375,67.32050807568882,249.99999999999955
9.756678461783775,64.14213562373091,270.710678118655
4.985455954990588,60.000000000000284,286.60254037844305
1.3714554213828138,55.17638090205112,296.5925826289059
0.0,49.99999999999999,300.0
0.0,44.82361909794996,296.59258262890734
0.6378839738233467,40.000000000000185,286.6025403784444
0.6869656198709871,35.85786437626908,270.7106781186549
1.7024003309335394,32.679491924311165,249.99999999999943
1.2520131148701983,30.681483474218705,225.88190451025338
1.1579158726393235,30.0,200.00000000000333
0.8107742897182854,30.681483474218652,174.11809548974756
1.38896825761366,32.679491924311066,150.0000000000014
2.8033795164830346,35.85786437626894,129.28932188134578
4.038741900539577,40.000000000000014,113.39745962155608
6.559825200894083,44.82361909794977,103.40741737109292
7.112296714496257,49.999999999999794,100.0
9.03143899607336,55.176380902049836,103.4074173710924
13.771426523354785,60.00000000000012,113.39745962155648
19.62031324060347,64.14213562373077,129.28932188134434
38.705433238920286,67.32050807568874,149.99999999999963
29.417435169503385,69.31851652578123,174.1180954897456
35.06165680076687,70.0,200.00000000000128
45.22215553446409,69.3185165257814,225.8819045102514
52.62923191355209,67.32050807568905,249.99999999999767
125.685,64.14213562373081,270.71067811865544
125.685,60.00000000000017,286.60254037844334
125.685,55.17638090205044,296.5925826289068
125.685,50.00000000000042,300.0
125.685,44.823619097949276,296.5925826289064
125.685,40.00000000000007,286.6025403784441
125.685,35.85786437626939,270.71067811865646
125.685,32.67949192431138,250.0000000000013
125.685,30.68148347421867,225.88190451025272
114.84383510401345,30.0,199.9999999999998
100.13333818508379,30.681483474218542,174.11809548974966
110.5746913272128,32.67949192431142,149.99999999999835
97.45037733602669,35.85786437626904,129.2893218813453
83.02698755883894,39.999999999999645,113.39745962155716
56.73652624998162,44.823619097949354,103.40741737109347
43.384497165241385,49.99999999999993,100.0
39.469504939505484,55.17638090205051,103.4074173710933
29.179351016789514,59.999999999999744,113.3974596215554
24.17928558872426,64.14213562373047,129.2893218813428
15.684582307920095,67.32050807568879,150.00000000000023
14.31894604262274,69.31851652578128,174.11809548974625
11.96849311673014,70.0,199.99999999999912
8.34979848645466,69.31851652578136,225.88190451025204
3.3737597222926436,67.32050807568869,250.00000000000074
0.8594838319475252,64.14213562373112,270.71067811865396
0.0,60.00000000000054,286.6025403784423
0.0,55.176380902050305,296.592582628907
0.0,50.000000000000284,300.0
0.0,44.823619097949695,296.592582628907
0.0,40.00000000000044,286.60254037844516
0.0,35.857864376268886,270.71067811865396
0.09810125022056354,32.67949192431131,250.00000000000074
1.718453237555668,30.68148347421878,225.8819045102548
1.8999830533732955,30.0,199.99999999999912
0.006500569588163764,30.681483474218577,174.11809548974898
0.0,32.67949192431121,150.00000000000023
0.0,35.857864376268736,129.28932188134684
0.0,40.000000000000256,113.3974596215554
1.3834405870806123,44.82361909794949,103.4074173710933
2.8267475389793475,49.9999999999995,100.0
3.597021118977991,55.1763809020501,103.40741737109275
6.511002465493931,59.999999999999865,113.39745962155574
6.0879442446535155,64.14213562373097,129.2893218813453
6.074940003246566,67.32050807568858,149.99999999999835
5.244971194527037,69.31851652578146,174.11809548974966
5.3685451098948995,70.0,199.9999999999998
3.6301939626186437,69.31851652578148,225.88190451024997
1.5055762508852533,67.3205080756889,249.99999999999886
0.11241960665352414,64.14213562373101,270.7106781186544
0.0,59.99999999999993,286.6025403784441
0.0,55.176380902050724,296.5925826289064
0.680545590802555,50.00000000000072,300.0
2.6234446369536015,44.82361909794956,296.5925826289068
5.212045999462754,40.00000000000033,286.6025403784448
7.15019047104363,35.85786437626919,270.71067811865544
7.741522341545258,32.67949192431124,250.0000000000001
4.8429803843635835,30.6814834742186,225.8819045102514
2.9891800268540725,30.0,200.00000000000128
0.809951220867124,30.681483474218464,174.11809548975108
0.01574250344763007,32.67949192431127,149.99999999999963
0.010747651592218403,35.85786437626883,129.28932188134632
0.5405138262804391,39.999999999999886,113.39745962155648
0.20554324345299174,44.82361909794907,103.40741737109387
0.0,50.000000000000206,100.0
0.0,55.17638090205023,103.40741737109292
0.0,59.99999999999949,113.39745962155466
0.7224966875051523,64.14213562373106,129.28932188134578
1.25622146984507,67.32050807568865,149.99999999999892
0.6499682129981273,69.31851652578135,174.11809548974756
0.0,70.0,199.99999999999764
0.0,69.31851652578129,225.88190451025338
0.0,67.32050807568883,249.99999999999946
0.0,64.14213562373132,270.71067811865294
0.965072878639194,60.000000000000306,286.602540378443
2.453145674044103,55.17638090205059,296.5925826289066
1.2501240702848149,50.00000000000001,300.0
1.558364344109017,44.82361909794998,296.59258262890734
4.616157046885222,39.999999999999716,286.602540378443
8.54394903958137,35.85786437626909,270.710678118655
8.618604937401297,32.679491924311456,250.000000000002
11.580352066123895,30.68148347421871,225.88190451025346
14.690956527233867,30.0,200.0000000000006
17.430990525430616,30.68148347421865,174.11809548974767
22.080714609131533,32.67949192431105,150.00000000000148
27.15177558150417,35.85786437626852,129.28932188134786
27.72827407359743,40.0,113.39745962155614
26.543423611869947,44.823619097949205,103.40741737109369
31.895742049426932,49.99999999999977,100.0
38.883160151905926,55.17638090205036,103.4074173710931
42.4719659159601,60.0000000000001,113.39745962155644
46.98984690476941,64.14213562373075,129.28932188134425
49.85313529046658,67.32050807568844,149.99999999999707
54.03339492796374,69.31851652578138,174.11809548974824
61.25978036137321,70.0,199.99999999999832
68.83814795540235,69.3185165257814,225.8819045102513
71.48828389792523,67.32050807568905,249.99999999999758
69.93372043189672,64.14213562373082,270.7106781186554
65.52797117065803,60.000000000000185,286.60254037844334
57.34117856270947,55.17638090205101,296.59258262890603
45.24852618992865,49.99999999999987,300.0
38.72281746520418,44.823619097949845,296.59258262890717
36.71539514539214,40.000000000000085,286.60254037844413
32.72318303882369,35.8578643762694,270.7106781186565
33.182162820264196,32.67949192431111,249.99999999999895
24.117420711965252,30.681483474218673,225.8819045102528
20.37629041338134,30.0,200.00000000000276
12.887232390177848,30.681483474218535,174.11809548974975
13.268657668869022,32.67949192431112,150.00000000000088
13.841033188801154,35.85786437626902,129.28932188134536
10.803857077560938,39.99999999999963,113.39745962155722
11.431029846270778,44.82361909794988,103.40741737109276
11.527406736797008,49.999999999999915,100.0
11.501643722227685,55.17638090204994,103.40741737109255
15.99688444010794,59.99999999999973,113.39745962155536
20.767385978737046,64.14213562373085,129.28932188134473
30.39190584618364,67.32050807568879,150.0000000000001
36.041751207734265,69.31851652578126,174.11809548974614
34.863710362863806,70.0,199.9999999999962
35.80543391523039,69.31851652578138,225.88190451025196
37.52093995794335,67.32050807568899,249.99999999999818
31.542753913993078,64.14213562373112,270.71067811865385
21.69643844819661,60.00000000000007,286.6025403784437
18.99905400762738,55.176380902050326,296.59258262890694
20.996042900146517,50.000000000000306,300.0
22.998410124190602,44.823619097950264,296.59258262890773
27.417571871740073,39.999999999999964,286.6025403784438
34.85976393841648,35.857864376269305,270.710678118656
44.82202389883295,32.67949192431132,250.0000000000008
58.92585407998918,30.681483474218638,225.88190451025216
74.22798994572206,30.0,199.9999999999992
85.77593333223554,30.68148347421857,174.11809548974907
95.93077085473588,32.67949192431091,150.00000000000276
111.25569610923873,35.85786437626912,129.2893218813449
121.19665339889228,39.999999999999744,113.39745962155688
122.92973447399622,44.82361909794947,103.40741737109333
125.685,49.99999999999948,100.0
121.14770209335008,55.17638090205008,103.40741737109272
104.95761055941409,59.999999999999844,113.3974596215557
92.5289258720915,64.14213562373095,129.28932188134524
85.88380339862951,67.32050807568885,150.00000000000074
75.00549046786318,69.31851652578146,174.11809548974955
72.87452002966748,70.0,199.99999999999687
75.33229688212091,69.31851652578149,225.88190451024988
75.40647480083001,67.3205080756889,249.99999999999878
72.59801122865382,64.14213562373104,270.71067811865436
69.29542072583307,59.99999999999995,286.602540378444
61.96480648825568,55.17638090205129,296.5925826289057
57.15273966139986,49.999999999999595,300.0
55.69813971831416,44.82361909795013,296.59258262890756
56.71346962183266,40.00000000000034,286.6025403784448
56.53670640889232,35.857864376269205,270.71067811865555
60.53662643141421,32.67949192431125,250.00000000000023
45.88318462671263,30.681483474218602,225.88190451025147
31.38763784563034,30.0,200.0000000000042
26.288055609323266,30.681483474218755,174.11809548974568
22.85403652642075,32.67949192431098,150.00000000000216
18.549359103583384,35.85786437626882,129.2893218813464
14.85624946627137,39.999999999999865,113.39745962155654
12.807079203671679,44.823619097949596,103.40741737109316
12.240933234179543,50.000000000000185,100.0
11.516133801782182,55.176380902049665,103.40741737109215
9.153144595642857,60.000000000000455,113.39745962155746
5.54208779586434,64.14213562373064,129.2893218813437
1.481938725537039,67.32050807568864,149.99999999999886
0.14061557991283424,69.31851652578135,174.11809548974747
0.0,70.0,200.0000000000004
0.0,69.3185165257813,225.8819045102533
0.0,67.32050807568913,249.9999999999969
0.0,64.14213562373133,270.7106781186528
0.4289931187577186,60.00000000000032,286.60254037844294
1.5344556255648247,55.17638090205061,296.5925826289066
2.885146257126174,50.00000000000003,300.0
2.800686987865557,44.82361909794945,296.59258262890665
1.92138045931654,39.99999999999973,286.6025403784431
0.8265840435576423,35.85786437626951,270.71067811865703
0.0,32.67949192431146,250.00000000000207
0.0,30.681483474218712,225.88190451025358
0.0,30.0,200.00000000000068
0.0,30.68148347421864,174.11809548974776
0.0,32.67949192431076,150.00000000000404
0.0,35.85786437626932,129.2893218813439
0.0,39.99999999999949,113.3974596215576
0.0,44.823619097949184,103.40741737109371
0.0,49.99999999999976,100.0
0.0,55.17638090205035,103.40741737109308
0.0,60.000000000000085,113.39745962155638
0.0,64.14213562373034,129.28932188134218
0.0,67.32050807568899,150.0000000000019
1.214224617025166,69.31851652578123,174.1180954897454
2.9437353970471136,70.0,199.99999999999824
4.5878314038384564,69.3185165257814,225.88190451025122
6.416575994501919,67.32050807568878,249.99999999999994
6.720503711180664,64.14213562373084,270.7106781186553
6.996051436391281,60.000000000000696,286.60254037844186
6.962673383196087,55.17638090204993,296.5925826289075
5.923130909398099,50.00000000000046,300.0
4.866649373664112,44.823619097949866,296.59258262890717
4.5843683374119095,40.0000000000001,286.60254037844413
4.741610672497271,35.857864376269006,270.7106781186545
6.644858852138522,32.679491924311115,249.99999999999903
5.882443914212104,30.681483474218826,225.88190451025565
5.132922886568952,30.0,200.00000000000284
4.077406042773681,30.68148347421853,174.11809548974983
3.136493851179574,32.679491924311115,150.00000000000097
2.9164092868919025,35.857864376269006,129.28932188134542
2.9445829366022878,40.0000000000001,113.39745962155584
4.156090694042711,44.823619097949866,103.40741737109279
5.832573605496553,49.999999999999325,100.0
7.442611486810044,55.17638090204993,103.40741737109252
9.174571689837528,59.999999999999716,113.39745962155531
10.711790429939182,64.14213562373084,129.28932188134468
7.487982767716743,67.32050807568878,150.00000000000006
7.606052064089958,69.31851652578112,174.1180954897433
8.35840317583534,70.0,200.00000000000176
9.526982864048605,69.31851652578152,225.88190451024911
9.423822290728335,67.32050807568899,249.9999999999981
9.2579436101515,64.14213562373114,270.7106781186538
8.621451693522607,60.000000000000085,286.6025403784436
9.192207723759001,55.17638090205034,296.59258262890694
10.23607067861749,50.000000000000895,300.0
10.92299757965101,44.823619097949184,296.59258262890626
10.581806837723128,40.000000000000476,286.60254037844527
9.89045259089071,35.85786437626932,270.7106781186561
8.190637704915776,32.67949192431133,250.00000000000088
6.628176166500143,30.68148347421864,225.88190451025224
3.739656207817008,30.0,199.99999999999932
2.654033857529343,30.68148347421842,174.1180954897519
1.8803119258047365,32.67949192431146,149.99999999999793
0.7379519558972154,35.85786437626871,129.28932188134695
0.37572529163347534,39.99999999999973,113.39745962155692
0.75650787684313,44.82361909794945,103.40741737109336
0.978543638965906,50.00000000000003,100.0
0.6930529499568535,55.17638090205061,103.40741737109343
0.7486742267957165,59.99999999999934,113.39745962155423
0.825624603784004,64.14213562373052,129.28932188134314
0.224341150398928,67.32050807568856,149.99999999999818
0.5509473603767647,69.3185165257813,174.1180954897467
1.9888744675005388,70.0,199.9999999999996
3.4269519075324095,69.31851652578135,225.88190451025253
5.048422455545903,67.32050807568864,250.00000000000114
7.033376330000112,64.14213562373145,270.71067811865225
8.507886765585724,60.000000000000455,286.60254037844254
11.499588903407233,55.17638090205076,296.59258262890637
17.29790090569924,50.000000000000185,300.0
24.470834958274203,44.823619097949596,296.5925826289068
31.00702539914086,39.999999999999865,286.60254037844345
36.62814355037302,35.85786437626882,270.7106781186536
36.519799360334986,32.67949192431155,250.00000000000276
40.307657101033456,30.681483474218755,225.88190451025432
44.96415058977334,30.0,200.00000000000148
46.99267278334422,30.681483474218602,174.11809548974853
50.7453119005332,32.67949192431125,149.99999999999977
67.6268263403983,35.8578643762684,129.28932188134849
84.70201938975228,40.00000000000034,113.39745962155516
94.02258066495484,44.823619097949035,103.40741737109391
102.69206926979508,49.999999999999595,100.0
111.63250740912645,55.17638090205019,103.40741737109286
108.29053734894639,59.99999999999995,113.39745962155598
95.92062760775904,64.14213562373104,129.28932188134564
118.22924625888406,67.32050807568835,149.9999999999963
117.00888117372251,69.31851652578149,174.11809548975012
117.13802241623328,70.0,199.99999999999744
111.95698014388547,69.31851652578146,225.88190451025045
98.33988126917895,67.32050807568885,249.99999999999926
84.4272003299853,64.14213562373095,270.71067811865476
71.35321451698364,59.999999999999844,286.6025403784443
60.15794705557303,55.17638090205118,296.5925826289058
52.86679360584539,49.99999999999948,300.0
45.90841120085893,44.823619097950015,296.5925826289074
44.126280887909886,40.00000000000024,286.60254037844453
60.95157019533703,35.85786437626912,270.7106781186551
73.94926730725358,32.67949192431119,249.99999999999972
106.9161925967864,30.68148347421857,225.8819045102509
125.68498209448909,30.0,200.00000000000364
125.685,30.681483474218492,174.1180954897506
125.685,32.67949192431104,150.00000000000165
125.685,35.8578643762689,129.28932188134598
125.685,39.999999999999964,113.39745962155622
125.685,44.82361909794972,103.407417371093
125.685,50.000000000000306,100.0
125.685,55.17638090204978,103.40741737109231
125.685,59.999999999999574,113.3974596215549
125.685,64.14213562373072,129.2893218813441
125.685,67.3205080756887,149.99999999999937
125.685,69.31851652578138,174.11809548974804
125.685,70.0,199.99999999999528
125.685,69.31851652578126,225.88190451025386
125.685,67.32050807568908,249.9999999999974
125.685,64.14213562373125,270.7106781186533
125.685,60.00000000000022,286.6025403784432
125.685,55.1763809020505,296.5925826289067
125.685,49.999999999999915,300.0
125.685,44.823619097950434,296.59258262890796
125.685,39.99999999999963,286.60254037844277
125.685,35.85786437626943,270.71067811865663
125.685,32.67949192431141,250.00000000000156
125.685,30.681483474218684,225.881904510253
125.685,30.0,200.00000000000009
125.685,30.681483474218673,174.1180954897472
125.685,32.679491924310824,150.00000000000352
125.685,35.8578643762694,129.28932188134348
125.685,39.999999999999595,113.3974596215573
96.58620922810168,44.8236190979493,103.40741737109356
66.21229552893912,49.99999999999987,100.0
51.31520147540714,55.17638090205046,103.40741737109323
36.84963943853974,60.000000000000185,113.39745962155668
26.588294300312523,64.14213562373043,129.2893218813426
11.176009220304678,67.32050807568848,149.9999999999975
11.782535997835454,69.31851652578126,174.11809548974597
27.796473903964696,70.0,199.99999999999883
55.26699850532903,69.31851652578138,225.88190451025176
116.09867333687839,67.32050807568872,250.00000000000045
125.685,64.14213562373075,270.7106781186557
125.685,60.0000000000006,286.60254037844214
125.685,55.17638090205091,296.59258262890614
125.685,50.00000000000034,300.0
125.685,44.82361909794975,296.59258262890705
125.685,40.0,286.60254037844385
125.685,35.85786437626973,270.71067811865817
125.685,32.67949192431105,249.99999999999852
125.685,30.681483474218794,225.88190451025508
125.685,30.0,200.00000000000225
125.685,30.681483474218563,174.11809548974927
125.685,32.67949192431117,150.00000000000045
125.685,35.85786437626909,129.28932188134502
113.82409752325162,39.99999999999922,113.39745962155838
113.15702185410645,44.82361909794998,103.40741737109265
102.78934156159852,49.99999999999944,100.0
101.61078092949964,55.17638090205004,103.40741737109266
105.74508002370692,59.999999999999815,113.3974596215556
106.18182862131486,64.14213562373092,129.28932188134507
125.685,67.32050807568883,150.00000000000057
125.685,69.31851652578115,174.1180954897439
125.685,70.0,200.00000000000236
125.685,69.31851652578149,225.88190451024968
125.685,67.32050807568893,249.9999999999986
125.685,64.14213562373106,270.7106781186542
125.685,59.999999999999986,286.6025403784439
125.685,55.17638090205023,296.59258262890705
112.02898976064392,50.000000000000774,300.0
56.07570827354438,44.823619097950164,296.5925826289076
24.641499560409077,40.00000000000037,286.6025403784449
9.652812069450794,35.857864376269234,270.71067811865566
6.821700655722736,32.67949192431127,250.00000000000037
4.830233896566377,30.681483474218613,225.88190451025167
6.298459252828199,30.0,199.99999999999872
11.569011033580166,30.68148347421845,174.11809548975137
8.9491628445804,32.67949192431096,150.00000000000233
14.966838988921348,35.85786437626879,129.28932188134655
13.212664974306444,39.99999999999983,113.39745962155664
6.525973667372799,44.82361909794956,103.4074173710932
14.323831155796015,49.99999999999901,100.0
39.596940884304615,55.176380902050724,103.40741737109357
78.70423978801418,59.99999999999944,113.39745962155452
106.996129195141,64.14213562373061,129.28932188134357
125.685,67.32050807568862,149.9999999999987
125.685,69.31851652578133,174.11809548974728
125.685,70.0,200.0000000000002
125.685,69.3185165257816,225.8819045102476
125.685,67.32050807568858,250.00000000000165
125.685,64.14213562373136,270.7106781186527
125.685,60.000000000000355,286.6025403784428
125.685,55.176380902050646,296.59258262890654
125.685,50.00000000000007,300.0
125.685,44.82361909794949,296.5925826289067
125.685,40.000000000000746,286.602540378446
125.685,35.857864376268736,270.71067811865316
125.685,32.679491924311485,250.00000000000225
125.685,30.681483474218723,225.88190451025375
125.685,30.0,200.00000000000088
125.685,30.681483474218634,174.11809548974796
125.685,32.67949192431131,149.99999999999926
125.685,35.85786437626848,129.2893218813481
125.685,39.99999999999946,113.3974596215577
109.37061901808036,44.82361909794915,103.40741737109376
93.48141603687101,49.999999999999716,100.0
84.89734866164665,55.176380902050305,103.40741737109302
86.14334368085817,60.00000000000005,113.39745962155628
92.843565631111,64.14213562373112,129.28932188134607
98.37460865554867,67.32050807568841,149.99999999999682
95.24098859162201,69.31851652578122,174.1180954897452
84.9983061226256,70.0,199.99999999999804
78.99242975489545,69.31851652578142,225.88190451025102
66.69831014810765,67.32050807568879,249.99999999999977
55.41971875220245,64.14213562373087,270.7106781186552
44.575531904379744,59.999999999999744,286.6025403784446
36.84834083087054,55.176380902051065,296.592582628906
30.35034451237083,50.0000000000005,300.0
23.455051781269137,44.8236190979499,296.5925826289073
16.68419263083172,40.000000000000135,286.60254037844425
12.089400609570735,35.857864376269035,270.7106781186547
11.346908055736677,32.679491924311705,250.00000000000412
16.730691120411937,30.681483474218542,225.88190451025034
18.929098731530374,30.0,200.00000000000304
21.36081873492871,30.68148347421852,174.11809548975003
15.683556965846599,32.679491924311094,150.00000000000114
8.591908957760387,35.857864376268985,129.2893218813456
8.501025244441811,40.00000000000007,113.39745962155594
8.978134300741123,44.82361909794873,103.40741737109433
8.574017674737652,50.00000000000042,100.0
8.820072931696991,55.17638090204989,103.40741737109246
9.92928750359559,59.99999999999968,113.39745962155521
9.86528365798615,64.14213562373081,129.28932188134456
8.874818106418838,67.32050807568876,149.9999999999999
8.465973856236843,69.3185165257814,174.1180954897486
14.178319504060562,70.0,199.99999999999588
19.533822352067766,69.31851652578123,225.88190451025443
18.85892679383268,67.32050807568902,249.99999999999793
17.401992521130488,64.14213562373116,270.7106781186537
18.309519092678244,60.000000000000114,286.6025403784435
23.505312431684388,55.17638090205038,296.5925826289069
22.9860874155463,49.999999999999794,300.0
17.456038461224622,44.82361909795032,296.5925826289078
9.632804901493516,40.00000000000051,286.6025403784453
7.931238033263417,35.85786437626935,270.71067811865623
17.532012294872963,32.67949192431135,250.00000000000108
19.921088866762144,30.681483474218652,225.88190451025244
16.33321016990675,30.0,199.99999999999952
13.870478406833254,30.681483474218705,174.11809548974662
13.434293431715442,32.67949192431088,150.000000000003
10.952164343596003,35.85786437626868,129.2893218813471
5.685532731389965,39.999999999999694,113.39745962155702
3.5770868060926153,44.82361909794941,103.4074173710934
2.8014275114148375,49.99999999999999,100.0
1.425241258509134,55.17638090204947,103.40741737109191
0.7495344317633814,60.000000000000284,113.39745962155698
0.9495551948741909,64.1421356237305,129.28932188134303
2.2497579774697707,67.32050807568854,149.999999999998
4.125167006531906,69.31851652578129,174.11809548974654
5.564282761192239,70.0,199.9999999999994
4.52932616194726,69.31851652578135,225.88190451025233
3.2222999712498592,67.32050807568923,249.99999999999605
3.756884033505189,64.14213562373067,270.7106781186562
4.0150024607019805,60.0000000000005,286.6025403784424
4.20473365827697,55.176380902050795,296.5925826289063
6.821355709235937,50.00000000000023,300.0
12.172130587032171,44.82361909794964,296.5925826289069
20.282209421194846,39.9999999999999,286.60254037844356
35.13314805202121,35.857864376269646,270.71067811865777
19.123539350513884,32.679491924310994,249.999999999998
22.548640861222747,30.681483474218766,225.88190451025451
30.608101592673357,30.0,200.00000000000168
42.03609205558388,30.68148347421859,174.1180954897487
55.898892274048215,32.679491924311236,149.99999999999994
72.89470668067285,35.85786437626918,129.28932188134462
74.42259359653816,39.99999999999932,113.3974596215581
55.56163876354812,44.82361909794899,103.40741737109397
28.877552004106647,49.99999999999956,100.0
19.40152878144053,55.176380902050155,103.40741737109282
11.549240374268868,59.999999999999915,113.3974596215559
6.90024153271828,64.14213562373101,129.28932188134553
5.766444676424899,67.32050807568889,150.00000000000105
10.582114161923107,69.31851652578118,174.11809548974443
16.36663984923944,70.0,199.99999999999724
24.723903078761598,69.31851652578146,225.88190451025025
42.99873221059815,67.32050807568888,249.99999999999912
65.95624082041044,64.14213562373098,270.71067811865464
73.57381441887321,60.00000000000087,286.60254037844135
82.7708768230035,55.17638090205012,296.5925826289072
85.52268808088729,50.000000000000654,300.0
85.21936084736647,44.82361909795006,296.59258262890745
101.66820600271507,40.00000000000027,286.60254037844464
112.52979193642585,35.85786437626915,270.71067811865527
108.12265474766122,32.67949192431121,249.9999999999999
103.9078751734664,30.681483474218876,225.8819045102566
104.20852868106286,30.0,199.99999999999812
103.50634006346283,30.68148347421848,174.11809548975077
125.685,32.679491924311016,150.00000000000182
125.685,35.85786437626887,129.28932188134613
125.685,39.99999999999895,113.39745962155916
125.685,44.823619097949674,103.40741737109305
125.685,50.00000000000026,100.0
125.685,55.176380902049736,103.40741737109227
125.685,59.999999999999545,113.39745962155482
125.685,64.1421356237315,129.289321881348
125.685,67.32050807568868,149.9999999999992
125.685,69.31851652578136,174.11809548974784
125.685,70.0,199.9999999999951
125.685,69.31851652578158,225.88190451024818
125.685,67.32050807568852,250.00000000000216
125.685,64.14213562373128,270.7106781186531
125.685,60.000000000000256,286.6025403784431
125.685,55.17638090205053,296.59258262890665
125.685,50.00000000000109,300.0
125.685,44.823619097949376,296.59258262890654
125.685,39.99999999999966,286.6025403784429
125.685,35.857864376269454,270.7106781186568
125.685,32.67949192431143,250.00000000000173
116.52902407021669,30.68148347421899,225.88190451025866
84.72850352964059,30.0,200.00000000000028
84.88621943052735,30.681483474218663,174.11809548974736
62.599432979175866,32.6794919243108,150.0000000000037
65.00309700677177,35.857864376268566,129.28932188134763
80.87168104003466,40.00000000000054,113.39745962155456
76.09252435575527,44.82361909794926,103.40741737109362
68.73673768295846,49.99999999999984,100.0
58.87955623961137,55.17638090205042,103.40741737109317
48.87902670652716,59.99999999999917,113.39745962155374
37.941001508991256,64.14213562373119,129.2893218813465
34.66100067712237,67.32050807568847,149.99999999999733
41.085940834225234,69.31851652578125,174.11809548974577
52.3736420433049,70.0,199.99999999999864
81.52953324404132,69.31851652578169,225.8819045102461
86.34653554563066,67.32050807568874,250.00000000000028
88.82920063137773,64.14213562373078,270.7106781186556
114.19482642470633,60.000000000000625,286.60254037844203
115.70548809009067,55.17638090205095,296.59258262890614
121.8705715808091,49.99999999999925,300.0
113.57087218602379,44.82361909794979,296.5925826289071
110.70723975667117,40.000000000000036,286.60254037844396
94.2639637585774,35.85786437626976,270.7106781186583
46.99545367514555,32.67949192431165,250.0000000000036
40.432714288851166,30.68148347421851,225.8819045102498
43.86747835607081,30.0,200.00000000000244
50.49557473598241,30.681483474218552,174.11809548974946
59.363077268061204,32.67949192431115,150.00000000000063
59.22524496205248,35.85786437626826,129.28932188134917
62.48539342549504,40.00000000000017,113.39745962155564
76.2127207097834,44.82361909794994,103.40741737109269
86.09405998336769,49.9999999999994,100.0
95.44666725170711,55.176380902050006,103.40741737109262
92.54892669298444,59.99999999999879,113.39745962155266
90.37047533878196,64.1421356237309,129.28932188134496
75.68217339002815,67.32050807568882,150.0000000000004
66.705667236281,69.31851652578113,174.1180954897437
51.88001695109043,70.0,199.99999999999648
39.32368456425366,69.3185165257812,225.881904510255
32.2057944843988,67.32050807568896,249.99999999999844
28.507139350127474,64.1421356237311,270.7106781186541
23.417890212795214,60.000000000000014,286.6025403784438
18.647151764476245,55.17638090205136,296.5925826289056
16.985977573510194,49.99999999999967,300.0
17.605538807445065,44.82361909795021,296.5925826289077
21.607391899602206,40.000000000000405,286.60254037844504
22.96926305893593,35.85786437626926,270.7106781186558
23.59853358400913,32.67949192431186,250.00000000000546
19.981999844733043,30.681483474218624,225.88190451025187
20.066290960478664,30.0,199.99999999999892
24.225286052821772,30.68148347421844,174.11809548975154
30.458904946463896,32.67949192431094,150.0000000000025
49.42530220050375,35.85786437626957,129.2893218813427
67.69682010348222,39.999999999999794,113.39745962155672
72.52736248579619,44.823619097949525,103.40741737109326
66.1654839366545,49.99999999999897,100.0
58.39534749360877,55.17638090204959,103.40741737109205
49.605392039390885,60.00000000000039,113.39745962155726
40.14462840422782,64.14213562373058,129.28932188134343
31.753098937691927,67.3205080756886,149.99999999999852
26.910039835193043,69.31851652578132,174.1180954897471
25.62795105022365,70.0,199.99999999999432
22.98806697656692,69.31851652578132,225.8819045102529
21.307443240693605,67.3205080756886,250.00000000000148
21.46346725905814,64.14213562373139,270.71067811865254
24.469103842016064,60.00000000000039,286.60254037844277
25.475707693827495,55.17638090205178,296.592582628905
30.848881101563453,50.00000000000011,300.0
43.80353415416987,44.823619097949525,296.5925826289067
52.21590823331953,40.00000000000078,286.6025403784461
54.48469316599753,35.85786437626957,270.7106781186573
60.453476422112224,32.67949192431094,249.9999999999975
35.89209850758824,30.681483474218734,225.88190451025395
15.148994314968114,30.0,200.00000000000108
7.215417912207826,30.681483474218624,174.11809548974813
3.027311131386652,32.679491924310724,150.00000000000438
1.3741813607923876,35.85786437626926,129.2893218813442
2.3874804612541745,39.999999999999424,113.3974596215578
5.485750451428128,44.823619097949106,103.40741737109381
7.563541845753853,49.99999999999967,100.0
7.348318559686974,55.17638090204917,103.4074173710915
6.384304522809619,60.000000000000014,113.39745962155618
5.309918319760095,64.14213562373108,129.28932188134593
6.7985938655156,67.3205080756884,149.99999999999665
7.002411703208854,69.3185165257812,174.118095489745
5.838238601696937,70.0,200.00000000000352
6.695508840491145,69.31851652578143,225.88190451025082
8.320625009983445,67.32050807568882,249.9999999999996
11.077658657707596,64.1421356237309,270.71067811865504
12.222178610932502,60.00000000000077,286.60254037844163
11.463717590030273,55.17638090205,296.5925826289074
10.817424680875678,50.00000000000054,300.0
9.28851453216553,44.82361909794994,296.5925826289073
8.641542625236804,40.00000000000017,286.60254037844436
8.143074319386995,35.85786437626987,270.71067811865885
8.259072104984266,32.67949192431115,249.99999999999937
6.1666683032692085,30.681483474218552,225.88190451025054
6.916920398523841,30.0,200.00000000000324
10.512318011903195,30.68148347421851,174.1180954897502
14.251036694746757,32.67949192431165,149.9999999999964
17.355461466594306,35.85786437626896,129.2893218813457
20.13576916532598,40.000000000000036,113.39745962155604
28.175579821283964,44.82361909794869,103.40741737109437
35.984076231028894,49.99999999999925,100.0
38.741906062459776,55.17638090205095,103.40741737109389
37.37107004095299,59.999999999999645,113.39745962155511
41.51169453170301,64.14213562373078,129.2893218813444
51.86179973273421,67.32050807568874,149.99999999999972
49.40755403828392,69.31851652578109,174.11809548974293
42.45808107320924,70.0,200.00000000000136
38.20920067381363,69.31851652578125,225.88190451025423
38.95079994177639,67.32050807568903,249.99999999999775
41.937101164426394,64.14213562373119,270.7106781186535
44.931855474377926,60.00000000000114,286.6025403784406
50.095974501857135,55.17638090205042,296.5925826289068
50.150822737485505,49.99999999999984,300.0
45.22658417371421,44.823619097950356,296.59258262890785
42.61173706611377,40.00000000000054,286.60254037844544
43.56786748351577,35.857864376268566,270.71067811865237
38.55011335759871,32.67949192431137,250.00000000000122
39.34061609513804,30.681483474218663,225.8819045102526
38.00990844188772,30.0,199.99999999999972
39.023049908152146,30.6814834742184,174.1180954897523
44.72750655083938,32.67949192431143,149.99999999999827
58.71824678431937,35.85786437626865,129.28932188134723
75.47076273680706,39.99999999999966,113.39745962155712
80.34104325057329,44.823619097949376,103.40741737109346
73.38150643859072,49.99999999999881,100.0
65.24755124641817,55.17638090205053,103.40741737109333
60.8712138833495,60.000000000000256,113.39745962155688
57.47649156760077,64.14213562373048,129.28932188134286
55.50183930597001,67.32050807568852,149.99999999999784
58.38358344618636,69.31851652578158,174.11809548975182
58.88073905441608,70.0,199.9999999999992
54.55002041839133,69.31851652578136,225.88190451025216
52.95225619221505,67.32050807568925,249.99999999999588
47.57225067550456,64.1421356237315,270.710678118652
41.04850798086209,59.999999999999545,286.6025403784452
33.91658558350298,55.17638090205084,296.59258262890626
28.594402176923847,50.00000000000026,300.0
29.547453744857624,44.823619097949674,296.59258262890694
32.878394299161805,40.00000000000092,286.6025403784465
28.823966820125243,35.85786437626887,270.71067811865385
20.31660395828017,32.679491924311016,249.99999999999818
13.65354575045687,30.681483474218776,225.8819045102547
10.275791004126223,30.0,200.00000000000185
11.731213124262595,30.681483474218286,174.11809548975438
16.43057604537508,32.67949192431121,150.0000000000001
22.392753990407083,35.85786437626915,129.28932188134473
24.833759211701796,39.99999999999929,113.3974596215582
28.07990969093966,44.823619097948956,103.40741737109401
32.47956703201795,50.000000000000654,100.0
39.71966226408204,55.17638090205012,103.40741737109276
44.016670111402796,59.99999999999988,113.3974596215558
45.504135157745075,64.14213562373098,129.28932188134536
31.366086577623495,67.32050807568831,149.99999999999596
33.84707345235581,69.31851652578146,174.11809548974975
35.590162313733266,70.0,199.99999999999707
35.11928125783351,69.31851652578148,225.88190451025005
37.837797699284046,67.32050807568889,249.99999999999895
38.6974859347263,64.1421356237318,270.7106781186505
45.197553814102335,59.999999999999915,286.60254037844413
46.73382465964603,55.176380902050155,296.59258262890717
39.986155540706044,50.000000000000696,300.0
53.30070827261843,44.82361909795009,296.5925826289075
65.8782367509343,39.99999999999932,286.6025403784419
64.26502739773963,35.85786437626918,270.7106781186554
50.66547026927168,32.679491924311236,250.00000000000006
48.30790933630032,30.681483474218886,225.8819045102568
39.335347113190885,30.0,200.000000000004
32.0135602725693,30.681483474218766,174.11809548974549
28.85237194900013,32.679491924310994,150.000000000002
29.17975001966751,35.85786437626884,129.28932188134627
26.191204576464738,39.9999999999999,113.39745962155644
26.858479560705696,44.82361909794854,103.40741737109457
27.92597314995604,50.00000000000023,100.0
27.82769848694995,55.176380902050795,103.40741737109369
28.102469944233224,59.99999999999951,113.39745962155472
26.452163647693393,64.14213562373067,129.28932188134382
28.66456400697121,67.3205080756881,149.9999999999941
27.621606244217187,69.31851652578135,174.11809548974767
25.83791633091026,70.0,200.0000000000006
21.678759928219296,69.31851652578159,225.88190451024798
21.30803928387489,67.3205080756891,249.99999999999707
17.85350197392226,64.1421356237305,270.710678118657
18.898100738784418,60.000000000000284,286.60254037844305
21.636782361389734,55.17638090205057,296.5925826289066
20.817357375248534,49.99999999999999,300.0
18.1522790739906,44.823619097950505,296.5925826289081
15.273710075529522,39.999999999999694,286.602540378443
12.05110149245371,35.85786437626948,270.7106781186569
5.136320042097845,32.67949192431145,250.0000000000019
2.062440579316574,30.681483474218705,225.88190451025338
0.9409478668275693,30.0,200.00000000000617
1.523174464738975,30.681483474218652,174.11809548974756
3.837983167027017,32.67949192431135,149.99999999999892
5.418382476333363,35.85786437626854,129.2893218813478
7.253097775859272,39.999999999999524,113.3974596215575
9.169061809485422,44.82361909795032,103.4074173710922
9.11697487056077,49.999999999999794,100.0
7.708345503691839,55.17638090205038,103.40741737109312
5.971915760229195,59.99999999999913,113.39745962155364
6.122588789835325,64.14213562373037,129.28932188134232
16.792942870625293,67.32050807568902,150.00000000000207
22.516045851715543,69.31851652578123,174.1180954897456
31.88086272286471,70.0,199.99999999999844
38.03689267989627,69.3185165257814,225.8819045102514
34.87905200280849,67.32050807568933,249.9999999999952
31.448152285664598,64.14213562373081,270.71067811865544
22.953818891799216,59.99999999999967,286.6025403784448
11.848942278095508,55.17638090205099,296.59258262890603
5.190231615690773,50.00000000000042,300.0
2.0235233945178366,44.823619097950925,296.59258262890864
0.7874152547742819,40.00000000000007,286.6025403784441
1.314764620135574,35.857864376268985,270.7106781186544
14.83425433580804,32.67949192431166,250.00000000000378
34.818517293121054,30.681483474218815,225.88190451025545
59.712957534295505,30.0,199.99999999999696
98.85753814198229,30.681483474218542,174.11809548974966
125.685,32.67949192431114,150.0000000000008
125.685,35.85786437626904,129.2893218813453
125.685,39.99999999999915,113.39745962155858
115.25109624793001,44.8236190979499,103.40741737109275
124.76006854238642,49.99999999999936,100.0
125.685,55.176380902049964,103.40741737109256
125.685,59.999999999999744,113.3974596215554
125.685,64.14213562373006,129.2893218813408
73.62971381124726,67.32050807568879,150.00000000000023
75.98619108325246,69.31851652578142,174.11809548974898
77.49199353682675,70.0,199.99999999999628
77.78841239103615,69.31851652578152,225.8819045102493
65.82561283779522,67.32050807568841,250.00000000000318
60.85912816919621,64.14213562373112,270.71067811865396
55.205036017048705,60.00000000000005,286.60254037844373
37.56666441315483,55.176380902051406,296.5925826289055
27.399796333159404,50.00000000000085,300.0
24.85228692920121,44.82361909794915,296.59258262890626
23.382375671100394,40.00000000000044,286.60254037844516
23.023468986653832,35.85786437626929,270.71067811865595
33.668592410265134,32.67949192431131,250.00000000000074
35.113658221144696,30.681483474218926,225.88190451025753
32.619528218430325,30.0,199.99999999999912
31.99033875800933,30.681483474218723,174.11809548974625
31.56663057551988,32.67949192431092,150.00000000000267
33.18534971772536,35.857864376268736,129.28932188134684
37.871454950369305,39.99999999999878,113.39745962155966
36.3344142749023,44.82361909794949,103.4074173710933
29.21920738473219,50.00000000000007,100.0
22.39694015057902,55.17638090204955,103.40741737109201
17.98411601016647,59.999999999999375,113.39745962155432
14.771138672637145,64.14213562373136,129.2893218813473
17.201606866443687,67.32050807568858,149.99999999999835
10.93631455292922,69.31851652578132,174.1180954897469
3.7793543957773728,70.0,199.9999999999998
0.0,69.31851652578163,225.8819045102472
0.0,67.32050807568862,250.0000000000013
0.0,64.14213562373142,270.7106781186524
0.0,60.000000000000426,286.60254037844265
2.958801970991495,55.176380902050724,296.5925826289064
9.175533707615745,50.000000000001286,300.0
18.04377395835429,44.82361909794956,296.5925826289068
28.87595547894965,39.99999999999983,286.60254037844334
38.04408354895832,35.85786437626959,270.7106781186575
37.83056644224414,32.67949192431153,250.0000000000026
37.63645176687095,30.68148347421845,225.88190451024863
37.57526938215649,30.0,200.00000000000128
43.9960655940441,30.681483474218613,174.11809548974833
51.89875119634944,32.6794919243107,150.00000000000455
55.57934714445383,35.85786437626843,129.28932188134837
59.407189778067185,40.00000000000038,113.39745962155506
68.7236763374703,44.82361909794907,103.40741737109387
76.59178642362198,49.99999999999964,100.0
85.94850126685482,55.17638090205023,103.40741737109292
89.39176608401038,59.999999999999,113.39745962155324
83.93861410620781,64.14213562373106,129.28932188134578
62.349099938955185,67.32050807568893,150.0000000000014
62.79343299652458,69.3185165257812,174.11809548974483
65.448061421541,70.0,199.99999999999764
48.7493614108514,69.31851652578175,225.88190451024514
37.73936911950053,67.32050807568883,249.99999999999946
30.451297828802854,64.14213562373092,270.71067811865487
25.438044609972664,60.000000000000796,286.6025403784416
23.75166115159421,55.176380902051136,296.59258262890586
20.43506116806006,49.99999999999944,300.0
15.154720126019265,44.82361909794998,296.59258262890734
16.835662387217845,40.0000000000002,286.6025403784445
15.249023572352508,35.85786437626909,270.710678118655
12.922196824772833,32.67949192431174,250.00000000000446
11.945001669732218,30.681483474218563,225.88190451025073
18.395138315237368,30.0,200.00000000000344
27.22826467156115,30.6814834742185,174.1180954897504
33.20840941746273,32.67949192431105,150.00000000000148
39.116301689294616,35.857864376268125,129.28932188134988
60.27468244830783,40.0,113.39745962155614
82.92824317005172,44.82361909794975,103.40741737109295
103.89532040855676,49.999999999999204,100.0
125.685,55.176380902049814,103.40741737109236
125.685,60.0000000000006,113.39745962155786
125.685,64.14213562373075,129.28932188134425
125.685,67.32050807568872,149.99999999999955
109.18147754673855,69.31851652578109,174.11809548974276
79.7793102555882,70.0,199.99999999999548
57.07990085300029,69.31851652578126,225.88190451025403
62.50663895741807,67.32050807568905,249.99999999999758
81.39135089255319,64.14213562373122,270.7106781186534
104.0418042052337,60.000000000000185,286.60254037844334
125.685,55.176380902051555,296.5925826289053
125.685,49.99999999999987,300.0
125.685,44.8236190979493,296.5925826289064
125.685,40.000000000000576,286.6025403784455
125.685,35.8578643762694,270.7106781186565
125.685,32.67949192431196,250.0000000000063
125.685,30.681483474218673,225.8819045102528
125.685,30.0,199.99999999999991
125.685,30.68148347421839,174.11809548975248
125.685,32.67949192431084,150.00000000000335
125.685,35.85786437626943,129.28932188134337
125.685,39.99999999999963,113.39745962155722
125.685,44.82361909794933,103.4074173710935
125.685,49.999999999999915,100.0
125.685,55.176380902049395,103.40741737109181
125.685,60.00000000000022,113.39745962155678
125.685,64.14213562373044,129.28932188134274
103.17818254115535,67.32050807568851,149.99999999999767
70.22430535117518,69.31851652578126,174.11809548974614
54.664863040358476,70.0,199.99999999999335
49.68603536121464,69.31851652578138,225.88190451025196
40.69765987028459,67.3205080756887,250.00000000000063
26.030820139505806,64.14213562373153,270.71067811865186
14.556588128928782,60.00000000000056,286.60254037844226
8.946347466845216,55.17638090204978,296.5925826289077
3.510165067664992,50.000000000000306,300.0
0.9456990137503954,44.82361909794972,296.592582628907
0.24014903028319873,39.999999999999964,286.6025403784438
0.0,35.8578643762697,270.71067811865805
0.21089169466034732,32.67949192431104,249.99999999999835
3.7569270593997866,30.681483474218783,225.88190451025488
6.249100623098334,30.0,200.00000000000205
7.184662363673184,30.68148347421857,174.11809548974907
11.117098203619832,32.679491924310625,150.00000000000523
8.449303740441723,35.85786437626912,129.2893218813449
3.5404435488420494,40.00000000000024,113.39745962155546
1.5601288622448248,44.82361909794892,103.40741737109407
0.27502555035046483,49.99999999999948,100.0
0.9266479302072994,55.17638090205118,103.40741737109418
2.226929700421881,59.999999999999844,113.3974596215557
5.741144260409173,64.14213562373095,129.28932188134524
10.717314365699202,67.32050807568828,149.9999999999958
29.184150363698926,69.31851652578116,174.11809548974406
40.3006986128088,70.0,200.00000000000256
59.89643657364502,69.31851652578149,225.88190451024988
85.32005921348022,67.3205080756889,249.99999999999878
111.92192653276031,64.14213562373104,270.71067811865436
116.6052658498993,60.00000000000093,286.6025403784412
110.62528124358855,55.17638090205019,296.59258262890717
102.26144117753275,49.999999999999595,300.0
99.33575454563127,44.82361909795013,296.59258262890756
125.685,40.00000000000034,286.6025403784448
125.685,35.85786437627001,270.71067811865953
117.40915262524312,32.67949192431125,250.00000000000023
105.94816325041366,30.681483474218602,225.88190451025147
122.04323287641034,30.0,200.0000000000042
125.685,30.68148347421846,174.11809548975117
125.685,32.67949192431155,149.99999999999724
125.685,35.85786437626882,129.2893218813464
125.685,39.999999999999865,113.39745962155654
125.685,44.823619097949596,103.40741737109316
125.685,49.99999999999905,100.0
125.685,55.17638090205076,103.40741737109363
125.685,59.999999999999474,113.39745962155462
125.685,64.14213562373064,129.2893218813437
125.685,67.32050807568864,149.99999999999886
125.685,69.31851652578105,174.118095489742
125.685,70.0,200.0000000000004
125.685,69.3185165257813,225.8819045102533
125.685,67.32050807568913,249.9999999999969
125.685,64.14213562373133,270.7106781186528
125.685,59.99999999999934,286.6025403784458
125.685,55.17638090205061,296.5925826289066
125.685,50.00000000000003,300.0
125.685,44.82361909795055,296.59258262890813
125.685,40.00000000000071,286.60254037844595
125.685,35.85786437626871,270.71067811865305
125.685,32.67949192431146,250.00000000000207
125.685,30.681483474218712,225.88190451025358
125.685,30.0,200.00000000000068
125.685,30.68148347421835,174.11809548975324
125.685,32.67949192431133,149.99999999999912
125.685,35.85786437626932,129.2893218813439
125.685,39.99999999999949,113.3974596215576
125.685,44.823619097949184,103.40741737109371
125.685,49.99999999999862,100.0
125.685,55.17638090205035,103.40741737109308
125.685,60.000000000000085,113.39745962155638
125.685,64.14213562373034,129.28932188134218
125.685,67.32050807568842,149.999999999997
125.685,69.31851652578152,174.11809548975089
125.685,70.0,199.99999999999824
125.685,69.3185165257814,225.88190451025122
125.685,67.32050807568878,249.99999999999994
125.685,64.14213562373163,270.7106781186513
125.685,59.999999999999716,286.6025403784447
123.54487361911781,55.17638090205102,296.59258262890603
125.685,50.00000000000046,300.0
125.685,44.823619097949866,296.59258262890717
125.685,40.00000000000109,286.602540378447
125.685,35.857864376269006,270.7106781186545
125.24781676128013,32.679491924311115,249.99999999999903
103.85433528195719,30.681483474218826,225.88190451025565
83.7970941778825,30.0,200.00000000000284
83.29417136597733,30.681483474218826,174.11809548974435
81.21075676042436,32.679491924311115,150.00000000000097
93.46631622782517,35.857864376269006,129.28932188134544
90.99470005822137,39.99999999999912,113.39745962155868
121.743027778197,44.823619097948765,103.40741737109427
125.685,50.00000000000046,100.0
122.38738184992071,55.17638090204993,103.40741737109252
107.60176833506299,59.999999999999716,113.39745962155531
102.30463269802753,64.14213562373084,129.28932188134468
86.29762216318181,67.32050807568821,149.9999999999951
59.82315572928376,69.3185165257814,174.11809548974878
42.028006114019924,70.0,200.00000000000176
30.395670427755896,69.31851652578152,225.88190451024911
28.225263672866273,67.32050807568899,249.9999999999981
25.704335158316844,64.14213562373195,270.71067811864975
19.958493738177882,60.000000000000085,286.6025403784436
9.73794420862858,55.17638090205034,296.59258262890694
3.1465198034709823,50.00000000000089,300.0
0.5026887601177651,44.82361909795028,296.59258262890773
0.0,39.99999999999949,286.6025403784424
0.0,35.85786437626932,270.7106781186561
1.978061001010837,32.67949192431133,250.00000000000088
11.172867630678914,30.68148347421864,225.88190451025224
22.58144453013752,30.0,200.000000000005
29.239428698538955,30.681483474218712,174.11809548974642
37.015419552418386,32.679491924310895,150.00000000000284
43.327483202636024,35.85786437626871,129.28932188134695
38.4324296573024,39.99999999999973,113.39745962155692
30.2084943629145,44.82361909794835,103.40741737109482
25.159151229713434,50.00000000000003,100.0
24.788007877397753,55.17638090205061,103.40741737109343
34.687751681596055,59.99999999999934,113.39745962155423
62.603596243710165,64.14213562373052,129.28932188134314
81.91188428773043,67.32050807568913,150.0000000000031
88.92208675164686,69.3185165257813,174.1180954897467
90.25055589337047,70.0,199.9999999999996
98.34863531392443,69.31851652578163,225.88190451024704
125.685,67.3205080756892,249.99999999999622
125.685,64.14213562373064,270.7106781186563
125.685,60.000000000000455,286.60254037844254
125.685,55.17638090205076,296.59258262890637
125.685,50.000000000000185,300.0
125.685,44.8236190979507,296.5925826289083
125.685,39.999999999999865,286.60254037844345
125.685,35.85786437626882,270.7106781186536
125.685,32.67949192431155,250.00000000000276
125.685,30.681483474218755,225.88190451025432
125.685,30.0,200.00000000000716
125.685,30.681483474218602,174.11809548974853
125.685,32.67949192431125,149.99999999999977
125.685,35.8578643762684,129.28932188134849
125.685,39.99999999999936,113.397459621558
125.685,44.82361909795013,103.40741737109245
125.685,49.999999999999595,100.0
125.685,55.17638090205019,103.40741737109286
125.685,59.99999999999995,113.39745962155598
125.685,64.14213562373023,129.2893218813416
125.685,67.3205080756889,150.00000000000122
125.685,69.31851652578119,174.11809548974463
125.685,70.0,199.99999999999744
125.685,69.31851652578146,225.88190451025045
102.7649364748971,67.32050807568942,249.99999999999434
96.63870159885155,64.14213562373095,270.71067811865476
100.77236705101804,59.999999999999844,286.6025403784443
88.65977125739593,55.17638090205118,296.5925826289058
62.278283595834786,50.00000000000062,300.0
64.73775813396541,44.82361909794892,296.5925826289059
63.35314839435166,40.00000000000024,286.60254037844453
51.653533930716264,35.85786437626912,270.7106781186551
54.74376817746344,32.67949192431176,250.00000000000463
38.438651162577784,30.681483474218865,225.8819045102564
28.342459635211547,30.0,199.99999999999795
22.58309091928725,30.681483474218492,174.1180954897506
8.98174826917743,32.67949192431104,150.00000000000165
2.019106051405207,35.8578643762689,129.28932188134598
4.008076173712261,39.99999999999898,113.39745962155907
10.599822397116851,44.82361909794972,103.407417371093
8.316815293908789,50.000000000000306,100.0
6.435680337360633,55.17638090204978,103.40741737109231
13.632610737647022,59.999999999999574,113.3974596215549
34.36937859221266,64.14213562372993,129.2893218813401
28.421571057431038,67.3205080756887,149.99999999999937
31.744247648911607,69.31851652578138,174.11809548974804
30.865577455870326,70.0,199.9999999999953
35.11081575166534,69.31851652578156,225.88190451024838
39.05841966573413,67.32050807568851,250.00000000000233
37.68843580742461,64.14213562373125,270.7106781186533
28.979520226024423,60.00000000000022,286.6025403784432
24.815130072163612,55.1763809020505,296.5925826289067
26.95931123961815,50.00000000000105,300.0
39.007032873652676,44.82361909794933,296.5925826289065
39.64092868905102,40.00000000000061,286.6025403784456
36.810090040802514,35.857864376269426,270.71067811865663
42.09386986063652,32.67949192431141,250.00000000000156
36.939120903241474,30.68148347421898,225.8819045102585
50.007014915617354,30.0,200.00000000000009
59.24764950945391,30.681483474218673,174.1180954897472
45.62282666959352,32.679491924310824,150.00000000000352
37.33915039498201,35.857864376268594,129.28932188134752
47.1812467963693,40.000000000000576,113.39745962155448
77.96209496871874,44.8236190979493,103.40741737109356
82.15328537890642,49.99999999999987,100.0
74.94815809609172,55.17638090204936,103.40741737109175
75.7328628699597,59.999999999999204,113.39745962155384
70.91790205474587,64.14213562373122,129.2893218813466
58.508551217613785,67.32050807568848,149.9999999999975
66.07250661768295,69.31851652578126,174.11809548974597
63.014415481762406,70.0,199.99999999999883
54.383344518305485,69.31851652578167,225.88190451024627
53.30737799672179,67.32050807568872,250.00000000000045
50.792225367011284,64.14213562373075,270.7106781186558
37.28750117798996,60.0000000000006,286.60254037844214
22.55778536616978,55.17638090205091,296.59258262890614
11.875762972490756,50.00000000000148,300.0
8.252709813698491,44.82361909794975,296.59258262890705
10.817666455991384,40.0,286.60254037844385
10.58327189574759,35.85786437626973,270.71067811865817
11.922334059056775,32.67949192431162,250.00000000000344
8.008988631157148,30.6814834742185,225.8819045102496
4.5559737271337575,30.0,200.00000000000225
9.57557633410089,30.681483474218563,174.11809548974927
8.170381157475056,32.67949192431117,150.00000000000045
3.6868294001564292,35.857864376268296,129.28932188134905
10.057793860594751,40.000000000000206,113.39745962155556
5.541363576068131,44.82361909794888,103.40741737109411
3.9240615026129904,49.99999999999944,100.0
4.698082613216506,55.17638090205004,103.40741737109266
11.845601764167839,59.99999999999883,113.39745962155276
23.93401565375642,64.14213562373092,129.28932188134507
42.11201992672754,67.32050807568883,150.00000000000057
45.77654433010435,69.31851652578115,174.1180954897439
45.47725650443672,70.0,199.99999999999667
58.695573209172814,69.3185165257812,225.88190451025517
62.981990073016306,67.32050807568893,249.9999999999986
67.65602910059862,64.14213562373106,270.7106781186542
81.50497635399364,60.000000000000966,286.60254037844106
82.44176079077546,55.17638090205133,296.5925826289056
86.9114100013012,49.99999999999964,300.0
92.50666193683607,44.823619097950164,296.5925826289076
107.5049564064831,40.00000000000037,286.6025403784449
112.1907051189862,35.857864376269234,270.71067811865566
104.65905952053564,32.67949192431184,250.00000000000531
94.64905316897612,30.681483474218613,225.88190451025167
91.3932560652254,30.0,199.99999999999872
90.72645471421679,30.68148347421845,174.11809548975137
85.70296567546949,32.67949192431096,150.00000000000233
81.82495997901246,35.85786437626798,129.28932188135056
78.43174987538906,39.99999999999983,113.39745962155664
83.89259203046038,44.82361909794956,103.4074173710932
85.78429286876496,49.99999999999901,100.0
80.07174521922045,55.17638090204962,103.40741737109211
75.34775774695865,60.000000000000426,113.39745962155736
66.00773358235932,64.14213562373061,129.28932188134357
67.94287639648851,67.32050807568862,149.9999999999987
85.34961689732141,69.31851652578133,174.11809548974728
82.64507678934343,70.0,199.99999999999451
87.48052319311284,69.31851652578132,225.8819045102531
90.41725264932417,67.32050807568915,249.99999999999673
79.6629218481114,64.14213562373136,270.7106781186527
109.93248060309955,60.000000000000355,286.6025403784428
109.00878551089276,55.17638090205175,296.59258262890506
105.20681728554275,50.00000000000007,300.0
101.55367517357985,44.82361909794949,296.5925826289067
113.72564678470803,40.000000000000746,286.602540378446
122.33135002474646,35.85786437626954,270.7106781186572
125.685,32.67949192431092,249.99999999999733
125.685,30.681483474218723,225.88190451025375
125.685,30.0,200.00000000000088
125.685,30.68148347421834,174.11809548975344
125.685,32.67949192431074,150.0000000000042
125.685,35.85786437626929,129.28932188134405
125.685,39.99999999999946,113.3974596215577
125.685,44.82361909794915,103.40741737109376
125.685,49.999999999999716,100.0
125.685,55.17638090204921,103.40741737109155
125.685,60.00000000000005,113.39745962155628
125.685,64.14213562373112,129.28932188134607
125.685,67.32050807568841,149.99999999999682
125.685,69.31851652578122,174.1180954897452
125.685,70.0,199.99999999999235
125.685,69.31851652578142,225.88190451025102
125.685,67.32050807568879,249.99999999999977
125.685,64.14213562373166,270.7106781186512
125.685,60.00000000000073,286.60254037844174
125.685,55.176380902049964,296.59258262890745
125.685,50.0000000000005,300.0
125.685,44.8236190979499,296.5925826289073
125.685,40.000000000000135,286.60254037844425
125.685,35.857864376269845,270.71067811865873
125.685,32.67949192431114,249.9999999999992
125.685,30.681483474218542,225.88190451025034
125.685,30.0,200.00000000000304
125.685,30.68148347421852,174.11809548975003
125.685,32.679491924310526,150.00000000000608
125.685,35.857864376268985,129.2893218813456
125.685,40.00000000000007,113.39745962155594
125.685,44.82361909794873,103.40741737109433
125.685,49.99999999999928,100.0
125.685,55.17638090205099,103.40741737109394
125.685,59.99999999999968,113.39745962155521
125.685,64.14213562373081,129.28932188134456
125.685,67.32050807568876,149.9999999999999
125.685,69.3185165257811,174.11809548974313
125.685,70.0,200.00000000000156
125.685,69.31851652578153,225.88190451024892
125.685,67.32050807568902,249.99999999999793
125.685,64.14213562373116,270.7106781186537
125.685,60.0000000000011,286.60254037844066
125.685,55.17638090205038,296.5925826289069
125.685,49.999999999999794,300.0
125.685,44.82361909795032,296.5925826289078
125.685,40.00000000000051,286.6025403784453
125.685,35.85786437626854,270.7106781186522
125.685,32.67949192431135,250.00000000000108
125.685,30.681483474218652,225.88190451025244
125.685,30.0,200.0000000000052
125.685,30.681483474218705,174.11809548974662
125.685,32.67949192431088,150.000000000003
125.685,35.85786437626787,129.2893218813511
125.685,39.999999999999694,113.39745962155702
125.685,44.823619097950505,103.40741737109194
125.685,49.99999999999999,100.0
125.685,55.17638090204947,103.40741737109191
125.685,60.000000000000284,113.39745962155698
125.685,64.1421356237305,129.28932188134303
125.685,67.3205080756891,150.00000000000293
125.685,69.31851652578129,174.11809548974654
125.685,70.0,199.99999999999372
125.685,69.31851652578135,225.88190451025233
125.685,67.32050807568923,249.99999999999605
125.685,64.14213562373067,270.7106781186562
125.685,60.0000000000005,286.6025403784424
125.685,55.176380902051896,296.59258262890484
125.685,50.00000000000023,300.0
125.685,44.82361909794854,296.59258262890546
125.685,39.9999999999999,286.60254037844356
125.685,35.857864376269646,270.71067811865777
125.685,32.67949192431213,250.00000000000784
125.685,30.681483474218766,225.88190451025451
125.685,30.0,199.999999999996
125.685,30.68148347421859,174.1180954897487
125.685,32.67949192431067,150.0000000000049
125.685,35.85786437626918,129.28932188134462
125.685,39.99999999999932,113.3974596215581
125.685,44.82361909795009,103.40741737109249
125.685,49.99999999999956,100.0
125.685,55.176380902049054,103.40741737109134
125.685,59.999999999999915,113.3974596215559
125.685,64.1421356237302,129.2893218813415
125.685,67.32050807568889,150.00000000000105
125.685,69.31851652578118,174.11809548974443
125.685,70.0,199.99999999999156
125.685,69.31851652578146,225.88190451025025
125.685,67.32050807568831,250.00000000000404
125.685,64.14213562373098,270.71067811865464
125.685,60.00000000000087,286.60254037844135
125.685,55.17638090205012,296.5925826289072
125.685,50.000000000000654,300.0
125.685,44.823619097948956,296.592582628906
125.685,40.00000000000027,286.60254037844464
125.685,35.85786437626996,270.7106781186593
125.685,32.67949192431121,249.9999999999999
125.685,30.681483474218876,225.8819045102566
125.685,30.0,199.99999999999812
125.685,30.68148347421848,174.11809548975077
125.685,32.67949192431045,150.00000000000676
125.685,35.85786437626887,129.28932188134613
123.51196431561861,40.00000000000092,113.39745962155348
106.53242291521903,44.823619097949674,103.40741737109305
64.73257806955984,49.999999999999126,100.0
41.72153631010751,55.17638090204864,103.40741737109079
27.719694832230022,59.999999999999545,113.39745962155482
15.35721750717792,64.1421356237315,129.289321881348
4.544688336253041,67.32050807568868,149.9999999999992
0.9798681911216421,69.31851652578106,174.11809548974236
0.5203219319347664,70.0,200.0000000000008
0.0,69.31851652578158,225.88190451024818
0.0,67.32050807568852,250.00000000000216
0.0,64.14213562373128,270.7106781186531
2.146940299358575,60.000000000001236,286.60254037844027
16.355531958976716,55.17638090205053,296.59258262890665
35.81832406091237,50.00000000000109,300.0
55.91685531163398,44.823619097949376,296.59258262890654
71.1974056800206,40.00000000000065,286.6025403784457
78.45955620424647,35.85786437627026,270.7106781186608
63.05634468244149,32.67949192431143,250.00000000000173
72.73888451751617,30.6814834742184,225.8819045102477
75.15485994075678,30.0,200.00000000000028
77.39509063390099,30.681483474218368,174.11809548975287
84.43034674443707,32.67949192431137,149.99999999999878
93.36073284547102,35.857864376268566,129.28932188134763
100.52547386994064,40.00000000000054,113.39745962155456
98.65625073802491,44.82361909794926,103.40741737109362
94.05235646505295,49.9999999999987,100.0
89.426192632247,55.17638090205042,103.40741737109317
81.13844678204538,59.99999999999917,113.39745962155374
72.56201362241848,64.14213562373119,129.2893218813465
57.56066169584876,67.32050807568847,149.99999999999733
53.68248306399733,69.31851652578095,174.11809548974028
52.676844196745805,70.0,199.99999999999864
63.044960546744335,69.31851652578109,225.88190451025707
81.94715856904146,67.32050807568874,250.00000000000028
99.6028425607139,64.14213562373158,270.7106781186516
98.45691160158304,60.00000000000161,286.6025403784392
94.19929521213875,55.17638090205095,296.59258262890614
91.30107158379411,49.99999999999925,300.0
90.43522690130044,44.82361909794979,296.5925826289071
85.52515109471456,40.000000000001016,286.6025403784468
75.7030488700459,35.85786437626896,270.7106781186543
64.49910835115647,32.67949192431165,250.0000000000036
61.227927199400234,30.68148347421851,225.8819045102498
62.940020386571526,30.0,200.00000000000244
65.32069513515474,30.681483474218258,174.11809548975495
64.43113870209153,32.67949192431115,150.00000000000063
66.9653897392726,35.85786437626826,129.28932188134917
67.21903930034972,40.00000000000017,113.39745962155564
64.90812890580243,44.82361909794884,103.40741737109417
54.32962036461104,49.999999999998266,100.0
36.615669747851605,55.176380902050006,103.40741737109262
22.219014354582864,60.00000000000077,113.39745962155834
11.417984422084542,64.1421356237309,129.28932188134496
6.757084105439186,67.32050807568825,149.99999999999545
1.8092925219487659,69.31851652578143,174.11809548974918
0.35624275246714615,70.0,199.99999999999648
1.0325988788026617,69.3185165257812,225.881904510255
3.783492381677482,67.32050807568896,249.99999999999844
8.234875365452563,64.14213562373189,270.7106781186501
9.518369076932988,60.000000000000014,286.6025403784438
13.570321696837105,55.17638090205136,296.5925826289056
19.956754843665816,49.99999999999967,300.0
31.084167307248276,44.82361909795021,296.5925826289077
54.63852800606257,40.00000000000139,286.6025403784479
85.81326634721896,35.85786437626926,270.7106781186558
114.39451994971806,32.679491924310724,249.99999999999562
125.685,30.681483474218624,225.88190451025187
125.685,30.0,200.0000000000046
125.685,30.681483474218144,174.11809548975702
125.685,32.67949192431094,150.0000000000025
125.685,35.85786437626957,129.2893218813427
125.685,39.999999999999794,113.39745962155672
125.685,44.82361909794842,103.40741737109472
125.685,50.00000000000011,100.0
125.685,55.17638090204959,103.40741737109205
125.685,60.00000000000039,113.39745962155726
125.685,64.14213562373058,129.28932188134343
109.3672554354143,67.32050807568802,149.99999999999358
89.41584319479514,69.31851652578132,174.1180954897471
103.86918045093208,70.0,199.99999999999432
93.61213617134197,69.31851652578132,225.8819045102529
82.58368757883521,67.32050807568916,249.99999999999656
72.83629531394985,64.1421356237322,270.7106781186485
61.53953246179157,60.00000000000039,286.60254037844277
50.06314681784005,55.17638090204959,296.59258262890796
51.55122404750477,50.00000000000011,300.0
43.32117823862522,44.82361909795062,296.5925826289082
33.19111067965596,39.999999999999794,286.6025403784433
44.22576008814194,35.85786437626957,270.7106781186573
32.77342451078471,32.67949192431094,249.9999999999975
35.12267281276099,30.681483474218734,225.88190451025395
58.03858003036804,30.0,200.00000000000676
62.438868564319385,30.681483474218624,174.11809548974813
77.3796891253897,32.679491924310724,150.00000000000438
104.13956063753463,35.85786437626926,129.2893218813442
125.685,39.999999999999424,113.3974596215578
125.685,44.82361909794801,103.40741737109528
125.685,49.99999999999968,100.0
125.685,55.17638090205136,103.40741737109444
125.685,60.000000000000014,113.39745962155618
125.685,64.14213562373028,129.2893218813419
125.685,67.32050807568783,149.99999999999173
125.685,69.3185165257812,174.118095489745
125.685,70.0,200.00000000000352
125.685,69.31851652578143,225.88190451025082
125.685,67.32050807568939,249.99999999999469
125.685,64.1421356237309,270.71067811865504
125.685,60.00000000000077,286.60254037844163
125.685,55.17638090205,296.5925826289074
125.685,50.00000000000054,300.0
125.685,44.82361909795104,296.59258262890876
125.685,40.00000000000017,286.60254037844436
125.685,35.85786437626987,270.71067811865885
125.685,32.67949192431115,249.99999999999937
125.685,30.681483474218847,225.88190451025602
125.685,30.0,200.00000000000892
125.685,30.68148347421851,174.1180954897502
125.685,32.67949192431165,149.9999999999964
125.685,35.85786437626896,129.2893218813457
125.685,39.99999999999905,113.39745962155888
125.685,44.82361909794979,103.4074173710929
125.685,49.99999999999925,100.0
125.685,55.17638090205095,103.40741737109389
125.685,59.999999999999645,113.39745962155511
125.685,64.14213562372998,129.28932188134038
125.685,67.32050807568874,149.99999999999972
114.24746526391313,69.31851652578109,174.11809548974293
116.9847321320019,70.0,200.00000000000136
125.685,69.31851652578155,225.88190451024875
125.685,67.3205080756896,249.99999999999284
94.53503656745616,64.14213562373119,270.7106781186535
125.685,59.99999999999917,286.6025403784463
125.685,55.17638090205042,296.5925826289068
125.685,50.00000000000097,300.0
125.685,44.82361909795146,296.5925826289093
125.685,40.00000000000054,286.60254037844544
125.685,35.857864376268566,270.71067811865237
125.685,32.67949192431137,250.00000000000122
125.685,30.681483474218957,225.8819045102581
125.685,30.0,199.99999999999972
125.685,30.6814834742184,174.1180954897523
112.37473600814413,32.67949192431143,149.99999999999827
88.90148794276307,35.85786437626865,129.28932188134723
61.25728168493619,39.99999999999868,113.39745962155996
30.672714091835292,44.823619097949376,103.40741737109346
8.901153621270259,49.99999999999881,100.0
0.5672457065852113,55.17638090205053,103.40741737109333
0.2076340432568703,59.99999999999927,113.39745962155403
6.430396232874069,64.14213562372967,129.28932188133888
28.804098153103055,67.32050807568852,149.99999999999784
34.64830381519428,69.31851652578158,174.11809548975182
39.820517242746654,70.0,199.9999999999992
48.773623026907416,69.31851652578166,225.88190451024667
65.70936869718105,67.32050807568868,250.0000000000008
76.28130703747637,64.1421356237315,270.710678118652
78.40935851164947,59.999999999999545,286.6025403784452
75.68332052189713,55.17638090205084,296.59258262890626
75.69016257998213,50.0000000000014,300.0
75.26702464262873,44.823619097949674,296.59258262890694
78.47377640923364,40.00000000000092,286.6025403784465
81.1255632170204,35.85786437626887,270.71067811865385
75.18824495808468,32.679491924311584,250.0000000000031
60.02485356709941,30.681483474219068,225.8819045102602
42.43216394139407,30.0,200.00000000000185
49.991056221822,30.681483474218876,174.1180954897434
69.92449911532013,32.67949192431121,150.0000000000001
93.28482044641785,35.857864376268346,129.28932188134877
106.49800830605226,40.00000000000027,113.39745962155536
110.85896426978408,44.823619097948956,103.40741737109401
117.03087982506052,50.000000000000654,100.0
112.6708424634077,55.17638090205012,103.40741737109276
114.93001725737506,59.9999999999989,113.39745962155295
123.26472198813353,64.14213562373098,129.28932188134536
111.89977023146369,67.32050807568831,149.99999999999596
112.75445914534053,69.31851652578146,174.11809548974975
114.37389580311813,70.0,199.99999999999707
113.588647638053,69.31851652578177,225.88190451024457
108.97652655311828,67.32050807568889,249.99999999999895
104.70914665144223,64.1421356237302,270.7106781186585
100.29129346098065,59.999999999999915,286.60254037844413
100.60302955680456,55.17638090205125,296.5925826289057
102.53951349164767,50.00000000000183,300.0
96.96245679304931,44.82361909795009,296.5925826289075
93.8624971911531,39.99999999999932,286.6025403784419
93.52785444170111,35.85786437626918,270.7106781186554
69.55617995312733,32.679491924311804,250.00000000000495
74.05904233193893,30.68148347421859,225.8819045102513
74.09602802266218,30.0,200.000000000004
70.51338799193596,30.681483474218766,174.11809548974549
69.73559797523426,32.679491924310994,150.000000000002
65.72119447439856,35.85786437626804,129.2893218813503
62.47492607822131,39.9999999999999,113.39745962155644
69.23852091308466,44.82361909794854,103.40741737109457
74.03091219409384,50.00000000000023,100.0
77.78132187341997,55.1763809020497,103.40741737109221
79.68008067050899,59.99999999999852,113.39745962155187
74.21919175921937,64.14213562373067,129.28932188134382
65.52849329981244,67.32050807568923,150.00000000000395
50.51302332106602,69.31851652578135,174.11809548974767
41.188276160152384,70.0,199.9999999999949
34.878269921852585,69.31851652578129,225.88190451025346
30.068138266395476,67.3205080756891,249.99999999999707
23.697196792849986,64.1421356237305,270.710678118657
22.901542806537947,60.000000000000284,286.60254037844305
24.195245063657833,55.17638090205167,296.5925826289051
24.82807244044148,49.99999999999999,300.0
27.054975895830186,44.823619097950505,296.5925826289081
29.608932744527955,39.999999999999694,286.602540378443
30.229696296661295,35.85786437626948,270.7106781186569
29.19365077460216,32.67949192431202,250.00000000000682
28.241985622829766,30.681483474218705,225.88190451025338
27.387080392483856,30.0,199.9999999999948
26.87529110983416,30.681483474218652,174.11809548974756
29.259231415597437,32.67949192431078,150.00000000000387
37.74406926037939,35.857864376267734,129.2893218813518
45.10674298013557,39.999999999999524,113.3974596215575
50.256051776947956,44.82361909795032,103.4074173710922
57.155588949908484,49.999999999999794,100.0
60.482341256889335,55.17638090204929,103.40741737109165
55.01792073020588,60.00000000000012,113.39745962155648
50.2740748558912,64.14213562373037,129.28932188134232
50.4122281133806,67.32050807568902,150.00000000000207
37.71173725963889,69.31851652578123,174.1180954897456
27.98166012024834,70.0,199.99999999999275
23.442229124580305,69.3185165257814,225.8819045102514
16.02362264724053,67.32050807568933,249.9999999999952
8.439238710997907,64.14213562373081,270.71067811865544
5.246547512542099,60.00000000000066,286.602540378442
4.014279557748961,55.17638090205209,296.5925826289046
2.2138723522026864,50.00000000000042,300.0
0.8044067508278556,44.82361909794873,296.5925826289057
0.2943337390090779,40.00000000000007,286.6025403784441
0.06296387731213417,35.85786437626979,270.71067811865845
0.0,32.679491924311094,249.99999999999886
0.0,30.681483474218815,225.88190451025545
0.0,30.0,199.99999999999696
0.0,30.681483474218542,174.11809548974966
0.0,32.67949192431057,150.00000000000574
0.0,35.85786437626904,129.2893218813453
0.0,39.99999999999915,113.39745962155858
0.32221293474295815,44.8236190979499,103.40741737109275
1.9358510873227202,49.99999999999936,100.0
3.8720207379221496,55.17638090204887,103.4074173710911
3.8539128018323296,59.999999999999744,113.3974596215554
4.230864145724213,64.14213562373166,129.28932188134883
2.592218304283814,67.32050807568879,150.00000000000023
1.1883267430630025,69.31851652578112,174.1180954897435
1.6702300370304228,70.0,199.9999999999906
1.4903677769148602,69.31851652578152,225.8819045102493
0.7468725370941317,67.32050807568841,250.00000000000318
0.5759632014521138,64.14213562373112,270.71067811865396
0.5581187623021363,60.00000000000104,286.6025403784409
0.0,55.176380902050305,296.592582628907
0.0,50.00000000000085,300.0
0.0,44.82361909794915,296.59258262890626
0.0,40.00000000000044,286.60254037844516
0.3938727495664013,35.85786437627009,270.71067811866
0.4151711896952086,32.67949192431131,250.00000000000074
1.368444838139071,30.681483474218926,225.88190451025753
1.676247232182835,30.0,199.99999999999912
1.453200250993521,30.681483474218428,174.11809548975174
1.1052227320764956,32.679491924310355,150.0000000000076
0.7749095388992293,35.857864376268736,129.28932188134684
0.4098522738545896,40.000000000000746,113.39745962155398
0.10057163987310781,44.82361909794949,103.4074173710933
0.5435540446035805,49.999999999998934,100.0
1.9190113888173772,55.176380902050646,103.40741737109347
4.242157398743506,59.999999999999375,113.39745962155432
7.481602514954371,64.14213562373136,129.2893218813473
8.339539843543202,67.32050807568858,149.99999999999835
17.523706873687708,69.31851652578102,174.11809548974142
28.05582559562211,70.0,199.9999999999998
37.73909495618194,69.31851652578163,225.88190451024724
41.6266229798346,67.32050807568862,250.0000000000013
38.87254169311021,64.14213562373142,270.7106781186524
34.933887612464055,60.00000000000141,286.6025403784398
36.62877115430187,55.176380902050724,296.5925826289064
44.885841424129104,49.99999999999901,300.0
67.48008039885816,44.82361909794956,296.5925826289068
110.98773476692342,40.00000000000082,286.6025403784462
125.685,35.8578643762704,270.71067811866146
125.685,32.67949192431153,250.0000000000026
125.685,30.68148347421845,225.88190451024863
125.685,30.0,200.00000000000128
99.33888768619495,30.681483474218318,174.1180954897538
59.924283799494866,32.67949192431127,149.99999999999963
28.34586017048061,35.85786437626843,129.28932188134837
23.945586761154818,40.00000000000038,113.39745962155506
33.49464369863687,44.82361909794907,103.40741737109386
42.303039897687704,49.9999999999985,100.0
48.00370307300847,55.17638090205023,103.40741737109292
36.23827767987454,59.999999999999,113.39745962155324
32.53288341890169,64.14213562373106,129.28932188134578
30.33264415617361,67.32050807568837,149.99999999999648
27.131864690488324,69.31851652578091,174.11809548973935
30.867185385382566,70.0,199.99999999999764
33.45315302941277,69.31851652578115,225.88190451025613
39.24550896292087,67.32050807568883,249.99999999999946
47.198022134777595,64.14213562373172,270.7106781186509
50.07019357345998,59.999999999999815,286.6025403784444
46.1688070769083,55.176380902051136,296.59258262890586
45.458053223304496,49.99999999999944,300.0
52.031811578268155,44.82361909794998,296.59258262890734
57.685564927039,40.00000000000119,286.6025403784473
56.80918248017637,35.85786437626909,270.710678118655
48.78042876356045,32.67949192431174,250.00000000000446
51.21702838312129,30.681483474218563,225.88190451025073
55.866625396196206,30.0,200.00000000000344
55.43527343890182,30.681483474218208,174.1180954897559
51.2750366210318,32.67949192431105,150.00000000000148
49.35307755156359,35.85786437626973,129.28932188134183
47.91851740365039,40.0,113.39745962155614
39.554033819165014,44.82361909794865,103.40741737109443
31.4042283935811,49.99999999999807,100.0
25.55013997204851,55.176380902049814,103.40741737109236
15.855151855612293,60.0000000000006,113.39745962155786
8.89751757467961,64.14213562373075,129.28932188134425
6.700906812074166,67.32050807568815,149.9999999999946
4.913067180858835,69.31851652578138,174.11809548974824
1.6418564276598708,70.0,199.99999999999548
0.0,69.31851652578126,225.88190451025403
0.0,67.32050807568905,249.99999999999758
0.0,64.14213562373203,270.71067811864935
0.0,60.000000000000185,286.60254037844334
0.0,55.176380902051555,296.5925826289053
0.0,49.99999999999987,300.0
0.12642371176029424,44.82361909795039,296.5925826289079
1.1888169414782321,40.00000000000156,286.6025403784484
2.5452742681529066,35.8578643762694,270.7106781186565
2.6067621303161705,32.679491924310824,249.99999999999648
1.8224415292138334,30.681483474218673,225.8819045102528
0.2893994056183839,30.0,200.0000000000056
1.0833876412653323,30.681483474218684,174.118095489747
3.9725357113128528,32.67949192431084,150.00000000000335
6.299544422985826,35.85786437626943,129.28932188134337
7.716550013764113,39.99999999999963,113.39745962155722
9.71449867401611,44.82361909794824,103.40741737109498
12.136938928995788,49.999999999999915,100.0
13.656535062541957,55.176380902049395,103.40741737109181
13.953368385543756,60.00000000000022,113.39745962155678
14.044643723969424,64.14213562373044,129.28932188134274
11.870493626149852,67.32050807568794,149.99999999999272
11.563652489732299,69.31851652578126,174.11809548974614
8.846249021458664,70.0,200.00000000000472
6.380882065574757,69.31851652578138,225.88190451025196
5.549468459127803,67.32050807568928,249.9999999999957
4.9037379742941845,64.14213562373233,270.7106781186478
4.880171594243326,60.00000000000056,286.60254037844226
4.79026698586835,55.17638090204978,296.5925826289077
4.207376776489821,50.000000000000306,300.0
4.00092686795356,44.82361909795081,296.5925826289085
4.043593743435639,39.999999999999964,286.6025403784438
7.225132613623747,35.8578643762697,270.71067811865805
8.182604375791152,32.67949192431104,249.99999999999835
7.1721460275346915,30.681483474218783,225.88190451025488
3.0857625358586462,30.0,200.00000000000773
1.5673216914287973,30.68148347421857,174.11809548974907
4.1439372112578905,32.679491924310625,150.00000000000523
4.045272851455149,35.85786437626912,129.2893218813449
5.170256135554478,39.999999999999254,113.3974596215583
8.7878779080402,44.82361909794782,103.40741737109553
9.93067084719692,49.99999999999948,100.0
19.476823538619158,55.17638090205118,103.40741737109418
35.774830118818414,59.999999999999844,113.3974596215557
50.69564801495233,64.14213562373014,129.2893218813412
47.39418513723707,67.32050807568885,150.00000000000074
74.13569346927184,69.31851652578116,174.11809548974406
100.48983067534063,70.0,200.00000000000256
113.8923153275307,69.31851652578149,225.88190451024988
113.829344092395,67.32050807568947,249.99999999999386
125.685,64.14213562373104,270.71067811865436
125.685,60.00000000000093,286.6025403784412
125.685,55.17638090205019,296.59258262890717
125.685,50.00000000000073,300.0
125.685,44.82361909795123,296.59258262890904
125.685,40.00000000000034,286.6025403784448
125.685,35.8578643762684,270.7106781186515
125.685,32.67949192431125,250.00000000000023
125.685,30.681483474218897,225.881904510257
125.685,30.0,200.0000000000099
125.685,30.68148347421846,174.11809548975117
125.685,32.67949192431155,149.99999999999724
125.685,35.85786437626882,129.2893218813464
125.685,39.99999999999888,113.39745962155938
125.685,44.8236190979496,103.40741737109316
125.685,49.99999999999905,100.0
125.685,55.17638090205076,103.40741737109363
125.685,59.999999999999474,113.39745962155462
125.685,64.14213562372984,129.28932188133967
125.685,67.32050807568864,149.99999999999886
125.685,69.31851652578105,174.118095489742
125.685,70.0,200.0000000000004
125.685,69.3185165257816,225.8819045102478
125.685,67.3205080756897,249.99999999999199
125.685,64.14213562373133,270.7106781186528
125.685,59.99999999999934,286.6025403784458
125.685,55.17638090205061,296.5925826289066
125.685,50.000000000001165,300.0
125.685,44.82361909794945,296.59258262890665
125.685,40.00000000000071,286.60254037844595
125.685,35.85786437626871,270.71067811865305
97.78577275484903,32.67949192431146,250.00000000000207
94.0072583369998,30.681483474219007,225.88190451025906
102.33161164061202,30.0,200.00000000000068
98.80579462076565,30.68148347421835,174.11809548975324
85.39296846948899,32.67949192431133,149.99999999999912
84.66872895239698,35.85786437626851,129.28932188134792
95.97328923932713,39.99999999999851,113.39745962156044
113.92094375314717,44.823619097949184,103.40741737109371
123.8161642139494,50.000000000000895,100.0
125.685,55.17638090205035,103.40741737109308
125.685,59.999999999999105,113.39745962155354
125.685,64.14213562372953,129.28932188133814
125.685,67.32050807568842,149.999999999997
125.685,69.31851652578152,174.11809548975089
125.685,70.0,199.99999999999824
125.685,69.3185165257817,225.8819045102457
125.685,67.32050807568878,249.99999999999994
125.685,64.14213562373163,270.7106781186513
118.0931166830618,59.999999999999716,286.6025403784447
66.21133805908609,55.17638090205102,296.59258262890603
56.221044394195644,50.0000000000016,300.0
70.39536811707053,44.823619097949866,296.59258262890717
48.260718216279464,40.00000000000109,286.602540378447
35.41484091750036,35.857864376269006,270.7106781186545
32.40043106948031,32.679491924311684,250.00000000000395
64.96029269512088,30.68148347421912,225.88190451026114
86.98300790738845,30.0,200.00000000000284
114.35416014054535,30.681483474218826,174.11809548974435
125.38852028081835,32.679491924311115,150.00000000000097
125.685,35.85786437626821,129.28932188134945
125.685,40.0000000000001,113.39745962155584
125.685,44.823619097948765,103.40741737109427
125.685,50.00000000000046,100.0
125.685,55.17638090204993,103.40741737109252
125.685,59.99999999999873,113.39745962155247
125.685,64.14213562373084,129.28932188134468
125.685,67.32050807568821,149.9999999999951
89.79010882550234,69.3185165257814,174.11809548974878
57.44884064210538,70.0,199.99999999999608
102.85176079755978,69.31851652578182,225.88190451024363
125.685,67.32050807568899,249.9999999999981
125.685,64.14213562373034,270.7106781186578
125.685,60.000000000000085,286.6025403784436
125.685,55.17638090205144,296.59258262890546
125.685,49.99999999999975,300.0
125.685,44.82361909795028,296.59258262890773
125.685,39.99999999999949,286.6025403784424
125.685,35.85786437626932,270.7106781186561
125.685,32.6794919243119,250.00000000000583
125.685,30.68148347421864,225.88190451025224
125.685,30.0,200.000000000005
125.685,30.681483474218712,174.11809548974642
116.73841409582042,32.679491924310895,150.00000000000284
118.78099095159399,35.857864376267905,129.289321881351
125.685,39.99999999999973,113.39745962155692
125.685,44.82361909795055,103.40741737109188
125.685,50.00000000000003,100.0
116.70945795507897,55.17638090204951,103.40741737109195
93.91453301064598,59.99999999999835,113.39745962155138
89.48277428754827,64.14213562373052,129.28932188134314
72.16952906812188,67.32050807568913,150.0000000000031
51.94231040439481,69.3185165257813,174.1180954897467
44.12765213344976,70.0,199.99999999999392
45.78180603335106,69.31851652578135,225.88190451025253
47.48687918553179,67.3205080756892,249.99999999999622
41.40273338647867,64.14213562373064,270.7106781186563
29.27059627789084,60.000000000000455,286.60254037844254
15.643054576049106,55.17638090205186,296.5925826289049
16.261215284398684,50.000000000000185,300.0
31.52591903377944,44.8236190979507,296.5925826289083
39.51068601316375,39.999999999999865,286.60254037844345
36.24297187147542,35.85786437626962,270.7106781186576
24.539705273703394,32.67949192431212,250.00000000000767
20.152964135326428,30.681483474218755,225.88190451025432
14.700850726360674,30.0,199.9999999999958
11.108649404172203,30.681483474218602,174.11809548974853
7.312660056658635,32.67949192431068,150.00000000000472
8.536886443019199,35.857864376269205,129.28932188134445
10.77809961202456,39.99999999999936,113.397459621558
18.732943167515987,44.82361909795013,103.40741737109245
25.83108042550663,49.999999999999595,100.0
26.542593606499263,55.1763809020491,103.4074173710914
28.19504327236399,59.99999999999995,113.39745962155598
30.337812710537143,64.14213562373023,129.2893218813416
25.44575539570739,67.3205080756889,150.00000000000122
29.018209707580397,69.31851652578119,174.11809548974463
37.88278735151817,70.0,199.99999999999176
40.275934830143555,69.31851652578146,225.88190451025045
50.525434975692406,67.32050807568828,250.0000000000042
53.10304760660351,64.14213562373095,270.71067811865476
46.89543846761752,60.00000000000083,286.60254037844146
49.525906295758155,55.17638090205227,296.5925826289043
54.79782375300536,50.00000000000062,300.0
48.56061553120551,44.82361909794892,296.5925826289059
39.88194758813471,40.00000000000024,286.60254037844453
38.32622215250412,35.85786437626993,270.71067811865913
29.35722075422752,32.67949192431119,249.99999999999972
34.71155790697324,30.681483474218865,225.8819045102564
38.211042999162515,30.0,199.99999999999795
39.59922974012278,30.681483474218492,174.1180954897506
45.856679710694976,32.67949192431047,150.0000000000066
53.25793052761657,35.8578643762689,129.28932188134598
54.6417262215124,39.99999999999898,113.39745962155907
54.93910884772338,44.82361909794972,103.407417371093
61.95675124802798,49.99999999999917,100.0
69.24261869188547,55.17638090204868,103.40741737109084
63.28943088788337,59.999999999999574,113.3974596215549
59.52690091816435,64.14213562373153,129.28932188134814
50.53060182939286,67.3205080756887,149.99999999999937
55.297938199701406,69.31851652578108,174.11809548974256
57.65427974829431,70.0,200.000000000001
54.91998675827482,69.31851652578156,225.88190451024838
54.511095946391904,67.32050807568851,250.00000000000233
53.01580241937983,64.14213562373125,270.7106781186533
53.68993734236464,60.00000000000121,286.6025403784404
55.73885371146559,55.1763809020505,296.5925826289067
51.83055010716758,50.00000000000105,300.0
45.90102291580811,44.82361909794933,296.5925826289065
38.42886348021348,40.00000000000061,286.6025403784456
31.043990379201194,35.85786437627023,270.71067811866067
15.081616060365121,32.67949192431141,250.00000000000156
12.07739783338447,30.68148347421839,225.8819045102475
12.18307085722851,30.0,200.00000000000009
8.034008253658858,30.68148347421838,174.11809548975268
7.089001598260735,32.679491924310256,150.00000000000844
3.9471865363971155,35.857864376268594,129.28932188134752
3.719063128482516,40.000000000000576,113.39745962155448
5.53109413882765,44.8236190979493,103.40741737109356
5.916826525854545,49.999999999998735,100.0
5.792706913040029,55.17638090205046,103.40741737109323
5.045327529309653,59.999999999999204,113.39745962155384
4.81337105081387,64.14213562373122,129.2893218813466
2.3963362610745285,67.32050807568848,149.9999999999975
2.9255497362976404,69.31851652578096,174.11809548974048
2.7025674872951564,70.0,199.99999999999883
2.7982201859202127,69.31851652578167,225.88190451024627
3.2135553418665546,67.32050807568872,250.00000000000045
5.025222137537439,64.14213562373155,270.71067811865174
6.674647588549734,60.00000000000158,286.6025403784393
7.122495943159992,55.17638090205091,296.59258262890614
10.91392131688403,49.999999999999204,300.0
12.89690668300152,44.82361909794975,296.59258262890705
14.728358096985605,40.00000000000098,286.6025403784467
20.09236297912543,35.85786437626893,270.71067811865413
15.004122922356792,32.67949192431162,250.00000000000344
14.831276732062536,30.6814834742185,225.8819045102496
16.860251268504456,30.0,200.00000000000225
17.58626442427571,30.68148347421827,174.11809548975475
19.66464941372302,32.67949192431117,150.00000000000045
23.935028291685988,35.857864376268296,129.28932188134905
27.89165743263144,40.000000000000206,113.39745962155556
37.32984108459061,44.82361909794888,103.40741737109411
48.68425077421486,49.9999999999983,100.0
62.5536670460378,55.17638090205004,103.40741737109266
63.73352805326234,60.000000000000796,113.39745962155844
59.20146688967332,64.14213562373092,129.28932188134507
54.06865813894389,67.32050807568827,149.99999999999562
59.63919120673916,69.31851652578085,174.11809548973838
75.92982763694137,70.0,199.99999999999667
78.79062238145355,69.3185165257812,225.88190451025517
90.3972788909518,67.32050807568893,249.9999999999986
104.56824867467587,64.14213562373186,270.7106781186502
111.60896188633492,59.999999999999986,286.6025403784439
121.4812747391294,55.17638090205133,296.5925826289056
125.685,49.99999999999964,300.0
125.685,44.823619097950164,296.5925826289076
125.685,40.00000000000136,286.60254037844777
125.685,35.857864376269234,270.71067811865566
125.685,32.67949192431184,250.00000000000531
125.685,30.681483474218613,225.88190451025167
116.12546838019585,30.0,200.0000000000044
98.5765904917446,30.681483474218155,174.11809548975685
89.50981653187809,32.67949192431096,150.00000000000233
82.16815601272161,35.85786437626959,129.28932188134252
72.22037875412505,39.99999999999983,113.39745962155664
71.65929218910726,44.823619097948466,103.40741737109468
78.77983431244168,50.00000000000015,100.0
84.77063351736538,55.17638090204962,103.40741737109211
86.09412684154498,60.000000000000426,113.39745962155736
96.69955751222564,64.14213562373061,129.28932188134357
125.685,67.32050807568805,149.99999999999375
123.18795387625784,69.31851652578133,174.11809548974728
110.18613516386374,70.0,199.99999999999451
92.02456442056697,69.31851652578132,225.8819045102531
87.85727967800679,67.32050807568915,249.99999999999673
102.08732451940963,64.14213562373217,270.7106781186487
111.60991315728731,60.000000000000355,286.6025403784428
114.72384346105372,55.17638090204955,296.59258262890796
120.77125458848238,50.00000000000007,300.0
115.14600934881459,44.82361909795058,296.5925826289082
125.62236239850955,40.000000000001734,286.60254037844885
119.24939800971175,35.85786437626954,270.7106781186572
120.49150894764647,32.67949192431092,249.99999999999733
123.72429544121192,30.681483474218723,225.88190451025375
125.685,30.0,200.00000000000657
125.685,30.681483474218634,174.11809548974796
125.685,32.67949192431074,150.0000000000042
125.685,35.85786437626929,129.28932188134405
125.685,39.99999999999946,113.3974596215577
125.685,44.82361909794805,103.40741737109524
125.685,49.999999999999716,100.0
125.685,55.176380902051406,103.4074173710945
125.685,60.00000000000005,113.39745962155628
125.685,64.14213562373031,129.28932188134206
125.685,67.32050807568784,149.9999999999919
125.685,69.31851652578122,174.1180954897452
111.12803872588252,70.0,200.00000000000372
88.48835277849189,69.31851652578142,225.88190451025102
75.93155201479469,67.32050807568936,249.99999999999486
83.98013580435422,64.14213562373247,270.71067811864714
105.93628969626081,60.00000000000073,286.60254037844174
114.91248113020634,55.176380902049964,296.59258262890745
125.685,50.0000000000005,300.0
125.685,44.82361909794881,296.5925826289058
125.685,40.0000000000021,286.60254037844993
125.685,35.857864376269845,270.71067811865873
82.8856495473396,32.67949192431114,249.9999999999992
89.55506654236211,30.681483474218837,225.88190451025582
98.4951468625728,30.0,199.99999999999736
105.94446065047616,30.68148347421793,174.118095489761
102.41911943517172,32.679491924310526,150.00000000000608
94.29589497678641,35.857864376268985,129.2893218813456
104.80465221532364,39.99999999999908,113.39745962155878
103.74330537330766,44.82361909794982,103.40741737109285
96.45275527463039,50.000000000001556,100.0
90.89848392059753,55.17638090204879,103.40741737109099
89.59989688688381,59.99999999999968,113.39745962155521
90.83289192523625,64.14213562373001,129.28932188134053
73.58203968629834,67.32050807568876,149.9999999999999
64.51175171639233,69.31851652578169,174.1180954897541
69.80158511865831,70.0,199.9999999999902
71.00726990915322,69.31851652578153,225.88190451024894
62.041023321513094,67.32050807568959,249.999999999993
32.77860289646408,64.14213562373116,270.7106781186537
12.71373912098027,59.99999999999913,286.60254037844635
6.343263997618328,55.17638090205038,296.5925826289069
11.870455331885383,50.00000000000093,300.0
28.152641203000034,44.823619097951415,296.59258262890927
41.776889938766075,40.00000000000051,286.6025403784453
30.80692439493612,35.85786437626854,270.7106781186522
10.230109770079961,32.67949192431135,250.00000000000105
6.380625758138461,30.681483474218947,225.88190451025793
13.276891763545796,30.0,200.00000000001089
21.0404086885266,30.68148347421841,174.1180954897521
23.62687635247517,32.67949192431145,149.9999999999981
27.595534835990698,35.85786437626868,129.28932188134712
22.548494756453454,40.00000000000068,113.39745962155418
16.09882931056163,44.823619097947216,103.40741737109634
15.877355467871173,49.999999999998856,100.0
25.90090937236533,55.17638090205057,103.40741737109337
29.159388656405667,59.999999999999304,113.39745962155413
19.95512089247753,64.1421356237313,129.28932188134704
19.960455568296798,67.3205080756874,149.99999999998818
23.619171300958634,69.31851652578099,174.11809548974105
36.803922937697806,70.0,199.9999999999994
29.956079349321396,69.31851652578165,225.88190451024684
28.069461192885033,67.32050807568866,250.00000000000097
32.53683807288141,64.14213562372987,270.71067811866016
31.188696187177925,60.00000000000148,286.6025403784396
18.598362315820854,55.176380902050795,296.5925826289063
8.656840241273516,50.000000000001364,300.0
4.584140923702197,44.82361909794964,296.5925826289069
2.495752842712042,39.99999999999891,286.6025403784407
1.4149031873806195,35.857864376270456,270.7106781186618
0.5717136252449371,32.67949192431156,250.00000000000293
1.0247188418707127,30.68148347421906,225.88190451026
0.0,30.0,200.00000000000168
0.0,30.681483474218886,174.1180954897432
0.0,32.679491924311236,149.99999999999994
3.2356698833373185,35.857864376268374,129.28932188134863
6.5112161122416845,39.99999999999834,113.39745962156094
9.887351074451162,44.82361909794899,103.40741737109397
17.78153565857793,50.000000000000696,100.0
23.054632541740002,55.176380902050155,103.40741737109282
24.31584557712057,59.999999999998934,113.39745962155305
28.89791534731098,64.14213562372939,129.28932188133746
38.89817287339426,67.32050807568832,149.99999999999613
47.74538642250465,69.31851652578148,174.11809548974995
53.54801178061478,70.0,199.99999999999724
66.86049605170686,69.31851652578118,225.88190451025574
74.87531238935708,67.32050807569001,249.99999999998926
80.36786283924829,64.14213562373178,270.7106781186506
76.89963346789105,59.99999999999988,286.6025403784442
81.23162983927233,55.176380902051214,296.59258262890575
99.81732838452173,49.99999999999952,300.0
106.61947860391552,44.823619097952246,296.5925826289104
113.690283495237,40.00000000000126,286.6025403784475
118.57142416096761,35.85786437626915,270.71067811865527
92.88016932686854,32.679491924311776,250.0000000000048
82.9969362390802,30.68148347421858,225.8819045102511
54.60540958380814,30.0,199.99999999999244
26.399123618368872,30.681483474218187,174.11809548975629
18.17018696649459,32.679491924311016,150.00000000000182
5.191900374185318,35.85786437626807,129.28932188135013
0.0,39.99999999999993,113.39745962155632
0.0,44.823619097950775,103.40741737109158
2.1176748390416478,49.99999999999799,100.0
13.418703844081262,55.176380902049736,103.40741737109227
21.323453552916895,59.99999999999856,113.39745962155196
28.967592635697045,64.1421356237307,129.289321881344
50.249553189912106,67.32050807568925,150.00000000000412
37.55923208923607,69.31851652578136,174.11809548974784
22.335557632634064,70.0,199.9999999999951
29.125544990301826,69.31851652578186,225.8819045102427
73.51687744376636,67.32050807568909,249.99999999999724
125.685,64.14213562373048,270.71067811865714
125.685,60.000000000000256,286.6025403784431
125.685,55.17638090205163,296.59258262890523
125.685,50.000000000002224,300.0
125.685,44.82361909795047,296.592582628908
119.7743711093307,39.99999999999966,286.6025403784429
117.21750065202154,35.857864376269454,270.7106781186568
125.685,32.67949192431086,249.99999999999682
125.685,30.68148347421928,225.88190451026418
119.46627365268084,30.0,200.00000000000597
125.685,30.681483474218663,174.11809548974736
123.65160725301786,32.6794919243108,150.0000000000037
106.69611394903306,35.857864376269376,129.28932188134365
90.70274648739299,39.999999999997584,113.39745962156309
81.14339905738949,44.82361909794816,103.40741737109508
74.18877752898898,49.99999999999984,100.0
69.07213404674285,55.176380902049324,103.4074173710917
60.50153044156682,60.000000000000156,113.39745962155658
56.08775833085105,64.142135623732,129.28932188135047
51.59381193426222,67.3205080756879,149.9999999999924
49.38999626280632,69.31851652578125,174.11809548974577
46.886161960771,70.0,199.99999999999295
51.683627489306225,69.31851652578139,225.8819045102516
49.85971001217447,67.32050807568817,250.00000000000523
52.097211384335104,64.14213562373239,270.7106781186476
53.231482712675685,60.000000000000625,286.60254037844203
56.792648183898564,55.176380902052045,296.59258262890467
57.074684558640215,50.000000000000384,300.0
52.34266049760182,44.82361909794869,296.59258262890563
48.94243824571201,40.000000000000036,286.60254037844396
44.33457640217118,35.85786437626976,270.7106781186583
35.166519986411615,32.67949192431222,250.00000000000853
33.99560372673373,30.681483474218805,225.88190451025528
30.991178660980825,30.0,199.99999999999676
31.972495086624562,30.681483474218552,174.11809548974946
34.270077319517455,32.67949192431058,150.00000000000557
34.540037616177024,35.85786437626746,129.2893218813532
35.783006321500004,39.99999999999918,113.39745962155848
33.77739675576922,44.823619097949944,103.40741737109269
29.607059064529214,49.9999999999994,100.0
24.91305849520674,55.1763809020511,103.40741737109408
18.18368275763478,59.99999999999781,113.39745962154981
11.90755505235844,64.14213562373008,129.28932188134092
6.319289155399602,67.32050807568882,150.0000000000004
3.3484954382947505,69.31851652578113,174.1180954897437
2.3425681097323823,70.0,200.00000000000216
4.254223351208139,69.31851652578209,225.8819045102385
6.105202966677617,67.32050807568953,249.99999999999352
5.552098336413307,64.14213562373108,270.7106781186541
4.3854671626213175,60.000000000001,286.60254037844095
2.9784230165230423,55.17638090205027,296.59258262890705
2.689344584944364,49.999999999998536,300.0
2.4268660141900353,44.8236190979513,296.5925826289091
1.9820217239929612,40.000000000000405,286.60254037844504
0.873207696089938,35.857864376270065,270.7106781186598
0.0,32.67949192431129,250.00000000000057
0.0,30.68148347421833,225.8819045102464
0.0,30.0,200.0000000000103
0.0,30.68148347421844,174.11809548975154
0.0,32.67949192431037,150.00000000000742
0.0,35.857864376268765,129.28932188134667
0.0,40.00000000000078,113.39745962155389
0.0,44.823619097949525,103.40741737109326
0.0,49.99999999999897,100.0
0.0,55.176380902048486,103.40741737109059
0.0,59.9999999999994,113.39745962155442
0.0,64.14213562373139,129.28932188134746
0.0,67.3205080756886,149.99999999999852
0.22706498509891362,69.31851652578104,174.1180954897416
0.40910558007271103,70.0,199.99999999998863
1.9209417336387964,69.31851652578162,225.8819045102474
4.867612107742601,67.3205080756886,250.00000000000148
6.581486628105366,64.14213562373139,270.71067811865254
7.360645414937638,59.9999999999994,286.6025403784456
11.965321945937019,55.176380902052884,296.59258262890353
15.329809620884564,50.00000000000124,300.0
16.73559235203586,44.823619097949525,296.5925826289067
17.3740470917302,40.00000000000078,286.6025403784461
14.482185758737982,35.857864376268765,270.71067811865333
11.886344122786827,32.67949192431264,250.00000000001228
8.871207038596792,30.68148347421903,225.88190451025943
7.805126517626624,30.0,200.00000000000108
4.497706637965043,30.68148347421833,174.1180954897536
5.53269762952237,32.67949192431129,149.99999999999943
13.240041061003643,35.857864376270065,129.2893218813402
25.14334091776462,39.99999999999844,113.39745962156064
26.938683255958413,44.823619097949106,103.40741737109381
41.962390313574005,49.99999999999854,100.0
48.31895804229082,55.17638090205027,103.40741737109298
60.29849234227711,60.000000000001,113.39745962155902
80.05635882903279,64.14213562372947,129.2893218813379
100.2675257178463,67.3205080756884,149.99999999999665
112.51510087302533,69.31851652578092,174.11809548973952
109.84025701318436,70.0,199.99999999999784
95.98585331069958,69.31851652578113,225.8819045102563
99.19969688498982,67.32050807568882,249.9999999999996
98.0542697162888,64.14213562373169,270.710678118651
66.93199512088408,60.00000000000175,286.6025403784388
61.353278444027836,55.1763809020511,296.5925826289059
53.09351537990662,49.9999999999994,300.0
42.373230170070094,44.82361909794994,296.5925826289073
21.563121282622532,40.00000000000115,286.6025403784472
4.231948172163346,35.857864376270676,270.7106781186629
5.175821519548036,32.67949192431172,250.0000000000043
13.979646783321659,30.681483474218552,225.88190451025054
31.86898822375496,30.0,200.00000000000324
41.49541771451431,30.681483474218805,174.11809548974472
31.416306190748138,32.67949192430994,150.00000000001117
22.965916272498873,35.857864376268154,129.28932188134974
19.073671505943153,40.000000000000036,113.39745962155604
21.581263941425394,44.82361909794869,103.40741737109437
30.797473071963477,50.000000000000384,100.0
41.53808195355251,55.176380902052045,103.40741737109536
47.5855392446793,59.99999999999866,113.39745962155227
40.8809083417336,64.14213562373078,129.2893218813444
28.902272232952164,67.32050807568817,149.99999999999477
21.743136589194474,69.31851652578139,174.1180954897484
18.51878288329433,70.0,200.00000000000705
16.66090647987993,69.31851652578183,225.88190451024326
17.441794474446766,67.32050807568903,249.99999999999775
18.62438836507409,64.142135623732,270.7106781186495
20.624293736652913,60.000000000000156,286.60254037844345
19.56408653600489,55.176380902049324,296.5925826289083
16.05444813613576,49.99999999999984,300.0
9.289383691263685,44.823619097950356,296.59258262890785
5.233692510955338,40.00000000000153,286.6025403784483
3.2810977811647013,35.857864376269376,270.71067811865635
1.8706505680875585,32.6794919243108,249.9999999999963
0.17427592835808414,30.681483474218663,225.8819045102526
0.0,30.0,200.0000000000054
0.0,30.681483474218105,174.1180954897578
0.0,32.67949192431086,150.00000000000318
0.22323742190132886,35.857864376269454,129.28932188134323
0.8702489058082198,39.99999999999966,113.39745962155712
1.6340895806861764,44.82361909795047,103.40741737109198
3.2352907081035545,49.99999999999768,100.0
4.987409117026535,55.17638090204944,103.40741737109185
5.172836013911509,60.000000000000256,113.39745962155688
4.746545883365717,64.14213562373048,129.28932188134286
4.582515079066715,67.32050807568909,150.00000000000276
3.6611839560788058,69.3185165257807,174.11809548973537
4.063775887505228,70.0,199.99999999999352
3.9113356201298313,69.31851652578136,225.88190451025216
3.9836766970106554,67.32050807568925,249.99999999999588
4.281461242491731,64.1421356237307,270.710678118656
4.4103310336165675,59.99999999999856,286.60254037844805
4.880195059630299,55.17638090205193,296.5925826289048
5.344540012491518,50.00000000000026,300.0
4.933757890670755,44.823619097950775,296.5925826289084
4.597038445322303,39.99999999999993,286.6025403784437
4.921060120350208,35.85786437626807,270.71067811864987
4.731730643840668,32.67949192431215,250.00000000000801
3.6797071151553418,30.681483474218776,225.88190451025469
3.101096483321993,30.0,200.00000000000753
3.2673063111898064,30.68148347421858,174.1180954897489
2.507815623977922,32.679491924311776,149.9999999999952
1.948891560857364,35.85786437626915,129.28932188134473
2.0609759717247735,39.99999999999929,113.3974596215582
2.778380948977178,44.823619097947855,103.40741737109549
3.622821815720664,49.99999999999952,100.0
4.694073942016053,55.176380902051214,103.40741737109424
7.214620091300616,59.99999999999988,113.3974596215558
9.89119864507915,64.14213562373017,129.28932188134135
17.709678374230187,67.32050807568774,149.99999999999105
19.35584490503929,69.31851652578118,174.11809548974426
20.314943008252808,70.0,200.00000000000276
19.404508605779192,69.31851652578148,225.88190451025005
13.747214791804664,67.32050807568832,250.00000000000387
7.00154173722952,64.14213562373261,270.71067811864646
2.885457875031628,60.000000000000895,286.6025403784413
0.7495941898581865,55.176380902050155,296.59258262890717
0.0,50.000000000000696,300.0
0.0,44.82361909794899,296.59258262890603
0.0,40.000000000002274,286.60254037845044
0.0,35.85786437626998,270.7106781186594
0.0,32.679491924311236,250.00000000000006
0.21817832143970295,30.681483474218886,225.8819045102568
1.3659825872702673,30.0,199.99999999999832
4.532124047573102,30.68148347421906,174.11809548974
8.026191157468556,32.679491924310426,150.0000000000069
8.17259273513147,35.85786437626884,129.28932188134627
9.644486760610567,39.99999999999891,113.39745962155928
15.144188744180092,44.82361909794964,103.4074173710931
20.01105424323446,50.000000000001364,100.0
22.328469536448512,55.17638090204861,103.40741737109073
19.192605493854085,59.99999999999951,113.39745962155472
15.881423174553547,64.14213562372987,129.28932188133984
23.496312004016765,67.32050807568866,149.99999999999903
37.71412533117137,69.31851652578165,174.11809548975316
34.08965045105845,70.0,200.0000000000006
30.537038649299607,69.31851652578159,225.88190451024798
30.839570838402263,67.32050807568967,249.99999999999216
33.46052729188724,64.1421356237313,270.71067811865294
32.47134663759918,59.999999999999304,286.60254037844584
27.869984753699228,55.17638090205057,296.5925826289066
22.076244421527573,50.00000000000113,300.0
15.50625957606905,44.82361909795161,296.59258262890955
11.14626493015768,40.00000000000068,286.60254037844584
9.336820302366775,35.85786437626868,270.71067811865294
7.915183688230102,32.67949192431145,250.0000000000019
4.718301608300932,30.68148347421841,225.8819045102479
2.856880313357311,30.0,200.00000000001185
2.1638675343897735,30.681483474218357,174.11809548975305
2.0427255424422865,32.67949192431135,149.99999999999892
2.675582492176566,35.85786437626854,129.2893218813478
4.01181647299073,40.00000000000051,113.39745962155466
5.343835422805932,44.823619097947024,103.4074173710966
6.347953582156712,49.99999999999866,100.0
7.01023222020181,55.17638090205038,103.40741737109312
7.409152081130574,59.99999999999913,113.39745962155364
6.266651953828947,64.14213562373116,129.28932188134632
3.010141223265437,67.32050807568959,150.000000000007
2.1542220337480447,69.31851652578095,174.11809548974009
1.682479253831848,70.0,199.99999999999844
2.185208739806728,69.31851652578169,225.8819045102459
2.90979666411118,67.32050807568876,250.00000000000014
1.2147748051201515,64.14213562373,270.7106781186595
1.522015720270542,60.00000000000165,286.60254037843913
4.6703237066981105,55.17638090205099,296.59258262890603
7.7049016001046375,50.000000000001556,300.0
11.034270949576877,44.82361909794982,296.59258262890717
13.144535174214582,39.99999999999908,286.60254037844123
13.986418024505978,35.857864376268985,270.7106781186544
13.455317508388667,32.67949192431166,250.00000000000378
10.451313231420444,30.68148347421911,225.88190451026094
9.621642353897117,30.0,200.00000000000264
14.108003852027064,30.681483474218837,174.11809548974418
23.355025974056048,32.67949192431114,150.0000000000008
33.58369723360488,35.85786437626824,129.28932188134934
45.251562824562036,39.99999999999817,113.39745962156142
57.46214282683143,44.82361909794881,103.40741737109421
65.12853688074402,50.0000000000005,100.0
76.9785440573651,55.176380902049964,103.40741737109256
92.85752216256162,60.00000000000073,113.39745962155824
102.1439540107825,64.14213562372926,129.28932188133678
104.93715689652812,67.32050807568822,149.99999999999528
93.27187873304892,69.31851652578142,174.11809548974898
83.68902223843534,70.0,199.99999999999628
78.33617546610336,69.31851652578122,225.8819045102548
75.16550456974605,67.32050807569011,249.9999999999884
72.89192830126743,64.14213562373192,270.7106781186499
69.83322364544107,60.00000000000005,286.60254037844373
65.65606715543139,55.176380902051406,296.5925826289055
70.08623993712348,49.999999999999716,300.0
78.67320427820117,44.82361909794805,296.5925826289048
82.3045594340059,40.00000000000142,286.602540378448
77.04476122763154,35.85786437626929,270.71067811865595
84.65585600750998,32.679491924311876,250.00000000000563
82.21786004675558,30.681483474218634,225.88190451025204
91.08517863051516,30.0,199.99999999999343
99.34566822025131,30.681483474218137,174.11809548975722
111.5024532679609,32.67949192431092,150.00000000000267
114.46336536925739,35.85786437626793,129.28932188135084
89.94512447730608,39.99999999999976,113.39745962155682
86.09740293387851,44.82361909795058,103.40741737109184
92.9385018567678,50.00000000000007,100.0
96.85230079666132,55.17638090204955,103.40741737109201
99.14886266332725,59.99999999999839,113.39745962155148
50.710741245939765,64.14213562373055,129.28932188134328
18.189108379683454,67.32050807568915,150.00000000000327
5.078989854485475,69.31851652578132,174.1180954897469
3.558937149564937,70.0,199.99999999999412
22.551940158307133,69.31851652578192,225.88190451024172
49.77766767181814,67.32050807568919,249.9999999999964
71.20949211670828,64.14213562373061,270.71067811865646
83.53932134600565,60.000000000000426,286.60254037844265
65.4577135778366,55.17638090204962,296.5925826289079
58.01376866974769,50.00000000000242,300.0
63.85700165169811,44.82361909795066,296.59258262890825
46.23748316560449,39.99999999999983,286.60254037844334
37.738611909627465,35.85786437626959,270.7106781186575
26.060439627643536,32.67949192431096,249.99999999999767
28.8926116338435,30.681483474219334,225.88190451026512
27.843701054478636,30.0,200.00000000000696
26.08685813781669,30.681483474218613,174.11809548974833
28.66997274009775,32.6794919243107,150.00000000000455
32.822843220858736,35.857864376269234,129.28932188134434
28.61651107844556,40.00000000000136,113.39745962155222
21.002066812360262,44.82361909794797,103.40741737109533
19.70459095102245,49.99999999999964,100.0
22.042571007134228,55.17638090204913,103.40741737109144
23.803814798004677,59.999999999999986,113.39745962155608
25.263140647955797,64.14213562373186,129.2893218813498
21.726705464599952,67.3205080756878,149.99999999999156
24.78304265907106,69.3185165257812,174.11809548974483
22.976801594464444,70.0,199.99999999999196
20.487870428718534,69.31851652578145,225.88190451025065
15.020459371232544,67.32050807568827,250.00000000000438
7.708694427177162,64.14213562373092,270.71067811865487
5.150535122676343,60.000000000000796,286.6025403784416
1.6274288126328464,55.17638090205224,296.5925826289044
0.655363182705464,50.000000000000576,300.0
2.6054089097967705,44.82361909794888,296.5925826289059
4.9146840822663975,40.0000000000002,286.6025403784445
6.652853425688138,35.8578643762699,270.710678118659
5.777814447394041,32.67949192431231,250.00000000000938
4.697311434436974,30.681483474218854,225.88190451025622
1.7648415798071377,30.0,199.99999999999775
0.2769942988437248,30.6814834742185,174.1180954897504
0.0,32.67949192431162,149.99999999999656
0.0,35.85786437626732,129.28932188135389
0.0,39.99999999999902,113.39745962155897
0.0,44.82361909794975,103.40741737109295
0.0,49.999999999999204,100.0
0.15462416365808668,55.17638090205091,103.40741737109383
0.7164298739729315,59.99999999999764,113.39745962154933
1.117049237744724,64.14213562372996,129.28932188134024
4.545986666860945,67.32050807568872,149.99999999999955
7.604790425266444,69.31851652578109,174.11809548974276
9.29634140404158,70.0,200.00000000000117
13.384490017308279,69.31851652578096,225.88190451025955
19.17328713575131,67.32050807568962,249.99999999999267
21.467841578637596,64.14213562373122,270.7106781186534
19.416486568520625,60.00000000000117,286.6025403784405
17.588823085220792,55.17638090205046,296.59258262890677
15.35134508447093,49.999999999998735,300.0
10.996803591672439,44.82361909795149,296.5925826289094
5.411030942329699,40.000000000000576,286.6025403784455
3.255332362208646,35.8578643762702,270.71067811866055
0.7460791034364316,32.67949192431139,250.0000000000014
0.1484173795200103,30.68148347421838,225.88190451024732
0.0,30.0,199.99999999999991
0.0,30.68148347421839,174.11809548975248
0.0,32.67949192431027,150.00000000000827
0.0,35.85786437626862,129.28932188134738
0.0,40.00000000000061,113.39745962155438
0.0,44.82361909794933,103.4074173710935
0.0,49.99999999999878,100.0
0.0,55.1763809020483,103.40741737109033
0.0,59.99999999999923,113.39745962155393
0.0,64.14213562373125,129.28932188134675
0.0,67.32050807568851,149.99999999999767
0.06149861846377933,69.31851652578156,174.11809548975162
0.7545982557110353,70.0,199.99999999998766
0.5416021980101939,69.31851652578166,225.88190451024647
0.0,67.3205080756887,250.00000000000063
0.2169078845680612,64.14213562373153,270.71067811865186
0.2634265155874996,59.999999999999574,286.6025403784451
0.021007723309751723,55.17638090205307,296.5925826289033
0.7991143480057777,50.00000000000144,300.0
4.882037270265733,44.82361909794972,296.592582628907
10.935715389919764,40.00000000000095,286.60254037844663
17.221651840456303,35.8578643762689,270.710678118654
16.787834963093168,32.67949192431047,249.9999999999934
20.17631249253997,30.68148347421908,225.88190451026037
25.721727438746147,30.0,200.00000000000205
31.03184231807052,30.68148347421828,174.11809548975458
36.76224808282388,32.67949192431119,150.00000000000028
45.937705372791356,35.85786437626993,129.28932188134087
44.11091038139055,39.999999999998266,113.39745962156114
49.535734477385994,44.82361909794892,103.40741737109407
48.88576484136163,49.999999999998344,100.0
45.214735990420785,55.17638090205008,103.40741737109272
49.029134583458976,60.00000000000083,113.39745962155854
45.935409388366814,64.14213562373095,129.28932188134524
49.065695624400426,67.32050807568828,149.9999999999958
56.11612894079103,69.31851652578086,174.11809548973858
73.47955832959917,70.0,199.99999999999687
70.28491352988434,69.31851652578119,225.88190451025537
65.8290915685176,67.3205080756889,249.99999999999878
63.99227148015565,64.14213562373183,270.7106781186503
71.40840162341522,60.00000000000192,286.60254037843833
85.04426003179987,55.17638090205129,296.5925826289057
86.39638290314734,49.999999999999595,300.0
77.22686351623297,44.82361909795013,296.59258262890756
75.32570060483995,39.99999999999935,286.602540378442
77.83242475445596,35.85786437627081,270.71067811866357
55.220885313051085,32.67949192431182,250.00000000000512
42.022872479763656,30.681483474218602,225.88190451025147
28.700755063316304,30.0,200.0000000000042
15.919620544731714,30.681483474218755,174.11809548974568
11.1103591234418,32.67949192430984,150.000000000012
9.867558755513903,35.85786437626801,129.28932188135042
6.886924972986777,39.999999999999865,113.39745962155654
5.094092978749973,44.8236190979485,103.40741737109462
4.4538449237611974,50.000000000000185,100.0
9.323189507656648,55.17638090205186,103.40741737109511
17.302262615246438,59.99999999999849,113.39745962155177
15.835480851208578,64.14213562373064,129.2893218813437
15.772104373922998,67.32050807568807,149.99999999999395
15.215825021737293,69.31851652578135,174.11809548974747
13.827465404460838,70.0,200.00000000000608
6.075386820393554,69.31851652578189,225.8819045102423
2.3007647701640908,67.32050807568913,249.9999999999969
1.5370287836836927,64.14213562373214,270.7106781186488
1.2337189646837259,60.00000000000032,286.60254037844294
0.9232743995941459,55.17638090204951,296.5925826289081
0.9271138060697591,50.00000000000003,300.0
0.3784112874569312,44.82361909795055,296.59258262890813
0.0,40.0000000000017,286.6025403784488
0.0,35.85786437626951,270.71067811865703
0.4460522403469013,32.679491924310895,249.99999999999716
3.197160715143529,30.681483474218712,225.88190451025358
3.7741474026924156,30.0,200.00000000000637
1.8788748940211475,30.681483474218055,174.11809548975873
0.0,32.67949192431076,150.00000000000404
0.0,35.85786437626932,129.2893218813439
0.0,39.99999999999949,113.3974596215576
0.0,44.823619097950285,103.40741737109224
0.0,49.999999999997485,100.0
0.0,55.176380902049246,103.4074173710916
0.0,60.000000000000085,113.39745962155638
0.0,64.14213562373034,129.28932188134218
0.0,67.32050807568899,150.0000000000019
0.0,69.31851652578064,174.1180954897344
0.0,70.0,199.99999999999255
0.0,69.3185165257814,225.88190451025122
0.0,67.32050807568935,249.99999999999505
0.0,64.14213562373084,270.7106781186553
0.0,59.99999999999873,286.60254037844754
0.0,55.176380902052124,296.59258262890455
0.0,50.00000000000046,300.0
0.29741567906208705,44.82361909795096,296.59258262890864
0.0,40.0000000000001,286.60254037844413
0.0,35.85786437626821,270.71067811865055
0.0,32.67949192431225,250.00000000000887
0.0,30.681483474218826,225.88190451025565
2.0597935123286426,30.0,200.00000000000853
2.6374921563685874,30.68148347421853,174.11809548974983
1.5612108253797174,32.679491924311684,149.99999999999605
2.5004508364604803,35.857864376269006,129.28932188134544
10.337069015342285,39.99999999999912,113.39745962155868
21.099061083403576,44.82361909794767,103.40741737109575
32.538013839786146,49.999999999999325,100.0
38.92029944947591,55.17638090205103,103.40741737109398
40.3559656210325,59.999999999999716,113.39745962155531
42.141342344079895,64.14213562373003,129.28932188134064
45.49461017049407,67.32050807568764,149.9999999999902
56.59344597506532,69.31851652578112,174.1180954897433
54.90258109533201,70.0,200.00000000000176
55.643560222977726,69.31851652578152,225.88190451024911
67.57656886454446,67.32050807568842,250.000000000003
67.42924808080708,64.14213562373276,270.7106781186458
80.09959014912111,60.000000000001066,286.6025403784408
108.90521491029186,55.17638090205034,296.59258262890694
121.41012708048522,50.00000000000089,300.0
120.20475409380154,44.823619097949184,296.59258262890626
125.685,40.000000000002444,286.60254037845095
125.59545823945842,35.85786437627012,270.7106781186601
77.07158188970604,32.67949192431133,250.00000000000088
79.94998214752874,30.681483474218936,225.88190451025773
88.36447660755032,30.0,199.99999999999932
94.0081790469797,30.681483474219007,174.11809548974094
97.72304040081384,32.67949192431033,150.00000000000776
106.05726210421172,35.85786437626871,129.28932188134695
116.3206415339912,39.99999999999874,113.39745962155976
121.60114526645313,44.82361909794945,103.40741737109336
114.51729494561899,50.000000000001165,100.0
106.52798935012558,55.176380902048415,103.40741737109049
100.58121228005525,59.99999999999934,113.39745962155423
93.7353650317475,64.14213562372973,129.28932188133913
69.15260064108584,67.32050807568856,149.99999999999818
81.01080637668363,69.3185165257816,174.1180954897522
83.65837689256509,70.0,199.9999999999996
82.97905244625892,69.31851652578163,225.88190451024704
85.53227412576929,67.32050807568977,249.9999999999913
87.45777949181573,64.14213562373145,270.71067811865225
80.44726948977862,59.999999999999474,286.6025403784454
76.08491855927831,55.17638090205076,296.59258262890637
78.27015626702834,50.00000000000132,300.0
82.3130855053993,44.82361909795179,296.5925826289098
91.1324524930002,40.00000000000085,286.6025403784463
91.0059546571431,35.85786437626882,270.7106781186536
85.96355081928374,32.67949192431155,250.00000000000276
79.26880876336402,30.68148347421846,225.88190451024883
73.08255729203812,30.0,200.00000000001285
70.09952799323375,30.681483474218307,174.118095489754
66.99805737298514,32.67949192431125,149.99999999999977
74.87535307236908,35.8578643762684,129.28932188134849
86.77442298846242,40.00000000000034,113.39745962155516
94.73292827112768,44.82361909794683,103.40741737109686
91.83816714868917,49.99999999999846,100.0
82.83544269002296,55.17638090205019,103.40741737109286
72.52927509033115,59.99999999999896,113.39745962155314
68.30518756485665,64.14213562373104,129.28932188134564
40.97293731744144,67.32050807568947,150.00000000000614
32.76683892905534,69.3185165257809,174.11809548973915
27.393086453320468,70.0,199.99999999999744
26.79074303036848,69.31851652578175,225.88190451024496
28.84946131504653,67.32050807568885,249.99999999999926
26.584720028191185,64.14213562373014,270.7106781186588
29.325099781487086,60.00000000000182,286.6025403784386
35.633814794821895,55.17638090205118,296.5925826289058
34.508229933056974,50.000000000001755,300.0
25.57723683837375,44.823619097950015,296.5925826289074
15.387885570502439,39.999999999999254,286.6025403784417
8.0813480302499,35.85786437626912,270.7106781186551
4.085269055722609,32.67949192431176,250.0000000000046
1.852692331797238,30.68148347421916,225.8819045102619
3.8217828926521644,30.0,200.00000000000364
6.751279274237173,30.681483474218783,174.11809548974512
8.779769193568733,32.67949192431104,150.00000000000165
11.40722018306625,35.8578643762681,129.28932188135002
11.143703255113081,39.999999999997996,113.39745962156191
6.708886913432846,44.823619097948615,103.40741737109447
1.9998983175568394,50.000000000000306,100.0
0.6229808237851758,55.17638090204978,103.40741737109231
0.0,60.00000000000056,113.39745962155774
0.0,64.14213562372912,129.2893218813361
0.0,67.32050807568814,149.99999999999443
0.0,69.31851652578138,174.11809548974804
0.0,70.0,199.9999999999953
0.9627938041282936,69.31851652578126,225.88190451025386
3.498435558713825,67.32050807569021,249.99999999998755
5.610974673777551,64.14213562373206,270.71067811864924
6.603656003433708,60.00000000000022,286.6025403784432
6.709875547198024,55.17638090205159,296.59258262890523
9.197428255972916,49.999999999999915,300.0
20.76859506032709,44.82361909794824,296.592582628905
45.65535239288971,40.00000000000159,286.60254037844845
58.40873962034757,35.857864376269426,270.71067811865663
64.50412858923389,32.679491924311975,250.00000000000648
62.550157232895714,30.681483474218684,225.88190451025298
72.04792237725341,30.0,199.9999999999944
113.28444550377336,30.681483474218084,174.11809548975816
125.685,32.679491924310824,150.00000000000352
125.685,35.85786437626779,129.28932188135155
125.685,39.999999999999595,113.3974596215573
125.685,44.82361909795039,103.4074173710921
125.685,49.99999999999987,100.0
116.46979891704329,55.17638090204936,103.40741737109175
89.28696367866551,59.99999999999822,113.397459621551
69.79729092874764,64.14213562373043,129.2893218813426
51.49368356778627,67.32050807568905,150.00000000000242
42.02083032861266,69.31851652578126,174.11809548974597
35.395527149770494,70.0,199.99999999999315
31.5086942236221,69.31851652578197,225.8819045102408
36.2244899443534,67.32050807568929,249.99999999999554
45.32304231505895,64.14213562373075,270.7106781186558
53.43786419143238,60.0000000000006,286.60254037844214
50.615683467432156,55.176380902049814,296.5925826289076
40.88714758863247,50.000000000002615,300.0
30.634201404680784,44.823619097950846,296.59258262890853
18.537650904652345,40.0,286.60254037844385
13.6982007070516,35.85786437626973,270.71067811865817
10.556090554009113,32.67949192431105,249.99999999999852
13.700758032492127,30.681483474219384,225.88190451026605
19.16420129543003,30.0,200.00000000000793
27.265800866567886,30.681483474218563,174.11809548974927
37.26921135095713,32.679491924310604,150.0000000000054
40.08015704587285,35.85786437626909,129.28932188134502
31.403647804557938,40.00000000000119,113.39745962155271
24.176346534185146,44.823619097947784,103.40741737109559
18.003754799755818,49.99999999999944,100.0
12.440895814953128,55.17638090204895,103.4074173710912
10.03402939952867,59.999999999999815,113.3974596215556
10.789617389859503,64.14213562373172,129.2893218813491
12.468036473673601,67.3205080756877,149.9999999999907
17.79615244132725,69.31851652578115,174.1180954897439
22.71034813212333,70.0,199.999999999991
20.818644502235134,69.31851652578149,225.88190451024968
18.721693041273817,67.32050807568837,250.00000000000352
15.744280395780306,64.14213562373106,270.7106781186542
14.409047703358752,60.000000000000966,286.60254037844106
14.219535195890431,55.17638090205243,296.59258262890415
12.00972809637504,50.000000000000774,300.0
9.464351357558547,44.82361909794907,296.59258262890614
8.636519409676849,40.00000000000037,286.6025403784449
7.049273335876192,35.85786437627004,270.7106781186597
6.413689860327226,32.67949192431241,250.00000000001023
4.8047198763725625,30.681483474218908,225.88190451025716
3.9541310499117475,30.0,199.99999999999872
3.475809239473993,30.68148347421845,174.11809548975137
4.844172582554484,32.67949192431153,149.9999999999974
6.755973467565956,35.85786437626718,129.28932188135457
6.575341054122904,39.99999999999885,113.39745962155948
6.692502781469397,44.82361909794956,103.4074173710932
7.04252467634915,49.99999999999901,100.0
6.324441396434311,55.176380902050724,103.40741737109357
6.1214781785970445,59.99999999999747,113.39745962154883
5.530612513251052,64.14213562372981,129.28932188133956
3.473051032620207,67.32050807568862,149.9999999999987
1.3090817624807132,69.31851652578104,174.1180954897418
0.46943196173398927,70.0,200.0000000000002
0.15435156188527666,69.31851652578102,225.88190451025858
0.7113744244777275,67.32050807568972,249.99999999999181
0.47803076224371316,64.14213562373136,270.7106781186527
0.06271706811538597,60.00000000000134,286.60254037844
0.0020669499543243953,55.176380902050646,296.59258262890654
0.0704126732251643,49.999999999998934,300.0
0.25501215217945716,44.82361909795168,296.59258262890967
0.5875715481457965,40.000000000000746,286.602540378446
1.3489247701751697,35.85786437627034,270.71067811866124
4.004745574423055,32.679491924311485,250.00000000000225
5.778838367066298,30.681483474218428,225.88190451024826
4.733921889642868,30.0,200.00000000000088
3.3931176266711223,30.68148347421834,174.11809548975344
2.225587888515104,32.67949192431017,150.00000000000912
2.784345946489937,35.85786437626848,129.2893218813481
4.975113441470064,40.00000000000044,113.39745962155486
7.823410737878535,44.82361909794915,103.40741737109376
11.202749015011802,49.99999999999858,100.0
13.136319616541225,55.17638090204811,103.40741737109008
14.687239085646489,59.99999999999906,113.39745962155344
17.924845007261865,64.14213562373112,129.28932188134607
22.764513505475314,67.32050807568841,149.99999999999682
23.136234064307082,69.31851652578152,174.1180954897507
22.84280268120119,70.0,199.99999999998667
19.416263201571372,69.31851652578172,225.88190451024553
17.489405496092,67.32050807568879,249.99999999999977
14.879147886014923,64.14213562373166,270.7106781186512
7.945860595499878,59.999999999999744,286.6025403784446
6.192742230503092,55.17638090205326,296.592582628903
9.780684167102192,50.000000000001634,300.0
11.175898331877159,44.8236190979499,296.5925826289073
8.478819107796019,40.00000000000112,286.6025403784471
6.3653135327101396,35.857864376269035,270.7106781186547
8.500067091291486,32.67949192431057,249.99999999999426
12.891269801944853,30.68148347421913,225.88190451026134
21.343574873886855,30.0,200.00000000000304
30.564332691711538,30.681483474218226,174.11809548975552
39.6087091992542,32.679491924311094,150.00000000000114
47.930071826203445,35.85786437626979,129.28932188134155
52.882512920139135,40.00000000000007,113.39745962155594
60.52314956526822,44.82361909794873,103.40741737109433
65.20932634396296,49.999999999998145,100.0
71.43118255144032,55.17638090204989,103.40741737109246
80.35876610353002,60.00000000000066,113.39745962155806
87.3487311282958,64.14213562373081,129.28932188134456
101.6060854897524,67.3205080756882,149.99999999999494
99.14942494933746,69.31851652578081,174.11809548973764
96.420706890792,70.0,199.99999999999588
86.59379079130173,69.31851652578123,225.88190451025443
74.98744885776871,67.32050807568902,249.99999999999793
71.27540051079292,64.14213562373037,270.7106781186577
71.18984741613232,60.00000000000209,286.6025403784378
74.97997647020951,55.17638090205148,296.5925826289054
81.73943161470424,49.999999999999794,300.0
85.0657726661078,44.82361909795032,296.5925826289078
86.29771144538165,39.999999999999524,286.6025403784425
87.3722438268293,35.85786437627095,270.71067811866425
91.67841935143204,32.67949192431192,250.00000000000597
94.17128515221623,30.681483474218652,225.88190451025244
99.09462412749767,30.0,200.0000000000052
109.69444050429385,30.681483474218705,174.11809548974662
116.34013812214499,32.67949192431202,149.99999999999318
123.51467593700879,35.85786437626788,129.2893218813511
119.89232740986458,39.999999999999694,113.39745962155702
119.9471781821397,44.82361909794831,103.40741737109488
113.59936725346913,49.99999999999999,100.0
99.11373616127048,55.17638090205167,103.40741737109485
83.0374342900612,59.99999999999832,113.39745962155129
70.40027245384358,64.1421356237305,129.28932188134303
75.09920579237367,67.32050807568797,149.9999999999931
71.4415390858911,69.31851652578129,174.11809548974654
70.72431441213116,70.0,200.0000000000051
63.66161933529207,69.31851652578135,225.88190451025235
59.582362781582475,67.32050807568923,249.99999999999605
53.03023389659388,64.14213562373227,270.7106781186481
48.50861608845625,60.0000000000005,286.6025403784424
49.764361197343796,55.1763809020497,296.5925826289078
50.02806352137802,50.00000000000023,300.0
52.608661938796764,44.82361909795073,296.59258262890836
57.92037435958976,40.00000000000187,286.60254037844925
57.85300657811361,35.857864376269646,270.7106781186577
50.45363849393274,32.679491924310994,249.999999999998
57.68954715522207,30.681483474218766,225.88190451025451
72.67686394887595,30.0,199.999999999996
71.00375273149433,30.681483474218002,174.1180954897597
67.74437268967706,32.67949192431067,150.0000000000049
66.54357550071994,35.85786437626918,129.28932188134462
60.96893435815478,39.99999999999932,113.3974596215581
59.52138285280698,44.82361909795009,103.40741737109249
61.785397327840954,49.999999999997286,100.0
62.30410275878505,55.176380902049054,103.40741737109134
54.90115156275856,59.999999999999915,113.3974596215559
43.819898956756354,64.1421356237302,129.2893218813415
27.717897642460176,67.32050807568889,150.00000000000105
24.771909437404837,69.31851652578177,174.11809548975543
28.99550762525989,70.0,199.99999999999156
24.672908553873793,69.31851652578146,225.88190451025025
20.073639001528807,67.32050807568945,249.9999999999942
20.285867920729196,64.14213562373098,270.71067811865464
19.312560682334336,59.9999999999989,286.60254037844703
21.82126572848552,55.176380902052315,296.5925826289043
21.992596496132517,50.000000000000654,300.0
14.008475993748016,44.82361909795115,296.59258262890893
6.559288949767526,40.00000000000027,286.60254037844464
6.941079772468299,35.857864376268346,270.71067811865123
11.196707331668025,32.67949192431121,249.9999999999999
21.208575488207707,30.681483474218876,225.8819045102566
35.92463856741223,30.0,200.0000000000095
49.501481259793835,30.68148347421848,174.11809548975077
90.36953213268858,32.679491924311584,149.9999999999969
89.45592021493951,35.85786437626887,129.28932188134613
58.300604157870936,39.99999999999895,113.39745962155916
54.646051462329474,44.82361909794748,103.40741737109599
87.02330992058283,49.999999999999126,100.0
99.025748009724,55.17638090205084,103.40741737109373
112.5198295044343,59.999999999999545,113.39745962155482
123.65678016179328,64.1421356237315,129.289321881348
85.07262738825385,67.32050807568754,149.99999999998937
91.03461524957649,69.31851652578106,174.11809548974236
86.91872054852797,70.0,200.0000000000008
98.34360167571413,69.31851652578158,225.88190451024818
120.83859183988093,67.32050807568852,250.00000000000216
125.41345509833694,64.14213562373288,270.7106781186451
125.685,60.000000000001236,286.60254037844027
125.685,55.17638090205053,296.59258262890665
125.685,50.00000000000109,300.0
118.6175151145257,44.823619097949376,296.59258262890654
104.07105161525529,39.99999999999868,286.60254037844004
85.75712632517426,35.85786437627026,270.7106781186608
69.56533079358435,32.67949192431143,250.00000000000173
49.45787450153701,30.68148347421899,225.88190451025866
44.58464186112308,30.0,200.00000000000028
40.21313665627889,30.681483474218957,174.11809548974188
36.27498923848424,32.679491924310234,150.0000000000086
37.74507461693232,35.857864376268566,129.28932188134763
35.54905709401114,39.99999999999858,113.39745962156024
27.202974133201767,44.82361909794926,103.40741737109362
23.26259021117996,50.00000000000097,100.0
17.76930978207897,55.17638090205042,103.40741737109317
12.857930940735327,59.99999999999917,113.39745962155374
6.409959210653074,64.14213562372959,129.28932188133842
3.658203840711059,67.32050807568847,149.99999999999733
0.5317496102175402,69.31851652578155,174.11809548975125
0.25444131915115836,70.0,199.99999999999864
1.271726627949398,69.31851652578169,225.8819045102461
0.6230888059488539,67.32050807568987,249.99999999999045
0.0,64.14213562373158,270.7106781186516
0.0,59.999999999999645,286.60254037844487
0.0,55.17638090205095,296.59258262890614
0.0,49.99999999999925,300.0
0.0,44.82361909795198,296.59258262891
0.0,40.000000000001016,286.6025403784468
0.0,35.85786437626896,270.7106781186543
0.0,32.67949192431165,250.0000000000036
0.0,30.68148347421851,225.8819045102498
0.0,30.0,200.0000000000138
0.0,30.681483474218258,174.11809548975495
0.0,32.67949192431115,150.00000000000063
0.0,35.85786437626826,129.28932188134917
0.7803510918883024,40.00000000000017,113.39745962155564
1.6520146218015719,44.82361909795104,103.40741737109123
2.5021437491170846,49.999999999998266,100.0
4.222442498310442,55.176380902050006,103.40741737109262
6.645534443415742,59.99999999999879,113.39745962155266
7.456295001842353,64.1421356237309,129.28932188134496
7.509691189472203,67.32050807568939,150.00000000000531
7.138870511701937,69.31851652578084,174.1180954897382
8.073482231655563,70.0,199.99999999999648
8.12075149086277,69.3185165257818,225.881904510244
8.295950755723737,67.32050807568896,249.99999999999844
8.789709927048072,64.14213562373028,270.7106781186581
9.275344427518267,60.000000000000014,286.6025403784438
8.749789856895672,55.17638090205136,296.5925826289056
8.290195451111224,50.00000000000195,300.0
11.418427342709197,44.82361909795021,296.5925826289077
16.49706622382046,39.999999999999424,286.6025403784422
26.916322045775352,35.85786437626926,270.7106781186558
35.178676135874234,32.67949192431186,250.00000000000546
41.023202231145284,30.68148347421921,225.88190451026284
39.036269469410776,30.0,200.0000000000046
36.76310824452061,30.681483474218734,174.11809548974605
38.35396995579079,32.67949192431094,150.0000000000025
42.143192071568585,35.85786437626957,129.2893218813427
50.390524768922965,39.999999999997826,113.39745962156242
56.135452578412846,44.82361909794842,103.40741737109472
59.309128740272946,50.00000000000011,100.0
65.04473197131097,55.17638090204959,103.40741737109205
70.13552310423415,60.00000000000039,113.39745962155726
69.77473468814647,64.14213562372898,129.2893218813354
69.27345374835097,67.32050807568802,149.99999999999358
63.86791247776521,69.31851652578132,174.1180954897471
54.5371263476404,70.0,199.99999999999432
48.47677116041676,69.31851652578132,225.8819045102529
45.27451053076206,67.32050807568802,250.00000000000642
42.87117922546752,64.1421356237322,270.7106781186485
42.87730028127852,60.00000000000039,286.60254037844277
45.38893528710829,55.17638090205178,296.592582628905
45.648211679830666,50.00000000000011,300.0
44.56687347169972,44.82361909794842,296.5925826289053
42.265347394502044,40.00000000000176,286.60254037844896
39.80375072034924,35.85786437626957,270.7106781186573
27.839122920342128,32.679491924312075,250.00000000000733
30.027975536163755,30.681483474218734,225.88190451025395
34.176240353114245,30.0,199.9999999999954
37.892381022493836,30.681483474218624,174.11809548974813
42.945122891735835,32.679491924310724,150.00000000000438
51.65407720828909,35.857864376267656,129.28932188135224
64.4008957720086,39.999999999999424,113.3974596215578
74.85975219597137,44.82361909795021,103.40741737109234
80.50546111322848,49.99999999999968,100.0
78.31189577616108,55.17638090204917,103.4074173710915
71.34674925392561,59.999999999998046,113.3974596215505
61.733723052362485,64.14213562373028,129.2893218813419
47.518787271578134,67.32050807568896,150.00000000000156
43.29048920098306,69.3185165257812,174.118095489745
38.010852748722094,70.0,200.00000000000352
33.54154300183622,69.31851652578203,225.88190451023985
30.152797852473803,67.32050807568939,249.99999999999469
27.50767448583978,64.1421356237309,270.71067811865504
25.938656827937955,60.00000000000077,286.60254037844163
24.112146917386426,55.17638090205,296.5925826289074
20.679022001771305,50.000000000002814,300.0
16.92576549437008,44.82361909795104,296.59258262890876
12.49900516066768,40.00000000000017,286.60254037844436
11.287105378625924,35.85786437626987,270.71067811865885
9.53846174041269,32.67949192431115,249.99999999999937
10.094090742495474,30.681483474218258,225.88190451024505
11.536564684218055,30.0,200.00000000000892
13.573586904499873,30.68148347421851,174.1180954897502
16.479058994057173,32.67949192431051,150.00000000000625
19.67012649959737,35.85786437626896,129.2893218813457
22.44608887157429,40.00000000000102,113.3974596215532
22.641371238910917,44.82361909794759,103.40741737109585
24.08803821502021,49.99999999999925,100.0
23.783393031100548,55.176380902048756,103.40741737109094
22.456721147918973,59.999999999999645,113.39745962155511
21.521278529005162,64.14213562373158,129.28932188134843
26.627767261991686,67.32050807568874,149.99999999999972
25.37401596274343,69.31851652578109,174.11809548974293
23.388879889635717,70.0,199.99999999999
18.38955871164842,69.31851652578155,225.88190451024875
19.095389531747944,67.32050807568847,250.00000000000267
21.862175569759067,64.14213562373119,270.7106781186535
25.329953656869012,60.00000000000114,286.6025403784406
29.954197418811816,55.176380902052614,296.59258262890387
28.101068386594985,50.00000000000097,300.0
27.729486784437032,44.823619097949255,296.59258262890637
30.683697201424284,40.00000000000054,286.60254037844544
39.46129621042384,35.857864376268566,270.71067811865237
51.30175790252913,32.67949192431251,250.00000000001108
57.95152937468445,30.681483474218957,225.8819045102581
64.62038494502,30.0,199.99999999999972
70.45546648550037,30.6814834742184,174.1180954897523
78.0776268261071,32.67949192431143,149.99999999999827
92.79955068410476,35.857864376267045,129.28932188135528
114.72101827273593,39.99999999999868,113.39745962155996
125.685,44.823619097949376,103.40741737109346
125.685,49.99999999999881,100.0
125.685,55.17638090205053,103.40741737109333
125.685,60.000000000001236,113.39745962155972
125.685,64.14213562372967,129.28932188133888
121.45210842332416,67.32050807568852,149.99999999999784
98.49419755611697,69.31851652578098,174.11809548974085
84.40926943307574,70.0,199.9999999999992
78.970839534197,69.31851652578106,225.88190451025764
76.20611533172546,67.32050807568982,249.99999999999096
72.26306285215948,64.1421356237315,270.710678118652
62.58732433340988,60.000000000001506,286.6025403784395
56.42232283478147,55.17638090205084,296.59258262890626
60.66206711900674,49.999999999999126,300.0
62.45849518608852,44.823619097949674,296.59258262890694
62.31431687130244,40.00000000000092,286.6025403784465
70.14076649443825,35.857864376270484,270.7106781186619
67.06950076607262,32.679491924311584,250.0000000000031
61.44851452900758,30.68148347421848,225.8819045102492
62.828879641606505,30.0,200.00000000000185
64.53584317532449,30.681483474218286,174.11809548975438
69.7495612437481,32.67949192431007,150.00000000000998
76.91534510962637,35.857864376268346,129.28932188134877
83.72048455818499,40.00000000000027,113.39745962155536
91.3060279310723,44.823619097948956,103.40741737109401
98.76282271544187,50.000000000000654,100.0
105.4127077409694,55.176380902047924,103.40741737108982
107.59795047784154,59.9999999999989,113.39745962155295
103.4833570671535,64.14213562373098,129.28932188134536
78.94483107577959,67.32050807568831,149.99999999999596
82.53078232310824,69.31851652578146,174.11809548974975
83.3327790255926,70.0,199.9999999999857
70.9747354409403,69.31851652578177,225.88190451024457
58.86710283210407,67.32050807568889,249.99999999999895
53.47205812481846,64.1421356237318,270.7106781186505
51.34096540910066,59.999999999999915,286.60254037844413
48.15938486051434,55.176380902049054,296.59258262890864
45.696263075075954,50.00000000000183,300.0
44.41371436107488,44.82361909795009,296.5925826289075
38.04803364849055,40.00000000000129,286.6025403784476
30.41197186087444,35.85786437626918,270.7106781186554
32.865699152231514,32.67949192431067,249.9999999999951
43.30864138818209,30.68148347421918,225.88190451026227
51.562475381279015,30.0,200.000000000004
52.77417766238464,30.681483474218176,174.11809548975646
48.44018764845281,32.679491924310994,150.000000000002
47.17059276226507,35.857864376269646,129.28932188134223
46.64333865973893,39.9999999999999,113.39745962155644
52.263745070897635,44.82361909794854,103.40741737109457
59.02580289057774,49.999999999997954,100.0
61.10217237923383,55.1763809020497,103.40741737109221
59.25994553593141,60.0000000000005,113.39745962155756
55.23299950031191,64.14213562373067,129.28932188134382
58.60543866730258,67.3205080756881,149.9999999999941
50.05636687827981,69.31851652578077,174.11809548973667
39.94694541011795,70.0,199.9999999999949
32.32312084498734,69.31851652578129,225.88190451025346
24.850268489669624,67.3205080756891,249.99999999999707
20.612555656527686,64.1421356237305,270.710678118657
20.708775541088702,60.00000000000226,286.6025403784373
25.11021148778125,55.17638090205167,296.5925826289051
30.048577691875114,49.99999999999999,300.0
31.243839270063116,44.823619097950505,296.5925826289081
34.53623796475273,39.999999999999694,286.602540378443
40.43117239445015,35.85786437627109,270.710678118665
56.19204877193726,32.67949192431202,250.00000000000682
57.81275815929586,30.681483474218705,225.88190451025338
56.66265785537688,30.0,200.00000000000617
61.37695337182088,30.681483474218652,174.11809548974756
71.21075201775022,32.67949192431192,149.99999999999403
79.27621988685911,35.857864376267734,129.2893218813518
82.06943328415706,39.999999999999524,113.3974596215575
86.1874940106138,44.823619097948125,103.40741737109514
89.14229077043704,49.999999999999794,100.0
93.02820272887313,55.17638090205148,103.4074173710946
89.51427455867587,59.99999999999815,113.3974596215508
76.98633238187472,64.14213562373037,129.28932188134232
58.62718764391333,67.32050807568788,149.99999999999224
54.39583498588254,69.31851652578123,174.1180954897456
52.562818692260535,70.0,200.00000000000412
53.718384440998946,69.3185165257814,225.8819045102514
54.086155407494495,67.32050807568933,249.9999999999952
49.382887364701276,64.14213562373241,270.7106781186474
44.24005753403735,60.00000000000066,286.602540378442
37.27979336254299,55.17638090204989,296.5925826289075
36.6653890110366,50.00000000000042,300.0
36.87296793027983,44.823619097950925,296.59258262890864
31.931979752971372,40.00000000000204,286.60254037844976
28.4857279425172,35.85786437626979,270.71067811865845
22.223591263043428,32.679491924311094,249.99999999999886
21.743841545296938,30.681483474218815,225.88190451025545
24.61436211122038,30.0,199.99999999999696
30.313099574474087,30.681483474217956,174.11809548976063
35.1053805610784,32.67949192431057,150.00000000000574
40.488752947741254,35.85786437626904,129.2893218813453
44.52918704903415,39.99999999999915,113.39745962155858
50.05015115047896,44.8236190979499,103.40741737109275
60.179680393779236,49.99999999999709,100.0
72.10754791257531,55.17638090204887,103.4074173710911
77.5178130147646,59.999999999999744,113.39745962155541
78.137641332818,64.14213562373006,129.2893218813408
57.40745744134324,67.32050807568879,150.00000000000023
62.45656126158162,69.31851652578172,174.11809548975447
58.92726374228842,70.0,199.9999999999906
55.52189618928576,69.31851652578152,225.8819045102493
53.8269531920795,67.32050807568955,249.99999999999335
54.70561650880808,64.14213562373112,270.71067811865396
50.787341519862004,59.99999999999906,286.6025403784466
46.85470870883394,55.1763809020525,296.59258262890404
42.51191871623831,50.00000000000085,300.0
38.80646430487512,44.82361909795134,296.5925826289092
37.62162250919587,40.00000000000044,286.60254037844516
32.043249102622475,35.85786437626848,270.7106781186519
27.055921627502837,32.67949192431131,250.00000000000074
28.957901687221113,30.681483474218926,225.88190451025753
31.183147132183045,30.0,200.0000000000105
33.4929863462845,30.681483474218428,174.11809548975174
38.518861935904184,32.67949192431149,149.99999999999775
43.97356621797212,35.857864376268736,129.28932188134684
51.46168500656204,39.99999999999878,113.39745962155966
60.47297822938719,44.82361909794729,103.40741737109624
64.71250786841385,49.999999999998934,100.0
67.33644614931929,55.176380902050646,103.40741737109347
74.26151019461346,59.999999999999375,113.39745962155432
77.97222486861625,64.14213562373136,129.2893218813473
70.38852977244113,67.32050807568744,149.9999999999885
65.43308191794121,69.31851652578102,174.11809548974142
57.198185708051824,70.0,199.9999999999998
43.52646346507044,69.31851652578163,225.88190451024724
35.81947308160563,67.32050807568862,250.0000000000013
30.888955088798728,64.14213562373303,270.7106781186444
27.844013095018678,60.00000000000141,286.6025403784398
26.121705916428173,55.176380902050724,296.5925826289064
25.42829259401445,50.000000000001286,300.0
26.68996351495631,44.82361909794956,296.5925826289068
25.71155929739493,39.99999999999885,286.6025403784405
24.48268698098817,35.8578643762704,270.71067811866146
26.594278225394163,32.67949192431153,250.0000000000026
31.504819465299676,30.68148347421904,225.88190451025963
38.28305665150926,30.0,200.00000000000128
45.742145947645064,30.681483474218908,174.11809548974284
54.395041885057736,32.679491924310135,150.00000000000946
60.3825116277171,35.85786437626843,129.28932188134837
62.06681448110396,39.99999999999841,113.39745962156074
68.01308310740062,44.82361909794907,103.40741737109386
80.30249635408732,50.000000000000774,100.0
88.2138557359823,55.17638090205023,103.40741737109292
90.424179708577,59.999999999999,113.39745962155324
83.94424746620847,64.14213562372944,129.28932188133774
69.76078755742498,67.32050807568837,149.99999999999648
60.48956329018869,69.31851652578149,174.11809548975032
53.055413812064806,70.0,199.99999999999764
46.712064760338,69.31851652578175,225.88190451024514
40.257575913940826,67.32050807568997,249.9999999999896
36.649703761817214,64.14213562373172,270.7106781186509
36.69192530174701,59.999999999999815,286.6025403784444
35.472709652508804,55.176380902051136,296.59258262890586
30.876087385242826,49.99999999999944,300.0
28.904249768166796,44.823619097952175,296.5925826289103
28.935466494033438,40.00000000000119,286.6025403784473
32.06163554876759,35.85786437626909,270.710678118655
27.69398324455,32.67949192431174,250.00000000000446
30.618110185265714,30.681483474218563,225.88190451025073
36.42425551003191,30.0,200.0000000000148
40.63298930459746,30.681483474218208,174.1180954897559
44.77844282084893,32.67949192431105,150.00000000000148
48.43566577922561,35.857864376268125,129.28932188134988
53.45839845689604,40.0,113.39745962155612
59.144997014142255,44.823619097950846,103.40741737109148
63.402944176983134,49.99999999999807,100.0
61.30375005579384,55.176380902049814,103.40741737109236
56.74199417731653,59.99999999999862,113.39745962155217
53.7111078715274,64.14213562373075,129.28932188134428
49.051059823047105,67.32050807568929,150.00000000000446
40.37581202390138,69.3185165257808,174.11809548973724
34.28845671702289,70.0,199.99999999999548
27.276441961328274,69.31851652578185,225.88190451024306
23.40660950228577,67.32050807568905,249.99999999999758
22.93538971515036,64.14213562373043,270.71067811865737
24.022642069119367,60.000000000000185,286.60254037844334
24.281360540012084,55.176380902051555,296.5925826289053
24.796644742934408,50.000000000002146,300.0
23.008340942059824,44.82361909795039,296.5925826289079
19.148669465980525,39.99999999999959,286.60254037844265
16.736455059383037,35.8578643762694,270.7106781186565
13.5157604268466,32.67949192431196,250.0000000000063
12.900453105597444,30.681483474219263,225.88190451026378
15.975719245057626,30.0,200.0000000000056
20.906428844667918,30.681483474218684,174.118095489747
26.501567873254796,32.67949192431084,150.00000000000335
30.13840593928593,35.85786437626943,129.28932188134337
32.514491765128234,39.999999999997655,113.3974596215629
32.32109853254908,44.82361909794824,103.40741737109498
32.640813663386545,49.999999999999915,100.0
33.407419471219754,55.176380902049395,103.40741737109181
37.482542835658805,60.00000000000022,113.39745962155678
40.81426628382354,64.14213562372885,129.2893218813347
45.811580426900946,67.32050807568794,149.99999999999272
39.210298256410866,69.31851652578126,174.11809548974614
32.43839531894091,70.0,199.99999999999335
28.385091048765542,69.31851652578138,225.88190451025196
27.716572597397448,67.32050807568814,250.00000000000557
29.647088241427635,64.14213562373233,270.7106781186478
31.172362949742972,60.00000000000056,286.60254037844226
31.095462914570536,55.176380902051974,296.5925826289048
31.25353936949553,50.000000000000306,300.0
33.04937663092751,44.823619097948615,296.5925826289055
33.582218842361875,40.00000000000193,286.6025403784495
33.85483178282616,35.8578643762697,270.71067811865805
30.499033059097496,32.679491924312174,250.00000000000819
29.882767683581942,30.681483474218783,225.88190451025488
34.377176123491786,30.0,199.99999999999636
40.011834950989105,30.68148347421857,174.11809548974907
47.018396324706764,32.679491924310625,150.00000000000523
52.72042017887797,35.857864376267514,129.28932188135292
53.23775576224546,39.999999999999254,113.3974596215583
53.508080812818484,44.823619097950015,103.40741737109259
51.910612604779864,49.99999999999948,100.0
50.49310264347077,55.17638090204898,103.40741737109124
51.3609903509582,59.99999999999788,113.39745962155001
50.41609760508076,64.14213562373014,129.2893218813412
48.0277853797895,67.32050807568885,150.00000000000074
39.81346421323744,69.31851652578116,174.11809548974406
30.644021053852008,70.0,200.00000000000256
25.792031861485256,69.31851652578207,225.88190451023888
28.48662306541854,67.32050807568947,249.99999999999386
32.82304624561838,64.14213562373104,270.71067811865436
35.5434279156708,60.00000000000093,286.6025403784412
31.980540988526627,55.17638090205019,296.59258262890717
28.356188495992832,50.000000000003006,300.0
25.967257833553536,44.82361909795123,296.59258262890904
25.424309121445884,40.00000000000034,286.6025403784448
26.527301463755286,35.85786437627001,270.71067811865953
23.81548790906453,32.67949192431125,250.00000000000023
22.867175562226038,30.681483474218307,225.881904510246
28.261727852181412,30.0,200.0000000000099
31.496303042393635,30.68148347421846,174.11809548975117
35.581561648614134,32.67949192431041,150.0000000000071
43.74280759927536,35.85786437626882,129.2893218813464
48.88052230478316,40.00000000000085,113.3974596215537
58.72263979597759,44.8236190979474,103.4074173710961
59.88970032129035,49.99999999999905,100.0
61.58837863445833,55.176380902048564,103.40741737109069
65.92293151348447,59.999999999999474,113.39745962155462
65.39644371323051,64.14213562373145,129.28932188134775
48.89868770296643,67.32050807568864,149.99999999999886
38.546381385903786,69.31851652578105,174.118095489742
36.77521606478046,70.0,199.99999999998903
42.10868643573705,69.3185165257816,225.8819045102478
43.20917110156508,67.32050807568856,250.00000000000182
40.23443418818752,64.14213562373133,270.7106781186528
39.271672483655514,60.00000000000131,286.6025403784401
40.037131714978074,55.176380902052806,296.59258262890364
38.073735391259795,50.000000000001165,300.0
38.90303150862754,44.82361909794945,296.59258262890665
42.78196353348293,40.00000000000071,286.60254037844595
48.80784269081653,35.85786437626871,270.71067811865305
43.85494061887976,32.6794919243126,250.00000000001194
49.375142833196726,30.681483474219007,225.88190451025906
56.91068270722452,30.0,200.00000000000068
56.6652197987533,30.68148347421835,174.11809548975324
71.53895814139078,32.67949192431133,149.99999999999912
101.22389828135617,35.8578643762669,129.289321881356
122.70893646971338,39.99999999999851,113.39745962156044
125.685,44.823619097949184,103.40741737109371
125.685,49.99999999999862,100.0
125.685,55.17638090205035,103.40741737109308
124.71782115063097,60.000000000001066,113.39745962155922
125.685,64.14213562372953,129.28932188133814
103.53214335023144,67.32050807568842,149.999999999997
92.31201978995736,69.31851652578094,174.11809548973991
84.47546112303542,70.0,199.99999999999824
87.37100621304829,69.31851652578112,225.8819045102567
94.05141185622209,67.32050807568992,249.9999999999901
98.89558255337029,64.14213562373163,270.7106781186513
89.70294800882762,60.00000000000168,286.602540378439
81.28087674511163,55.17638090205102,296.59258262890603
76.93811932725453,49.999999999999325,300.0
65.46123554130519,44.823619097949866,296.59258262890717
55.22806017463407,40.00000000000109,286.602540378447
55.713459744436,35.85786437627062,270.7106781186626
57.094511532940466,32.679491924311684,250.00000000000395
52.068054362499666,30.68148347421853,225.88190451025017
52.571755771363804,30.0,200.00000000000284
65.41506848215842,30.68148347421824,174.11809548975532
84.36796085627141,32.67949192430998,150.00000000001083
107.82410551164139,35.85786437626821,129.28932188134945
125.685,40.0000000000001,113.39745962155584
125.685,44.823619097948765,103.40741737109427
125.685,50.00000000000046,100.0
125.685,55.17638090204773,103.40741737108956
125.685,59.99999999999873,113.39745962155247
125.685,64.14213562373084,129.28932188134468
125.685,67.32050807568821,149.9999999999951
125.685,69.3185165257814,174.1180954897488
125.685,70.0,199.9999999999847
118.27135153754772,69.31851652578182,225.88190451024363
106.89276635710735,67.32050807568899,249.9999999999981
108.41417658834682,64.14213562373195,270.71067811864975
117.41529959952518,60.000000000000085,286.6025403784436
123.0603493626351,55.176380902049246,296.5925826289084
112.26748213474394,50.000000000002025,300.0
100.79265464442793,44.82361909795028,296.59258262890773
87.59468298201028,40.000000000001464,286.6025403784481
76.78414797142277,35.85786437626932,270.7106781186561
73.60696048022905,32.67949192431076,249.99999999999596
73.93106922354802,30.68148347421864,225.88190451025224
76.79010360326278,30.0,200.000000000005
80.57358174269528,30.681483474218126,174.11809548975742
88.64741277904467,32.679491924310895,150.00000000000284
106.92546641515526,35.85786437626951,129.28932188134294
125.685,39.99999999999973,113.39745962155692
125.685,44.82361909794835,103.40741737109482
125.685,49.999999999997755,100.0
125.685,55.17638090204951,103.40741737109195
125.685,60.00000000000032,113.39745962155708
125.18779135718447,64.14213562373052,129.28932188134314
124.7256103381575,67.32050807568913,150.0000000000031
101.46960737867661,69.31851652578071,174.11809548973574
79.94571456654023,70.0,199.99999999999392
67.58670974150965,69.31851652578135,225.88190451025253
52.7536682126427,67.3205080756892,249.99999999999622
44.00630944137489,64.14213562373064,270.7106781186563
42.72037104649042,60.00000000000243,286.60254037843686
42.451716989230064,55.17638090205186,296.5925826289049
41.61746178022978,50.000000000000185,300.0
36.344864018117654,44.8236190979507,296.5925826289083
26.896346449849474,39.999999999999865,286.60254037844345
19.388264690612548,35.85786437626801,270.7106781186496
19.08215289887681,32.67949192431212,250.00000000000767
18.93611925418432,30.681483474218755,225.88190451025432
18.65447654429746,30.0,200.00000000000716
19.81278332158984,30.681483474218602,174.11809548974853
20.53362197619137,32.67949192431182,149.99999999999486
21.553336347016494,35.8578643762676,129.28932188135252
24.748328570800133,39.99999999999936,113.397459621558
25.161059183483445,44.82361909794793,103.40741737109539
24.761898716255217,49.999999999999595,100.0
21.851613180254084,55.17638090205129,103.40741737109434
22.944803259180258,59.99999999999995,113.39745962155598
31.475053267935625,64.14213562373023,129.2893218813416
51.130516310201145,67.32050807568777,149.9999999999914
74.50032142778082,69.31851652578119,174.11809548974463
100.90904501887174,70.0,200.00000000000313
118.67657605782394,69.31851652578146,225.88190451025045
109.84407467742713,67.32050807568942,249.99999999999434
87.03895380579476,64.14213562373256,270.71067811864674
70.79271425474091,60.00000000000083,286.60254037844146
60.704018730137804,55.17638090205008,296.5925826289073
60.111833536232155,50.00000000000062,300.0
65.70292395181033,44.82361909794892,296.5925826289059
57.536600034422484,40.0000000000022,286.6025403784502
46.80764431950443,35.85786437626993,270.71067811865913
38.79225823879407,32.67949192431119,249.99999999999972
39.4545527056629,30.681483474218865,225.8819045102564
46.59067092005731,30.0,199.99999999999795
57.470703848230585,30.681483474217902,174.11809548976157
65.38368773928656,32.67949192431047,150.0000000000066
72.73822581660403,35.8578643762689,129.28932188134598
77.13355803715619,39.99999999999898,113.39745962155907
90.34795517974361,44.82361909794972,103.407417371093
105.18900029812697,50.00000000000144,100.0
110.2904785022019,55.17638090204868,103.40741737109084
102.73878345311113,59.999999999999574,113.3974596215549
89.15173019735084,64.14213562372993,129.2893218813401
58.74191600577682,67.3205080756887,149.99999999999937
56.613740856224155,69.31851652578166,174.11809548975353
72.622394962285,70.0,199.99999999998963
81.58135082135205,69.31851652578214,225.88190451023738
77.7173594799371,67.32050807568851,250.00000000000233
75.66146551611892,64.14213562373125,270.7106781186533
75.98403460188725,60.00000000000121,286.6025403784404
88.50893421543344,55.1763809020483,296.59258262890967
86.60777320164394,50.000000000003325,300.0
76.65086634046214,44.82361909794933,296.5925826289065
64.93550500564226,40.00000000000061,286.6025403784456
64.78753750177633,35.85786437627023,270.71067811866067
69.81452702237506,32.67949192431027,249.99999999999173
95.55066563767896,30.681483474219565,225.88190451026946
113.40098846756497,30.0,200.00000000000009
125.685,30.68148347421838,174.11809548975268
125.685,32.679491924310256,150.00000000000844
125.685,35.8578643762702,129.28932188133948
125.685,40.000000000000576,113.39745962155446
125.685,44.8236190979493,103.40741737109356
120.82130282194834,49.999999999998735,100.0
108.4216948531931,55.176380902048265,103.40741737109028
106.08603705036637,60.00000000000117,113.39745962155952
102.43043287147886,64.14213562373122,129.2893218813466
73.264486399522,67.32050807568848,149.9999999999975
69.12504438185941,69.31851652578096,174.11809548974048
70.29475142745041,70.0,199.99999999998747
68.73850753317372,69.31851652578109,225.88190451025724
62.701901570722384,67.32050807568872,250.00000000000045
59.67275069950652,64.14213562373156,270.71067811865174
56.977915376883466,60.00000000000158,286.6025403784393
52.14330583733155,55.17638090205311,296.5925826289032
49.30155465901835,49.999999999999204,300.0
53.916374704443555,44.82361909794975,296.59258262890705
56.62425468061375,40.00000000000098,286.6025403784467
46.75329879635286,35.857864376270534,270.7106781186622
36.11102133334314,32.67949192431276,250.00000000001327
40.060281952009156,30.6814834742185,225.8819045102496
43.71478169093312,30.0,200.00000000000225
51.88105851789263,30.68148347421827,174.11809548975475
71.72135793293988,32.67949192431231,149.99999999999062
92.56591559711022,35.85786437626668,129.28932188135707
105.72521418026679,40.000000000000206,113.39745962155556
106.22188004080252,44.82361909794888,103.40741737109411
103.8334183091571,49.9999999999983,100.0
109.29767842568226,55.17638090205224,103.4074173710956
120.07539388987266,59.99999999999686,113.39745962154707
121.48647152055942,64.14213562373092,129.28932188134507
95.3143676066106,67.32050807568827,149.99999999999562
88.16579129389916,69.31851652578085,174.11809548973838
76.70954204429488,70.0,200.00000000000804
62.997728853825116,69.3185165257812,225.88190451025517
55.23203163691001,67.32050807568893,249.9999999999986
45.25898626205946,64.14213562373186,270.7106781186502
33.198051138921905,60.000000000001954,286.6025403784382
21.844745864252467,55.17638090204913,296.59258262890853
12.364469056487248,49.99999999999964,300.0
9.820408027405346,44.823619097950164,296.5925826289076
14.438799738584667,40.00000000000136,286.60254037844777
17.476393029436288,35.85786437627084,270.71067811866374
8.559307547440081,32.6794919243107,249.99999999999545
9.307984843996337,30.681483474218613,225.88190451025167
11.697762876819821,30.0,200.0000000000044
15.468251954260644,30.681483474218155,174.11809548975685
25.73255337495109,32.67949192430982,150.00000000001216
39.04117917955409,35.85786437626959,129.28932188134252
40.00326945493844,39.99999999999983,113.39745962155664
29.823586685088383,44.823619097948466,103.40741737109468
22.38757358844445,49.999999999997875,100.0
22.72676500787007,55.17638090204743,103.40741737108917
23.60676306741837,60.000000000000426,113.39745962155736
23.12284552589165,64.14213562373061,129.28932188134357
16.66456319025053,67.32050807568805,149.99999999999375
14.06716620830372,69.31851652578192,174.11809548975828
11.883996888862209,70.0,199.99999999998315
11.55495306930624,69.31851652578132,225.8819045102531
15.587829338924951,67.32050807568915,249.99999999999673
18.621583389404513,64.14213562373217,270.7106781186487
19.378627054276382,59.99999999999839,286.6025403784485
15.757164183630557,55.17638090205394,296.5925826289021
9.646217678119024,50.00000000000007,300.0
6.903063220987852,44.82361909795058,296.5925826289082
3.5504440663208148,40.000000000001734,286.60254037844885
0.8682339669295187,35.857864376267926,270.7106781186492
0.0,32.67949192431092,249.99999999999733
0.2937060693687273,30.681483474218723,225.88190451025375
4.680664061557119,30.0,200.00000000000657
9.0619122805899,30.681483474218044,174.11809548975893
12.018296297879472,32.679491924311876,149.99999999999437
15.118755243778459,35.85786437626929,129.28932188134405
15.044675397412975,39.99999999999946,113.3974596215577
15.317536272057657,44.82361909794805,103.40741737109524
14.48452453827101,49.99999999999744,100.0
11.915949072700217,55.176380902051406,103.4074173710945
10.538975477351329,60.00000000000005,113.39745962155628
8.762836084427118,64.14213562373031,129.28932188134206
3.220106401399094,67.32050807568784,149.9999999999919
1.525881525973491,69.31851652578064,174.11809548973423
0.028154752572056994,70.0,200.00000000000372
0.0,69.31851652578142,225.88190451025102
0.0,67.32050807568936,249.99999999999486
0.0,64.14213562373247,270.71067811864714
0.0,60.0000000000027,286.60254037843606
0.0,55.176380902049964,296.59258262890745
0.0,50.0000000000005,300.0
0.0,44.823619097950996,296.5925826289087
0.5818483299779297,39.99999999999817,286.60254037843856
2.69932266536624,35.85786437627145,270.71067811866675
1.2043692719083792,32.67949192431114,249.9999999999992
1.5542786447249635,30.681483474218837,225.88190451025582
0.8690704528834838,30.0,200.00000000000873
0.7637620989120724,30.68148347421911,174.11809548973906
0.45884942330659784,32.67949192430939,150.00000000001592
1.0410801602647308,35.857864376268985,129.2893218813456
2.513011427976833,39.99999999999908,113.39745962155878
6.2230358021561525,44.82361909794763,103.40741737109579
9.900153822319385,50.000000000001556,100.0
14.498414599057217,55.17638090205099,103.40741737109394
19.485978974813857,59.99999999999968,113.39745962155521
20.136278775729963,64.14213562373001,129.28932188134053
22.89424807503391,67.32050807568763,149.99999999999002
26.852421453193518,69.31851652578169,174.1180954897541
33.9063065909331,70.0,200.00000000000156
39.37468098939674,69.31851652578153,225.88190451024894
40.72079404470816,67.32050807568959,249.999999999993
36.69329731808921,64.14213562373277,270.7106781186456
38.13614573924153,59.99999999999913,286.60254037844635
45.84766940067137,55.17638090205038,296.5925826289069
43.240236196685125,50.00000000000093,300.0
37.06868590556765,44.823619097951415,296.59258262890927
19.99698746508175,40.00000000000248,286.602540378451
15.107870448545212,35.85786437626854,270.7106781186522
25.276441740659987,32.67949192431135,250.00000000000105
55.15875627902822,30.681483474218947,225.88190451025793
41.431016756380004,30.0,200.00000000001089
28.31320392261224,30.68148347421782,174.1180954897631
33.84988678191117,32.67949192431145,149.9999999999981
29.990542057889183,35.85786437626868,129.28932188134712
24.53899470279688,39.99999999999871,113.39745962155986
29.251898759083367,44.82361909795161,103.40741737109046
37.43019532744012,49.99999999999658,100.0
41.942647172090844,55.17638090205057,103.40741737109337
46.059854572983966,59.999999999999304,113.39745962155413
55.31664437617343,64.1421356237297,129.289321881339
66.26451945039732,67.32050807568967,150.00000000000784
65.58452603591469,69.31851652578041,174.11809548973005
27.777936717499603,70.0,199.9999999999994
33.525852802106726,69.31851652578165,225.88190451024684
51.773064076232195,67.3205080756898,249.99999999999113
93.63196055069734,64.14213562372987,270.71067811866016
125.685,59.9999999999995,286.60254037844527
125.685,55.176380902050795,296.5925826289063
124.77963176376544,50.000000000001364,300.0
101.63821110668593,44.823619097951834,296.59258262890984
71.36058696011055,39.99999999999891,286.6025403784407
50.66941544383363,35.85786437626884,270.71067811865373
34.21904822184606,32.67949192431156,250.00000000000293
57.03495882180686,30.68148347421906,225.88190451026
52.874417663142985,30.0,200.00000000001305
39.38120107278415,30.681483474218886,174.1180954897432
28.990628586971546,32.679491924311236,149.99999999999994
19.65365046133305,35.857864376268374,129.28932188134863
10.98583130065955,39.99999999999834,113.39745962156094
4.430671443453881,44.823619097946796,103.40741737109691
2.228488109576455,50.000000000000696,100.0
0.4901487231529344,55.176380902050155,103.40741737109282
0.0,59.999999999998934,113.39745962155305
0.07427937029673516,64.14213562372939,129.28932188133746
1.4460197110623942,67.32050807568719,149.9999999999863
5.254164736768238,69.31851652578148,174.11809548974995
15.496576487870614,70.0,199.99999999999724
27.579996775738056,69.31851652578176,225.88190451024477
40.73361192675378,67.32050807568774,250.00000000000895
50.01737418293327,64.14213562373338,270.7106781186426
43.4055167268222,59.99999999999988,286.6025403784442
34.17146152611809,55.176380902051214,296.59258262890575
37.919835626365156,50.00000000000179,300.0
50.1202126370878,44.823619097947855,296.5925826289045
48.67182583266548,40.000000000003226,286.60254037845317
42.66906166404888,35.85786437626915,270.71067811865527
18.181999572688824,32.679491924311776,250.0000000000048
14.727421814887673,30.68148347421917,225.88190451026207
11.886146114275917,30.0,199.99999999999244
10.884522841922449,30.681483474218776,174.1180954897453
16.38662393832628,32.679491924311016,150.00000000000182
13.79736307331947,35.85786437626807,129.28932188135013
17.01336177242139,39.99999999999797,113.397459621562
24.286509372267567,44.823619097950775,103.40741737109158
31.815816070509385,50.00000000000026,100.0
45.525412760594534,55.176380902049736,103.40741737109227
68.05405247511584,59.99999999999856,113.39745962155196
78.76292863809165,64.14213562372909,129.28932188133595
122.7891094522963,67.32050807568925,150.00000000000412
99.75612451809357,69.31851652578136,174.11809548974784
82.09997739301157,70.0,199.9999999999951
47.281262368321265,69.31851652578186,225.8819045102427
32.827047190681704,67.32050807569023,249.9999999999874
25.11464800056653,64.14213562373048,270.71067811865714
20.21919650265084,60.000000000000256,286.6025403784431
19.03612805996214,55.17638090205163,296.59258262890523
21.9391386411019,50.000000000002224,300.0
26.83296981245862,44.823619097952665,296.592582628911
33.51107487781278,39.99999999999966,286.6025403784429
37.48964044157093,35.857864376269454,270.7106781186568
35.38506467985272,32.679491924311996,250.00000000000665
35.60891485569942,30.681483474218105,225.8819045102422
31.0028098491674,30.0,200.00000000001734
26.856917622494475,30.681483474218663,174.11809548974736
22.558115365742996,32.6794919243108,150.0000000000037
19.934996002298906,35.85786437626776,129.28932188135167
19.93588668239951,40.00000000000153,113.39745962155172
22.087511676271966,44.823619097945965,103.40741737109802
19.990557725316915,49.99999999999984,100.0
10.885930243247085,55.176380902049324,103.4074173710917
6.184403349226595,59.99999999999818,113.3974596215509
3.4021933682423673,64.142135623732,129.28932188135047
2.682105932236329,67.32050807568903,150.00000000000225
0.41629693454983296,69.31851652578125,174.11809548974577
2.280601747694925,70.0,199.99999999999295
2.981657635662995,69.31851652578197,225.8819045102406
1.4543782644635659,67.32050807568817,250.00000000000523
0.1025265373168014,64.14213562373078,270.7106781186556
0.0,60.000000000000625,286.60254037844203
0.0,55.176380902052045,296.59258262890467
0.0,50.00000000000266,300.0
0.008348278661949302,44.82361909794869,296.59258262890563
1.4528937111782543,40.000000000000036,286.60254037844396
4.024066245233873,35.85786437626976,270.7106781186583
2.0864179342758975,32.67949192431222,250.00000000000853
8.189640064174178,30.681483474219394,225.88190451026625
15.757678307159477,30.0,199.99999999999676
28.271140513009918,30.681483474218552,174.11809548974946
43.89634404728224,32.67949192431058,150.00000000000557
56.25400113743099,35.85786437626746,129.2893218813532
67.39551300710495,39.999999999997215,113.39745962156417
55.064939906745316,44.823619097949944,103.40741737109269
45.14447986051935,49.9999999999994,100.0
42.38791296278573,55.176380902048905,103.40741737109114
35.329264809385855,60.00000000000175,113.39745962156118
30.771044373007502,64.14213562372848,129.2893218813329
29.41691713850773,67.32050807568882,150.0000000000004
22.457294684378578,69.31851652578113,174.1180954897437
18.141285768155782,70.0,199.9999999999908
16.416360486986253,69.31851652578092,225.88190451026048
11.43193814044765,67.32050807569067,249.99999999998366
7.698873085110617,64.14213562373108,270.7106781186541
6.202566328781668,60.000000000001,286.60254037844095
5.811756787283333,55.176380902052465,296.5925826289041
3.540118792794588,49.999999999998536,300.0
0.6868506960915876,44.823619097949106,296.5925826289062
0.0,40.000000000000405,286.60254037844504
0.0,35.857864376270065,270.7106781186598
0.0,32.67949192431243,250.0000000000104
0.0705345048650214,30.68148347421833,225.8819045102464
1.4662728192888275,30.0,199.99999999999892
2.099910092304505,30.68148347421844,174.11809548975154
2.6389964298252337,32.67949192431037,150.00000000000742
2.9897012579335347,35.85786437626716,129.28932188135474
3.0500525236333944,40.00000000000078,113.39745962155389
2.778208110121063,44.823619097949525,103.40741737109326
3.798638293671323,49.99999999999897,100.0
6.5476455735959505,55.176380902048486,103.40741737109059
12.354282236061625,59.999999999997435,113.39745962154873
18.321320914534656,64.14213562373139,129.28932188134746
22.03322270105383,67.3205080756886,149.99999999999852
27.137957154863436,69.31851652578104,174.11809548974162
24.836187351412388,70.0,199.99999999998863
17.110549472659635,69.3185165257822,225.88190451023644
11.108204349874388,67.3205080756886,250.00000000000148
7.239225757935585,64.14213562373139,270.71067811865254
4.73377168257745,60.00000000000138,286.6025403784399
3.358000267815697,55.176380902048486,296.59258262890944
4.265823113468436,50.00000000000352,300.0
4.948608646610257,44.823619097949525,296.5925826289067
4.255845586870064,40.00000000000078,286.6025403784461
3.470982208642846,35.85786437627037,270.71067811866135
3.711317911883341,32.67949192431037,249.99999999999258
4.109710222570005,30.68148347421962,225.88190451027043
4.208650484472648,30.0,200.00000000000108
4.200023461999997,30.68148347421833,174.1180954897536
4.606302159807428,32.679491924310156,150.0000000000093
3.7671669276705093,35.857864376270065,129.2893218813402
2.734954029161987,40.000000000000405,113.39745962155496
1.3558935793513331,44.823619097949106,103.40741737109381
0.0,49.99999999999854,100.0
0.0,55.17638090204807,103.40741737109003
0.0,60.000000000001,113.39745962155902
0.0,64.14213562373108,129.28932188134593
0.0,67.3205080756884,149.99999999999665
0.7221914256819201,69.31851652578092,174.11809548973952
6.772747890390962,70.0,199.99999999998647
15.219285790200104,69.31851652578113,225.8819045102563
17.816948544604607,67.32050807568882,249.9999999999996
15.642113677816553,64.14213562373169,270.710678118651
11.257936947096756,60.00000000000175,286.6025403784388
8.305428393527093,55.176380902053296,296.59258262890296
6.6459159160882315,49.9999999999994,300.0
5.70420016477791,44.82361909794994,296.5925826289073
4.293645790636977,40.00000000000115,286.6025403784472
3.742866515480357,35.857864376270676,270.7106781186629
12.198280896645777,32.679491924312856,250.00000000001413
14.281440087023341,30.681483474218552,225.88190451025054
13.444900938293259,30.0,200.00000000000324
12.427038613631392,30.681483474218215,174.11809548975572
9.881040744361027,32.67949192431222,149.99999999999147
7.603192515555436,35.85786437626655,129.28932188135778
6.08593369424257,40.000000000000036,113.39745962155604
8.462869940390823,44.82361909794869,103.40741737109437
18.632838354307914,49.99999999999811,100.0
38.95580934654754,55.176380902052045,103.40741737109536
82.90760771790727,59.99999999999669,113.39745962154659
109.69117487814682,64.14213562373078,129.2893218813444
114.41764445949437,67.32050807568817,149.99999999999477
123.18042541532431,69.31851652578081,174.11809548973744
105.26333134255852,70.0,200.00000000000705
85.22358918821722,69.31851652578125,225.88190451025423
80.06488061013009,67.32050807568903,249.99999999999775
75.02461441037225,64.142135623732,270.7106781186495
81.61775860852849,60.00000000000212,286.60254037843777
87.1434357120681,55.176380902049324,296.5925826289083
83.51633625521812,49.99999999999984,300.0
78.75994305646752,44.823619097950356,296.59258262890785
61.87393686621003,40.00000000000153,286.6025403784483
52.78775626697806,35.85786437627098,270.7106781186644
53.47522827521216,32.6794919243108,249.9999999999963
37.60446537481706,30.681483474218663,225.8819045102526
21.32669019989043,30.0,200.0000000000054
11.400225996292479,30.681483474218105,174.1180954897578
6.986893556116775,32.67949192430972,150.00000000001302
4.730798844521965,35.857864376269454,129.28932188134323
6.881240219427255,39.99999999999966,113.39745962155712
10.312734149179823,44.823619097948274,103.40741737109492
11.961058159693124,49.99999999999768,100.0
13.380220809169344,55.17638090204724,103.40741737108891
15.19553635988963,60.000000000000256,113.39745962155688
13.767798365106874,64.14213562373048,129.28932188134286
13.485666747686835,67.32050807568795,149.99999999999292
14.157745680202236,69.31851652578187,174.1180954897573
23.05543060542564,70.0,199.99999999998215
32.08160590397317,69.31851652578136,225.88190451025216
34.86101733164425,67.32050807568925,249.99999999999588
31.426307444846966,64.1421356237323,270.710678118648
25.61248719387285,59.99999999999856,286.60254037844805
19.399759912648168,55.176380902054134,296.5925826289018
14.794951329253141,50.00000000000026,300.0
12.502795538060557,44.82361909795077,296.5925826289084
13.32058505386536,40.000000000001904,286.60254037844936
13.535963592497776,35.85786437626807,270.71067811864987
14.12848117488512,32.679491924311016,249.99999999999818
11.972854686559966,30.681483474218776,225.88190451025469
8.129092223521146,30.0,200.00000000000753
10.330853452257069,30.681483474217995,174.11809548975987
13.434640295039895,32.679491924311776,149.9999999999952
15.192810994509912,35.85786437626915,129.28932188134473
14.57310508224543,39.99999999999929,113.3974596215582
10.253490838483618,44.823619097947855,103.40741737109549
6.224047461634963,49.99999999999724,100.0
4.142884023554133,55.176380902051214,103.40741737109424
5.689154479002092,59.99999999999988,113.3974596215558
9.765232980434076,64.14213562373017,129.28932188134135
14.644688368464697,67.32050807568774,149.99999999999105
22.64750971767579,69.31851652578058,174.11809548973326
17.159763902235177,70.0,200.00000000000276
18.441893249855024,69.31851652578148,225.88190451025005
28.32986085889222,67.32050807568946,249.99999999999403
34.68995369128992,64.14213562373261,270.71067811864646
33.43886683095171,60.00000000000287,286.6025403784356
25.411634734734832,55.176380902050155,296.59258262890717
19.05695772826415,50.000000000000696,300.0
17.53010816813532,44.82361909795119,296.592582628909
16.207904576799393,39.99999999999834,286.6025403784391
14.909422176990434,35.85786437627159,270.71067811866743
14.098758108012547,32.679491924311236,250.00000000000006
14.585837532352206,30.681483474218886,225.8819045102568
21.093838309158865,30.0,200.0000000000097
26.034419566281837,30.68148347421906,174.11809548974
27.86356845098633,32.67949192430929,150.00000000001677
29.145514840123564,35.85786437626884,129.28932188134627
29.01274295525796,39.99999999999891,113.39745962155928
29.862777492828847,44.82361909794744,103.40741737109605
30.514810914229535,50.000000000001364,100.0
27.143351637464395,55.176380902050795,103.40741737109369
24.732800576544257,59.99999999999951,113.39745962155472
24.566721497155708,64.14213562372987,129.28932188133984
34.69038668121438,67.32050807568753,149.99999999998917
33.95375527629932,69.31851652578165,174.11809548975316
38.08404283742316,70.0,200.0000000000006
40.45987418955627,69.31851652578159,225.88190451024798
42.4098447929879,67.32050807568967,249.99999999999216
35.58009061516157,64.14213562373291,270.7106781186449
21.913826720198877,59.999999999999304,286.60254037844584
14.23519893538193,55.17638090205057,296.5925826289066
12.567666263916092,50.00000000000113,300.0
14.511960177035787,44.82361909795161,296.59258262890955
8.861753170355476,40.00000000000265,286.6025403784515
6.7994453816371525,35.85786437626868,270.71067811865294
10.096117353156247,32.67949192431145,250.0000000000019
39.73539401727492,30.681483474218997,225.88190451025886
60.21087805852223,30.0,200.00000000001185
50.85716671032466,30.68148347421777,174.11809548976404
54.01230665592148,32.67949192431135,149.99999999999892
46.44868055156201,35.85786437626854,129.2893218813478
38.06055496832848,39.99999999999854,113.39745962156034
28.34823797786315,44.823619097951415,103.40741737109072
16.992926975203563,49.99999999999638,100.0
8.731061508998568,55.17638090205038,103.40741737109312
5.270888521556526,59.99999999999913,113.39745962155364
2.9805498226574714,64.14213562372956,129.2893218813383
3.667416449232964,67.32050807568959,150.000000000007
2.5802923366184514,69.31851652578035,174.11809548972911
3.3910280787075213,70.0,199.99999999999844
11.173579063086297,69.31851652578169,225.8819045102459
20.98700453475074,67.3205080756899,249.99999999999028
23.94801885118164,64.14213562373,270.7106781186595
23.54830817118031,59.99999999999967,286.6025403784448
21.42794929633306,55.17638090205099,296.59258262890603
17.08468202450122,50.000000000001556,300.0
16.477613960943547,44.82361909795202,296.5925826289101
21.799028833966805,39.99999999999908,286.60254037844123
28.221541298906732,35.857864376268985,270.7106781186544
33.864759713537595,32.67949192431166,250.00000000000378
37.81767529308112,30.68148347421911,225.88190451026094
48.59151298694435,30.0,200.000000000014
69.64929535143854,30.681483474218837,174.11809548974415
87.21354048500409,32.67949192431114,150.0000000000008
92.592816928567,35.85786437626824,129.28932188134934
114.70710825092108,39.99999999999817,113.39745962156142
125.685,44.823619097946604,103.40741737109715
125.685,50.0000000000005,100.0
123.39238126305034,55.176380902049964,103.40741737109256
125.685,59.999999999998764,113.39745962155256
125.685,64.14213562372926,129.28932188133678
125.685,67.32050807568709,149.99999999998545
125.685,69.31851652578142,174.11809548974898
125.685,70.0,199.99999999999628
125.685,69.3185165257818,225.88190451024383
125.685,67.32050807568784,250.0000000000081
125.685,64.14213562373352,270.7106781186419
105.16211336301227,60.00000000000005,286.60254037844373
93.87235565399556,55.176380902051406,296.5925826289055
79.29963863545548,50.00000000000199,300.0
67.60412087622274,44.82361909794805,296.5925826289048
58.792678969897366,39.99999999999946,286.6025403784423
48.379173071469985,35.85786437626929,270.71067811865595
53.59732255519515,32.679491924311876,250.00000000000563
40.804794826028,30.68148347421922,225.88190451026304
36.64202929272555,30.0,199.99999999999343
35.495527557841875,30.681483474218723,174.11809548974625
28.83152292515316,32.67949192431092,150.00000000000267
29.664718874282613,35.85786437626793,129.28932188135084
29.91950218980126,39.9999999999978,113.3974596215625
29.147624720050576,44.82361909795058,103.40741737109184
32.59187866651989,50.00000000000007,100.0
40.082273810765095,55.17638090204955,103.40741737109201
43.05843699481203,59.99999999999839,113.39745962155148
48.32117716199106,64.14213562372895,129.28932188133524
66.05259800012875,67.32050807568915,150.00000000000327
93.74380086182913,69.31851652578132,174.1180954897469
107.74285927002528,70.0,199.99999999999412
110.14908937547615,69.31851652578192,225.88190451024172
111.2266925824381,67.32050807569033,249.99999999998656
120.66402253447494,64.14213562373061,270.71067811865646
125.685,60.000000000000426,286.60254037844265
124.77221001324735,55.17638090205182,296.59258262890495
125.685,49.999999999997875,300.0
123.68748133877092,44.82361909795286,296.5925826289112
112.95457056155642,39.99999999999983,286.60254037844334
100.32452523998218,35.85786437626959,270.7106781186575
89.17184246449584,32.679491924312096,250.0000000000075
63.98949889184373,30.681483474218155,225.88190451024315
47.87187653324122,30.0,200.00000000001833
41.308535851288404,30.681483474218613,174.11809548974833
44.59645607845842,32.6794919243107,150.00000000000455
56.54760065938317,35.85786437626763,129.28932188135235
61.7914996185407,40.00000000000136,113.39745962155222
66.7537654286068,44.823619097950164,103.4074173710924
63.76836638023947,49.99999999999964,100.0
56.18202576729992,55.17638090204913,103.40741737109144
48.761075595809295,59.99999999999801,113.3974596215504
48.68441993978075,64.14213562373186,129.2893218813498
39.90850418139108,67.32050807568893,150.00000000000142
64.01107573118317,69.3185165257812,174.11809548974483
103.25958656321136,70.0,199.99999999999196
120.51818858328399,69.31851652578203,225.88190451023965
102.4373012518493,67.32050807568827,250.00000000000438
86.22581422917663,64.14213562373092,270.71067811865487
81.74710070445066,60.000000000000796,286.6025403784416
83.37763968415834,55.17638090205224,296.5925826289044
83.96586257499226,50.00000000000285,300.0
75.06967722013474,44.82361909794888,296.5925826289059
75.55986421726425,40.0000000000002,286.6025403784445
79.26692966158916,35.8578643762699,270.710678118659
75.90843926693702,32.67949192431231,250.00000000000938
96.80047836279417,30.681483474219444,225.8819045102672
125.685,30.0,199.99999999999775
125.685,30.6814834742185,174.1180954897504
99.83744044718158,32.67949192431048,150.00000000000642
125.685,35.857864376270534,129.2893218813378
125.685,39.999999999997044,113.39745962156465
125.685,44.82361909794975,103.40741737109295
125.685,49.999999999999204,100.0
125.685,55.17638090204872,103.40741737109089
125.685,60.00000000000158,113.3974596215607
93.06147702253101,64.14213562372834,129.28932188133223
87.07646623028513,67.32050807568872,149.99999999999955
54.56369459485247,69.31851652578109,174.11809548974276
54.89031449599168,70.0,199.9999999999898
52.8450770560633,69.31851652578096,225.88190451025955
55.205186154435,67.32050807568848,250.0000000000025
63.37515101355399,64.14213562373122,270.7106781186534
73.60766453746588,60.00000000000117,286.6025403784405
75.88137076532524,55.17638090205266,296.5925826289038
72.32459425515475,49.999999999998735,300.0
67.9971124680507,44.8236190979493,296.5925826289064
63.449898499869654,40.000000000000576,286.6025403784455
60.1337676567884,35.8578643762702,270.71067811866055
55.72576137035439,32.67949192431253,250.00000000001125
56.82437707354736,30.68148347421838,225.88190451024732
59.76129570177927,30.0,199.9999999999999
54.03048304730013,30.68148347421839,174.11809548975248
40.16103855006845,32.67949192431027,150.00000000000827
29.737708211921976,35.85786437626702,129.28932188135542
24.18447501842917,40.00000000000061,113.39745962155438
16.893616071863182,44.82361909794933,103.4074173710935
4.917969732423152,49.99999999999878,100.0
0.0,55.1763809020483,103.40741737109033
6.314827781762669,59.999999999997264,113.39745962154825
29.18401734966527,64.14213562373125,129.28932188134675
90.73782595631953,67.32050807568851,149.99999999999767
125.685,69.31851652578098,174.11809548974065
125.685,70.0,200.0000000000104
125.685,69.31851652578226,225.88190451023547
125.685,67.3205080756887,250.00000000000063
125.685,64.14213562373153,270.71067811865186
125.685,60.00000000000155,286.6025403784394
125.685,55.17638090204868,296.59258262890916
125.685,50.000000000003716,300.0
0.0,44.82361909794971,296.592582628907
125.685,40.00000000000095,286.60254037844663
125.685,35.857864376270506,270.71067811866203
125.685,32.67949192431047,249.9999999999934
125.685,30.681483474218492,225.8819045102494
125.685,30.0,200.00000000000205
88.30520959560613,30.68148347421828,174.11809548975458
63.7359454551005,32.67949192431006,150.00000000001015
63.51933080894046,35.85786437626993,129.28932188134087
34.08672656951976,40.00000000000024,113.39745962155546
18.313824061641885,44.82361909794892,103.40741737109407
18.080394056973063,49.999999999998344,100.0
18.021589069242484,55.17638090204788,103.40741737108978
12.759887202045942,60.00000000000083,113.39745962155854
10.580866994912887,64.14213562373095,129.28932188134524
13.82685745236365,67.32050807568828,149.9999999999958
27.4052928163658,69.31851652578086,174.11809548973858
38.17602224105556,70.0,199.9999999999855
41.66369805250862,69.31851652578119,225.88190451025537
36.98283115107014,67.3205080756889,249.99999999999878
29.293506599382454,64.14213562373183,270.7106781186503
21.46242061267918,60.00000000000192,286.60254037843833
17.68030813810674,55.17638090205349,296.59258262890273
14.51103220414386,49.999999999999595,300.0
12.890971577351038,44.82361909795013,296.59258262890756
13.960905102178865,40.00000000000132,286.60254037844766
15.11252898872632,35.8578643762676,270.7106781186475
14.59003746252782,32.679491924312956,250.00000000001498
18.460604822878935,30.681483474218602,225.88190451025147
29.453444110826474,30.0,200.0000000000042
36.151321038342076,30.681483474218165,174.11809548975666
33.16234829948445,32.67949192431212,149.99999999999233
26.9086602949087,35.857864376266406,129.28932188135846
23.125986322138637,39.999999999999865,113.39745962155654
20.483003939668365,44.8236190979485,103.40741737109462
19.742308372852115,49.99999999999791,100.0
19.475584078580702,55.17638090205186,103.40741737109511
15.06034697631771,60.000000000000455,113.39745962155746
13.402240268449724,64.14213562373064,129.2893218813437
17.13796061761155,67.32050807568807,149.99999999999395
21.161611236599683,69.31851652578075,174.1180954897365
21.21916598979391,70.0,200.00000000000608
25.950610533108584,69.3185165257813,225.8819045102533
24.49912899473303,67.32050807568913,249.9999999999969
19.050478524670766,64.14213562373214,270.7106781186488
17.814406271776125,60.00000000000229,286.60254037843725
20.638872907581934,55.17638090204951,296.5925826289081
25.246823966061815,50.00000000000003,300.0
36.728314065348705,44.82361909795055,296.59258262890813
51.490510240809655,40.0000000000017,286.6025403784488
59.23800946605204,35.85786437627112,270.7106781186651
51.56496525278843,32.679491924310895,249.99999999999716
55.66168803815378,30.681483474218712,225.88190451025358
53.84482651910554,30.0,200.00000000000637
44.99663605686148,30.681483474218055,174.11809548975873
35.28891509105516,32.67949192430962,150.00000000001387
29.798729911089396,35.85786437626932,129.2893218813439
29.47169883991692,39.99999999999949,113.3974596215576
36.02057236463558,44.82361909794808,103.40741737109518
48.5119762398227,50.00000000000203,100.0
62.34431584163434,55.17638090204705,103.40741737108866
76.91795356933456,60.000000000000085,113.39745962155638
99.22721171183113,64.14213562373034,129.28932188134218
115.43028044023448,67.32050807568785,149.99999999999207
125.685,69.31851652578182,174.11809548975637
125.685,70.0,199.99999999998118
125.685,69.3185165257814,225.88190451025122
122.95068529583949,67.32050807568935,249.99999999999505
104.02661484234974,64.14213562373244,270.71067811864725
92.55018852204373,59.99999999999873,286.60254037844754
79.37095745397183,55.17638090204993,296.5925826289075
65.88991387923629,50.00000000000046,300.0
56.32759117865726,44.82361909795096,296.59258262890864
39.98157636689207,40.000000000002075,286.6025403784498
28.49672171968036,35.85786437626821,270.71067811865055
20.818465108754843,32.679491924311115,249.99999999999903
16.24891462230985,30.681483474218826,225.88190451025565
9.248108445247421,30.0,200.00000000000853
1.7099218855847471,30.68148347421794,174.11809548976083
0.0,32.679491924311684,149.99999999999605
0.0,35.857864376269006,129.28932188134544
0.0,39.99999999999912,113.39745962155868
0.0,44.82361909794767,103.40741737109575
0.0,49.99999999999705,100.0
0.0,55.17638090205103,103.40741737109398
0.0,59.999999999999716,113.39745962155531
0.0,64.14213562373003,129.28932188134064
0.0,67.32050807568764,149.9999999999902
0.0,69.31851652578052,174.11809548973233
0.0,70.0,200.00000000000176
1.072853291647059,69.31851652578152,225.88190451024911
2.8315853714120967,67.32050807568956,249.99999999999318
1.2205354905971886,64.14213562372953,270.71067811866186
0.37198686461744745,60.00000000000304,286.6025403784351
1.0480390027118918,55.17638090205034,296.59258262890694
3.469433035567676,50.00000000000089,300.0
2.390644150439167,44.82361909795138,296.5925826289092
1.0441089213951824,39.99999999999851,286.6025403784396
4.210864020476318,35.85786437627173,270.71067811866817
2.8985360120050188,32.67949192431133,250.00000000000088
13.346051932809111,30.681483474218936,225.88190451025773
12.844699372575139,30.0,200.0000000000107
5.0267921452972555,30.681483474219007,174.11809548974094
0.3197297308711748,32.67949192431146,149.99999999999793
3.0619098640401345,35.85786437626871,129.28932188134695
6.712830368400671,39.99999999999874,113.39745962155976
5.462303955788839,44.82361909794725,103.4074173710963
0.3044171059344652,50.000000000001165,100.0
0.0,55.17638090205061,103.40741737109343
0.8657945460201253,59.99999999999934,113.39745962155423
6.17258875556957,64.14213562372973,129.28932188133913
13.345754326904666,67.32050807568743,149.99999999998835
14.046985646228263,69.3185165257816,174.11809548975222
21.677177900709932,70.0,199.9999999999996
52.831440264951745,69.31851652578163,225.88190451024704
73.6356694639902,67.32050807568977,249.9999999999913
57.6417893481847,64.14213562373305,270.71067811864424
48.0976986946723,59.999999999999474,286.6025403784454
44.38228297407603,55.17638090205076,296.59258262890637
49.66870968733132,50.00000000000132,300.0
48.089611991700345,44.82361909795179,296.5925826289098
38.82992689208842,40.000000000002814,286.602540378452
31.412996116427205,35.85786437626882,270.7106781186536
29.305202177787752,32.67949192431155,250.00000000000276
33.80058376424404,30.68148347421905,225.8819045102598
25.445785896126058,30.0,199.9999999999901
21.851100164748754,30.681483474217718,174.11809548976498
15.428307675641847,32.67949192431125,149.99999999999977
10.543652453608368,35.8578643762684,129.28932188134849
11.216649962454504,39.999999999998366,113.39745962156084
11.801341419636339,44.82361909795123,103.40741737109097
13.10577539616661,49.999999999996184,100.0
17.236979409135337,55.17638090205019,103.40741737109286
27.928991664053505,59.99999999999896,113.39745962155314
40.78691271921482,64.14213562372942,129.28932188133763
40.104707784291726,67.32050807568947,150.00000000000614
39.94984299993951,69.31851652578149,174.11809548975012
33.59955013167034,70.0,199.99999999999744
25.32887400393026,69.31851652578175,225.88190451024496
25.21247686323903,67.32050807568999,249.99999999998943
39.94170571858279,64.14213562373014,270.7106781186588
83.38863906621869,59.999999999999844,286.6025403784443
125.685,55.17638090205118,296.5925826289058
125.685,50.000000000001755,300.0
125.685,44.82361909795221,296.59258262891035
125.685,39.999999999999254,286.6025403784417
125.685,35.85786437626912,270.7106781186551
125.685,32.67949192431176,250.0000000000046
125.685,30.68148347421916,225.8819045102619
125.685,30.0,200.000000000015
125.685,30.681483474218783,174.11809548974512
112.37171011209392,32.67949192431104,150.00000000000165
124.71404038309984,35.8578643762681,129.28932188135002
125.685,39.999999999997996,113.39745962156191
109.1192418939043,44.82361909794642,103.40741737109741
71.83498212120381,50.000000000000306,100.0
69.35132549748849,55.17638090204978,103.40741737109231
72.0209476883557,59.99999999999859,113.39745962155206
68.83620313380614,64.14213562373233,129.28932188135218
60.78879540252734,67.320508075687,149.9999999999846
54.00059690823965,69.31851652578138,174.11809548974804
72.53459469477004,70.0,199.9999999999953
81.04888975331414,69.31851652578186,225.88190451024286
106.17783936823506,67.32050807568794,250.00000000000728
125.685,64.14213562373367,270.71067811864117
80.79948318047668,60.00000000000022,286.6025403784432
69.84111529965537,55.17638090205159,296.59258262890523
41.80512813501209,50.00000000000219,300.0
42.64578698460299,44.82361909794824,296.592582628905
35.072668571996054,39.99999999999963,286.60254037844277
31.618663173039074,35.857864376269426,270.71067811865663
33.32346302909273,32.679491924311975,250.00000000000648
47.22734676738607,30.681483474219274,225.88190451026398
58.4797996738699,30.0,199.9999999999944
65.40569979176198,30.681483474218673,174.1180954897472
75.69790647438134,32.679491924310824,150.00000000000352
84.63141416433183,35.85786437626779,129.28932188135155
87.88801990574211,39.99999999999763,113.39745962156299
102.13911776484093,44.82361909795039,103.4074173710921
125.685,49.99999999999987,100.0
125.685,55.17638090204936,103.40741737109175
90.41099328028339,59.99999999999822,113.397459621551
78.44372300246079,64.14213562372882,129.28932188133456
100.36481214014024,67.32050807568905,150.00000000000242
103.41447845323293,69.31851652578126,174.11809548974597
101.77839452676824,70.0,199.99999999999315
80.84145802454339,69.31851652578197,225.8819045102408
62.101381602887265,67.32050807569043,249.9999999999857
48.86789545046985,64.14213562373075,270.7106781186558
40.038636829671255,60.0000000000006,286.60254037844214
35.04694881673365,55.17638090205201,296.59258262890467
34.695050819826264,49.99999999999807,300.0
37.213328270409185,44.82361909795304,296.5925826289115
41.29047078326369,40.0,286.60254037844385
39.31006765857394,35.85786437626973,270.71067811865817
53.37111823135366,32.67949192431219,250.00000000000836
53.70666685578045,30.681483474218208,225.8819045102441
45.70652396635364,30.0,200.0000000000193
34.852914218081544,30.681483474218563,174.11809548974927
31.566980075280803,32.679491924310604,150.0000000000054
29.58177452750565,35.857864376267486,129.28932188135306
32.846256046998285,40.00000000000119,113.39745962155271
41.209296026899636,44.82361909794998,103.40741737109265
37.443742201785035,49.99999999999944,100.0
33.56232518401303,55.17638090204895,103.4074173710912
34.80179182344905,59.99999999999784,113.39745962154991
38.94746944904941,64.14213562373172,129.2893218813491
61.35538661183661,67.32050807568883,150.00000000000057
74.40640612209816,69.31851652578115,174.1180954897439
62.188899528299515,70.0,199.999999999991
48.477507306806835,69.31851652578209,225.8819045102387
42.00002080945154,67.32050807568837,250.00000000000352
33.993918411139056,64.14213562373106,270.7106781186542
23.045214781670854,60.000000000000966,286.60254037844106
21.76880522856075,55.17638090205243,296.59258262890415
19.217112835898607,50.00000000000305,300.0
18.03075241552197,44.82361909794907,296.59258262890614
20.733893868793224,40.00000000000037,286.6025403784449
18.87894446837481,35.85786437627004,270.7106781186597
21.133995154778432,32.67949192431241,250.00000000001023
15.593027620308964,30.681483474219494,225.88190451026816
10.494760154712315,30.0,199.99999999999872
9.768104436745903,30.68148347421845,174.11809548975137
15.806244514835424,32.67949192431039,150.00000000000725
12.562564053685245,35.8578643762704,129.2893218813385
19.217953697783305,39.999999999996874,113.39745962156516
26.467683841748922,44.82361909794956,103.4074173710932
46.605052790290536,49.99999999999901,100.0
71.59619469472291,55.17638090204853,103.40741737109063
95.27630401635219,60.00000000000141,113.3974596215602
124.20152257738664,64.14213562372821,129.2893218813315
125.685,67.32050807568862,149.9999999999987
124.35932555130975,69.31851652578104,174.1180954897418
107.18956790164945,70.0,199.99999999998883
125.685,69.31851652578102,225.88190451025858
125.685,67.32050807568858,250.00000000000165
125.685,64.14213562373136,270.7106781186527
125.685,60.00000000000134,286.60254037844
119.36936146424098,55.17638090205284,296.5925826289036
95.8485925272607,49.999999999998934,300.0
96.45085858400628,44.82361909794949,296.5925826289067
97.37870187495939,40.000000000000746,286.602540378446
125.685,35.85786437627034,270.71067811866124
120.1284138304757,32.67949192431262,250.0000000000121
113.87065299461537,30.681483474218428,225.88190451024826
114.99780783753118,30.0,200.00000000000088
125.685,30.68148347421834,174.11809548975344
125.685,32.67949192431017,150.00000000000912
125.685,35.857864376266875,129.2893218813561
125.685,40.00000000000044,113.39745962155486
125.685,44.82361909794915,103.40741737109376
125.685,49.99999999999858,100.0
125.685,55.17638090204811,103.40741737109008
125.685,59.9999999999971,113.39745962154775
125.685,64.14213562373112,129.28932188134607
125.685,67.32050807568841,149.99999999999682
125.685,69.31851652578092,174.11809548973972
125.685,70.0,200.0000000000094
125.685,69.31851652578231,225.88190451023453
125.685,67.32050807568879,249.99999999999977
125.685,64.14213562373166,270.7106781186512
125.685,60.00000000000171,286.6025403784389
125.685,55.17638090204887,296.5925826289089
125.685,50.00000000000391,300.0
125.685,44.8236190979499,296.5925826289073
125.685,40.00000000000112,286.6025403784471
125.685,35.85786437627065,270.7106781186627
125.685,32.67949192431057,249.99999999999426
125.685,30.681483474218542,225.88190451025034
125.685,30.0,200.00000000000304
125.685,30.681483474218226,174.11809548975552
125.685,32.67949192430996,150.000000000011
125.685,35.85786437626979,129.28932188134155
125.685,40.00000000000007,113.39745962155594
125.685,44.82361909794873,103.40741737109433
125.685,49.999999999998145,100.0
125.685,55.1763809020477,103.40741737108952
125.685,60.00000000000066,113.39745962155806
125.685,64.14213562373081,129.28932188134456
125.685,67.3205080756882,149.99999999999494
125.685,69.31851652578081,174.11809548973764
125.685,70.0,199.9999999999845
125.685,69.31851652578123,225.88190451025443
125.685,67.32050807568902,249.99999999999793
116.21228187000703,64.14213562373197,270.71067811864964
108.85529941682933,60.00000000000209,286.6025403784378
93.56851810379624,55.17638090205368,296.59258262890245
78.79545945106673,49.999999999999794,300.0
75.083309552268,44.82361909795032,296.5925826289078
82.47727085209655,40.00000000000149,286.60254037844817
84.77778153503642,35.857864376267734,270.71067811864816
63.65823389817316,32.679491924313055,250.00000000001583
74.42352561124548,30.681483474218652,225.88190451025244
89.6975223304537,30.0,200.0000000000052
85.85376879482416,30.681483474218116,174.1180954897576
75.23173953642022,32.67949192431202,149.99999999999318
57.68776199638555,35.857864376266264,129.28932188135917
51.28362462215703,39.999999999999694,113.39745962155702
38.78879028550517,44.82361909794831,103.40741737109488
29.064813970953665,49.99999999999772,100.0
30.638785183399197,55.17638090205167,103.40741737109485
34.90278044294838,60.000000000000284,113.39745962155698
30.306367004321498,64.1421356237305,129.28932188134303
14.998879179762591,67.32050807568797,149.9999999999931
13.593392064615566,69.3185165257807,174.11809548973554
14.859686156802216,70.0,200.0000000000051
12.174358989570559,69.31851652578135,225.88190451025235
9.702467390693387,67.32050807568923,249.99999999999605
7.532455427379737,64.14213562373227,270.7106781186481
3.960829034181382,60.00000000000246,286.60254037843674
0.6808572987664704,55.1763809020497,296.5925826289078
0.0,50.00000000000023,300.0
0.0,44.82361909795073,296.59258262890836
0.0,40.00000000000187,286.60254037844925
1.765722883396694,35.85786437627125,270.7106781186658
0.0,32.679491924310994,249.999999999998
0.1695284767497664,30.681483474218766,225.88190451025451
1.118812293402926,30.0,200.00000000000736
2.663056088274199,30.681483474218002,174.1180954897597
2.440520446429744,32.67949192430953,150.00000000001472
1.5410164783899927,35.85786437626918,129.28932188134462
0.30359962651463307,39.99999999999932,113.3974596215581
0.0,44.8236190979479,103.40741737109543
0.0,50.00000000000183,100.0
0.0,55.17638090204686,103.4074173710884
0.0,59.999999999999915,113.3974596215559
0.0,64.1421356237302,129.2893218813415
0.0,67.32050807568775,149.99999999999122
0.0,69.31851652578177,174.11809548975543
0.0,70.0,199.99999999998022
0.0,69.31851652578146,225.88190451025025
0.08727682417982213,67.32050807568945,249.9999999999942
0.48244504304916513,64.14213562373259,270.71067811864657
0.0,59.9999999999989,286.60254037844703
0.0,55.17638090205012,296.5925826289072
0.0,50.000000000000654,300.0
0.0,44.82361909795115,296.59258262890893
0.0,40.00000000000224,286.6025403784503
0.0,35.857864376268346,270.71067811865123
0.0,32.67949192431121,249.9999999999999
0.0,30.681483474218876,225.8819045102566
0.0,30.0,200.0000000000095
0.0,30.68148347421789,174.11809548976177
0.0,32.679491924311584,149.9999999999969
0.0,35.85786437626887,129.28932188134613
0.24015614321236423,39.99999999999895,113.39745962155916
0.8267839381318517,44.82361909794748,103.40741737109599
1.4708073817781704,49.99999999999685,100.0
2.27190418187855,55.17638090205084,103.40741737109373
4.44968162222762,59.999999999999545,113.39745962155482
4.262657515659815,64.1421356237299,129.28932188133996
13.309281447599707,67.32050807568754,149.99999999998937
12.231638249028672,69.31851652578048,174.1180954897314
11.649756787745345,70.0,200.0000000000008
9.804812291871515,69.31851652578158,225.88190451024818
6.775661927825211,67.32050807568966,249.99999999999233
3.391013307874838,64.14213562372967,270.7106781186611
1.594018754899199,60.00000000000321,286.6025403784346
0.5679990462101333,55.17638090205053,296.59258262890665
0.0,50.00000000000109,300.0
0.0,44.823619097951564,296.5925826289095
0.0,39.99999999999868,286.60254037844004
0.0,35.85786437627186,270.71067811866885
0.0,32.67949192431143,250.00000000000173
0.0,30.68148347421899,225.88190451025866
0.0,30.0,200.00000000001165
0.0,30.681483474218957,174.11809548974188
0.0,32.67949192431137,149.99999999999878
0.0,35.857864376268566,129.28932188134763
0.0,39.99999999999858,113.39745962156024
0.0,44.82361909794706,103.40741737109656
0.0,50.00000000000097,100.0
0.0,55.17638090205042,103.40741737109317
0.0,59.99999999999917,113.39745962155374
0.0,64.14213562372959,129.28932188133842
0.5853810076191096,67.32050807568733,149.9999999999875
0.0,69.31851652578155,174.11809548975125
0.0,70.0,199.99999999999864
0.0,69.31851652578169,225.8819045102461
0.0,67.32050807568987,249.99999999999045
0.0,64.1421356237332,270.71067811864356
0.0,59.999999999999645,286.60254037844487
0.7116796995228856,55.17638090205095,296.59258262890614
2.933203960021356,50.00000000000152,300.0
5.48468130709911,44.82361909795198,296.59258262891
9.746469370994832,40.000000000002984,286.6025403784525
14.116917150587076,35.85786437626896,270.7106781186543
19.052316850138677,32.67949192431165,250.0000000000036
28.459613464317858,30.6814834742191,225.88190451026077
31.86707778211194,30.0,199.99999999999108
27.318283002340472,30.68148347421767,174.11809548976595
20.984056881932222,32.67949192431115,150.00000000000063
15.691180149688666,35.85786437626826,129.28932188134917
20.1585468722638,39.9999999999982,113.39745962156132
18.25868963328623,44.82361909795104,103.40741737109123
11.580836414064155,49.99999999999599,100.0
8.42301199734073,55.176380902050006,103.40741737109262
8.221652572951298,59.99999999999879,113.39745962155266
10.635981757210883,64.14213562372929,129.28932188133692
8.419241468616015,67.32050807568939,150.00000000000531
13.852789988111608,69.31851652578143,174.11809548974918
17.2045299510315,70.0,199.99999999999648
14.952929171742829,69.3185165257818,225.881904510244
12.688310519882448,67.3205080756901,249.99999999998857
11.028634029570505,64.14213562373028,270.7106781186581
9.094008154367557,60.000000000000014,286.6025403784438
7.8461805212556675,55.17638090205136,296.5925826289056
13.839232779470864,50.00000000000195,300.0
19.586704326413614,44.8236190979524,296.5925826289106
28.847898782875895,39.999999999999424,286.6025403784422
43.39661974045632,35.85786437626926,270.7106781186558
43.44098780539723,32.67949192431186,250.00000000000546
61.798338239306446,30.68148347421921,225.88190451026284
70.31421515180757,30.0,200.00000000001597
74.9576843617825,30.681483474218734,174.11809548974605
77.0441394917363,32.67949192431094,150.0000000000025
93.71390068125926,35.857864376267955,129.2893218813507
125.685,39.999999999997826,113.39745962156242
125.685,44.82361909794623,103.40741737109767
125.685,50.00000000000011,100.0
125.685,55.17638090204959,103.40741737109205
125.685,59.99999999999842,113.39745962155158
125.685,64.1421356237322,129.28932188135147
125.685,67.32050807568689,149.99999999998374
125.685,69.31851652578132,174.1180954897471
125.685,70.0,199.99999999999432
125.685,69.31851652578192,225.88190451024192
125.685,67.32050807568802,250.00000000000642
125.685,64.14213562373058,270.7106781186566
125.685,60.00000000000039,286.60254037844277
125.685,55.17638090205178,296.592582628905
125.685,50.00000000000238,300.0
125.685,44.82361909794842,296.5925826289053
125.685,39.999999999999794,286.6025403784433
125.685,35.85786437626957,270.7106781186573
125.685,32.679491924312075,250.00000000000733
125.685,30.681483474219323,225.88190451026492
125.685,30.0,199.9999999999954
125.685,30.681483474218624,174.11809548974813
125.685,32.679491924310724,150.00000000000438
125.685,35.857864376267656,129.28932188135224
125.685,39.999999999997456,113.39745962156348
125.685,44.82361909795021,103.40741737109234
125.685,49.99999999999968,100.0
125.685,55.17638090204917,103.4074173710915
125.685,59.999999999998046,113.3974596215505
125.685,64.14213562372868,129.28932188133388
119.90642636007688,67.32050807568896,150.00000000000156
89.93407068993125,69.3185165257812,174.118095489745
67.47903499707378,70.0,199.99999999999216
57.282757553214935,69.31851652578084,225.8819045102618
37.70129873915423,67.32050807569053,249.99999999998485
35.30401307373126,64.1421356237309,270.71067811865504
28.357951840745518,60.00000000000077,286.60254037844163
18.83860596781932,55.1763809020522,296.59258262890444
15.557535709466176,49.999999999998266,300.0
20.216844631477315,44.823619097953234,296.5925826289117
28.86856264372617,40.00000000000017,286.60254037844436
20.963732284682354,35.85786437626987,270.71067811865885
27.48127080326622,32.67949192431229,250.0000000000092
47.25630600559625,30.681483474218258,225.88190451024505
95.02423593234968,30.0,199.99999999999756
83.92392907808703,30.68148347421851,174.1180954897502
66.93267576353458,32.67949192431051,150.00000000000625
58.04390503235467,35.857864376267344,129.28932188135377
50.81206417894285,40.00000000000102,113.3974596215532
47.97482983131443,44.82361909794979,103.4074173710929
41.006332708769314,49.99999999999925,100.0
38.94663019367633,55.176380902048756,103.40741737109094
33.35446188600993,59.99999999999768,113.39745962154943
27.253039254481514,64.14213562373158,129.28932188134843
24.899356215372134,67.32050807568874,149.99999999999972
23.510618905458493,69.31851652578109,174.11809548974293
19.904173554301146,70.0,199.99999999999
16.22583102142751,69.31851652578213,225.88190451023775
15.25794915686854,67.32050807568847,250.00000000000267
16.078894876259255,64.14213562373119,270.7106781186535
19.06050360759432,60.00000000000114,286.6025403784406
21.899268449530698,55.176380902052614,296.59258262890387
20.61983964410943,50.00000000000325,300.0
17.488656242528968,44.823619097949255,296.59258262890637
15.172899283662405,40.00000000000054,286.60254037844544
15.605719743188377,35.85786437627017,270.7106781186604
23.69907340487452,32.67949192431023,249.9999999999914
27.1918316970344,30.681483474219547,225.8819045102691
21.487233292136626,30.0,199.99999999999972
14.17242880015489,30.6814834742184,174.1180954897523
11.184734459731821,32.67949192431029,150.0000000000081
12.008667766987914,35.85786437627026,129.28932188133922
14.206839782168787,39.9999999999967,113.39745962156564
16.435974259056763,44.823619097949376,103.40741737109346
15.999936682359449,49.99999999999881,100.0
18.628366014803184,55.17638090204834,103.40741737109039
17.6687451368935,60.000000000001236,113.39745962155972
12.452388645728778,64.14213562373128,129.2893218813469
15.67041959828742,67.32050807568852,149.99999999999784
11.148002636771368,69.31851652578098,174.11809548974085
6.261863230264567,70.0,199.99999999998784
6.812679223174005,69.31851652578106,225.88190451025764
12.613261056399233,67.32050807568868,250.0000000000008
15.86380480815043,64.1421356237315,270.710678118652
21.759105256121295,60.000000000001506,286.6025403784395
26.18339913296278,55.17638090205303,296.5925826289033
27.224259835258632,49.999999999999126,300.0
21.532139779358204,44.823619097949674,296.59258262890694
21.54802568083163,40.00000000000092,286.6025403784465
24.345164413498285,35.857864376270484,270.7106781186619
24.19032996547402,32.67949192431272,250.00000000001296
22.424814944521664,30.68148347421848,225.8819045102492
22.22869193841713,30.0,200.00000000000185
23.86795378848745,30.681483474218286,174.11809548975438
27.703849908259464,32.67949192431007,150.00000000000998
26.72780644582767,35.85786437626674,129.28932188135678
21.115114266131606,40.00000000000027,113.39745962155536
19.961010495103867,44.823619097948956,103.40741737109401
22.900034253230835,49.99999999999838,100.0
32.07452064227105,55.176380902052315,103.4074173710957
45.90254788981238,59.99999999999693,113.39745962154727
71.35104624592559,64.14213562373098,129.28932188134536
76.17539803647536,67.32050807568831,149.99999999999596
45.80557723604667,69.31851652578088,174.11809548973878
26.11656421019175,70.0,200.00000000000844
50.0961781520867,69.31851652578236,225.8819045102336
66.31276729871762,67.32050807568889,249.99999999999895
78.80814190733483,64.1421356237318,270.7106781186505
118.25010552904699,60.00000000000188,286.60254037843845
125.685,55.176380902049054,296.59258262890864
125.685,49.99999999999956,300.0
82.4438187579193,44.82361909795009,296.5925826289075
63.80939330547857,40.00000000000129,286.6025403784476
58.181068365655406,35.85786437627078,270.7106781186634
70.27929227729834,32.67949192431067,249.9999999999951
72.13363055738034,30.68148347421859,225.8819045102513
62.56850375365638,30.0,200.000000000004
60.007418084577466,30.681483474218176,174.11809548975646
75.41806238258945,32.67949192430986,150.00000000001182
94.15833382397055,35.857864376269646,129.28932188134223
114.65255508417019,39.9999999999999,113.39745962155644
122.95648661091457,44.82361909794854,103.40741737109457
107.6846738965149,49.999999999997954,100.0
100.69618279222743,55.176380902047505,103.40741737108927
105.64903776564442,60.0000000000005,113.39745962155756
104.39879436099396,64.14213562373067,129.28932188134382
77.47400020633307,67.3205080756881,149.9999999999941
58.290425064914885,69.31851652578077,174.11809548973667
43.96848255821094,70.0,199.99999999998354
31.273617006625283,69.31851652578129,225.88190451025346
21.159065164258937,67.3205080756891,249.99999999999707
17.987185369340875,64.14213562373212,270.71067811864896
15.912097543198431,59.99999999999832,286.6025403784487
11.550876441211795,55.176380902053864,296.5925826289022
10.244853287552154,49.99999999999999,300.0
11.233471083667759,44.823619097950505,296.5925826289081
14.175609810504458,40.00000000000166,286.6025403784487
14.25828155737703,35.85786437626787,270.7106781186489
15.371223023754839,32.679491924313155,250.00000000001668
18.67108117782143,30.681483474218705,225.88190451025338
31.09263588388324,30.0,200.00000000000617
33.91995137908753,30.681483474218066,174.11809548975856
37.473912473788026,32.67949192431192,149.99999999999403
42.10605337789154,35.85786437626935,129.28932188134377
44.84933793266652,39.999999999999524,113.3974596215575
41.2296042775998,44.823619097948125,103.40741737109514
39.65327137125924,49.99999999999752,100.0
42.848669344439735,55.17638090205148,103.4074173710946
48.15918633269073,60.00000000000012,113.39745962155648
56.15589379096558,64.14213562373037,129.28932188134232
79.23089454735648,67.32050807568788,149.99999999999224
77.29828771848138,69.31851652578065,174.1180954897346
69.82453572329848,70.0,200.00000000000412
64.43866398859274,69.3185165257814,225.8819045102514
58.124404591539644,67.32050807568933,249.9999999999952
65.88398157992546,64.14213562373241,270.7106781186474
81.06002996136709,60.00000000000263,286.6025403784363
77.3547516593224,55.17638090204989,296.5925826289075
81.02931112227623,50.00000000000042,300.0
78.68125130956808,44.823619097950925,296.59258262890864
63.514872212647894,40.00000000000204,286.60254037844976
56.45083694050352,35.857864376271394,270.71067811866646
53.78957770784389,32.679491924311094,249.99999999999886
48.670918646143555,30.681483474218815,225.88190451025545
49.153213777954385,30.0,200.00000000000833
61.107963427906064,30.68148347421913,174.11809548973866
70.31097420761682,32.67949192430943,150.00000000001558
73.06563981555696,35.85786437626904,129.2893218813453
81.09097071404348,39.99999999999915,113.39745962155858
78.71592482885302,44.823619097947706,103.40741737109569
66.85909794087726,50.000000000001634,100.0
60.42382452155838,55.176380902046674,103.40741737108814
57.584798466909014,59.999999999999744,113.39745962155541
58.5768469117444,64.14213562373006,129.2893218813408
73.97192820991398,67.32050807568766,149.99999999999037
79.95794445054788,69.31851652578172,174.11809548975447
88.3550012021958,70.0,200.00000000000196
100.85941752321868,69.31851652578152,225.8819045102493
99.23961336426557,67.32050807568955,249.99999999999335
98.04439226904091,64.14213562373271,270.7106781186459
105.98797795436336,59.99999999999906,286.6025403784466
125.685,55.176380902050305,296.592582628907
125.685,50.00000000000085,300.0
125.685,44.82361909795134,296.5925826289092
125.685,40.00000000000241,286.60254037845084
125.685,35.85786437626848,270.7106781186519
112.25252183126877,32.67949192431131,250.00000000000074
104.85628146714437,30.681483474218926,225.88190451025753
108.33468542766197,30.0,200.0000000000105
108.55939150952058,30.681483474217842,174.1180954897627
93.83632131471134,32.67949192431149,149.99999999999775
125.685,35.857864376268736,129.28932188134684
125.685,39.99999999999878,113.39745962155966
125.685,44.82361909794729,103.40741737109624
119.15789816834543,49.99999999999666,100.0
102.69577186679983,55.176380902050646,103.40741737109347
117.8055870600589,59.999999999999375,113.39745962155432
125.685,64.14213562372976,129.28932188133928
98.27424223187684,67.32050807568972,150.00000000000819
125.685,69.31851652578042,174.11809548973042
125.685,70.0,199.9999999999998
125.685,69.31851652578163,225.88190451024724
125.685,67.32050807568976,249.99999999999147
125.685,64.14213562372981,270.71067811866044
125.685,60.000000000003375,286.6025403784341
125.685,55.176380902050724,296.5925826289064
125.685,50.000000000001286,300.0
125.685,44.823619097951756,296.5925826289097
125.685,39.99999999999885,286.6025403784405
125.685,35.85786437626879,270.71067811865345
125.685,32.67949192431153,250.0000000000026
111.86094410112919,30.68148347421904,225.88190451025963
108.37353204237633,30.0,200.00000000001265
125.685,30.681483474218908,174.11809548974284
125.685,32.67949192431127,149.99999999999963
125.685,35.85786437626843,129.28932188134834
97.39083062289427,39.99999999999841,113.39745962156074
116.70706329787127,44.823619097946874,103.4074173710968
120.99451706808,50.000000000000774,100.0
96.21449223148339,55.17638090205023,103.40741737109292
91.51709089875729,59.999999999999,113.39745962155324
77.38617372694863,64.14213562372944,129.28932188133774
51.37067035324331,67.32050807568723,149.99999999998664
56.61319824159617,69.31851652578149,174.11809548975032
64.23406214858474,70.0,199.99999999999764
67.42921008467265,69.31851652578175,225.88190451024514
102.25073871831914,67.32050807568997,249.9999999999896
125.685,64.14213562373332,270.7106781186429
125.685,59.999999999999815,286.6025403784444
125.685,55.176380902051136,296.59258262890586
125.685,50.00000000000171,300.0
125.685,44.823619097947784,296.59258262890444
125.685,40.000000000003155,286.602540378453
125.685,35.85786437626909,270.710678118655
92.88665734100725,32.67949192431174,250.00000000000446
100.60737363881061,30.68148347421915,225.8819045102617
119.55353334834011,30.0,199.99999999999207
110.27144495961961,30.681483474217618,174.1180954897669
89.9712259556172,32.67949192431105,150.00000000000148
78.85753838137074,35.857864376268125,129.28932188134988
72.00986220909319,39.99999999999803,113.39745962156182
52.6834956330536,44.823619097950846,103.40741737109148
33.60478699819651,50.00000000000034,100.0
18.611592252004534,55.176380902049814,103.40741737109236
8.559410606256037,59.99999999999862,113.39745962155217
15.071468666650723,64.14213562372915,129.2893218813362
28.468822191841774,67.32050807568929,150.00000000000446
34.44804510132999,69.31851652578138,174.11809548974824
49.12680389045041,70.0,199.99999999999548
61.84103240576218,69.31851652578185,225.88190451024306
76.70429309318875,67.32050807569019,249.99999999998772
71.85569327867996,64.14213562373043,270.71067811865737
73.50692849011531,60.000000000000185,286.60254037844334
94.90013579856647,55.176380902051555,296.5925826289053
125.685,50.000000000002146,300.0
125.685,44.82361909795259,296.59258262891086
125.685,39.99999999999959,286.60254037844265
125.685,35.8578643762694,270.7106781186565
125.685,32.67949192431196,250.0000000000063
125.685,30.681483474219263,225.88190451026378
125.685,30.0,200.00000000001694
125.685,30.681483474218684,174.118095489747
125.685,32.67949192431084,150.00000000000335
125.685,35.85786437626782,129.28932188135138
125.685,40.0000000000016,113.39745962155153
125.685,44.82361909794604,103.40741737109792
125.685,49.999999999999915,100.0
115.28737193191884,55.176380902049395,103.40741737109181
78.7751030078635,59.99999999999825,113.39745962155109
38.94930785846537,64.14213562373206,129.28932188135076
34.48878946374665,67.3205080756868,149.9999999999829
39.30780293509095,69.31851652578126,174.11809548974614
52.159046351696375,70.0,199.99999999999335
73.61589227502726,69.31851652578196,225.881904510241
79.00197280865062,67.32050807568814,250.00000000000557
77.3838250962673,64.14213562373072,270.7106781186559
85.08330820817343,60.00000000000056,286.60254037844226
105.76387705208077,55.176380902051974,296.5925826289048
125.685,50.00000000000258,300.0
125.685,44.823619097948615,296.5925826289055
125.685,39.999999999999964,286.6025403784438
125.685,35.8578643762697,270.71067811865805
125.685,32.679491924312174,250.00000000000819
125.685,30.681483474219373,225.88190451026588
125.685,30.0,199.99999999999636
113.7030958334316,30.68148347421857,174.11809548974907
82.92524223165312,32.679491924310625,150.00000000000523
73.74264303416969,35.857864376267514,129.28932188135292
69.77918338939163,39.999999999997286,113.39745962156398
59.98306675357989,44.823619097950015,103.40741737109259
50.1496470113036,49.99999999999948,100.0
41.86127854077022,55.17638090204898,103.40741737109124
32.59423275702345,59.99999999999788,113.39745962155001
31.030447904532462,64.14213562372854,129.2893218813332
36.90887932746564,67.32050807568885,150.00000000000074
31.770595659912736,69.31851652578116,174.11809548974406
35.639163629397885,70.0,199.9999999999912
36.564202441494174,69.3185165257809,225.88190451026085
38.10323126212097,67.32050807569061,249.999999999984
38.677628880180855,64.14213562373104,270.71067811865436
39.72863400079289,60.00000000000093,286.6025403784412
46.25026218564101,55.17638090205239,296.5925826289042
55.10280393102543,49.99999999999846,300.0
52.15923930864133,44.823619097953426,296.59258262891194
39.65699082853492,40.00000000000034,286.6025403784448
31.122933989582197,35.85786437627001,270.71067811865953
29.112157252844796,32.67949192431239,250.00000000001006
26.264641085674615,30.681483474218307,225.881904510246
24.4188853079987,30.0,199.99999999999852
22.068133470205048,30.68148347421846,174.11809548975117
19.801624557655344,32.67949192431041,150.00000000000708
19.003140062852165,35.85786437626721,129.28932188135445
15.715976671209747,40.00000000000085,113.3974596215537
10.975386571343531,44.8236190979496,103.40741737109315
8.62096614213972,49.99999999999905,100.0
5.388425169380688,55.176380902048564,103.40741737109069
2.1319497787208985,59.999999999997506,113.39745962154893
0.0,64.14213562373145,129.28932188134775
0.0,67.32050807568864,149.99999999999886
0.0,69.31851652578105,174.118095489742
0.0,70.0,199.99999999998903
0.0,69.31851652578219,225.8819045102368
0.7791131821527117,67.32050807568856,250.00000000000182
3.4094619324337168,64.14213562373133,270.7106781186528
9.376851410020498,60.00000000000131,286.6025403784401
21.999474131827274,55.176380902052806,296.59258262890364
42.715423496232724,50.00000000000344,300.0
65.86512030237685,44.82361909794945,296.59258262890665
76.97469151269954,40.00000000000071,286.60254037844595
71.90011857941874,35.857864376270314,270.71067811866106
56.28712244819305,32.67949192431033,249.99999999999224
41.2274902620695,30.681483474219597,225.88190451027003
26.00919407390939,30.0,200.00000000000068
25.43352657845522,30.68148347421835,174.11809548975324
43.43417213998994,32.67949192431019,150.00000000000895
56.240053773495355,35.85786437627012,129.2893218813399
40.912179435077334,39.99999999999654,113.39745962156613
25.81274405709186,44.823619097949184,103.40741737109371
13.574229635605242,49.99999999999862,100.0
12.54219057071802,55.17638090204815,103.40741737109013
19.69483921247184,60.000000000001066,113.39745962155922
20.344282624555163,64.14213562373114,129.2893218813462
61.998365327807655,67.32050807568842,149.999999999997
34.460288590740745,69.31851652578094,174.11809548973991
23.477868104209016,70.0,199.99999999998687
29.38438188670111,69.31851652578112,225.8819045102567
59.41583286584606,67.32050807568878,249.99999999999994
78.05739179578534,64.14213562373163,270.7106781186513
68.91926541837165,60.00000000000168,286.602540378439
59.75648357216723,55.176380902053225,296.5925826289031
47.14897301101676,49.999999999999325,300.0
42.60827940857264,44.823619097949866,296.59258262890717
50.52926282536204,40.00000000000109,286.602540378447
63.25075389319113,35.8578643762674,270.7106781186465
68.99066791091822,32.67949192431282,250.00000000001378
124.02085228964951,30.68148347421853,225.88190451025017
125.685,30.0,200.00000000000284
125.685,30.68148347421824,174.11809548975532
125.685,32.67949192431225,149.99999999999113
125.685,35.8578643762666,129.2893218813575
125.685,40.0000000000001,113.39745962155584
125.685,44.823619097948765,103.40741737109427
125.685,49.99999999999819,100.0
125.685,55.176380902052124,103.40741737109546
125.685,59.99999999999676,113.39745962154679
125.685,64.14213562373084,129.28932188134468
125.685,67.32050807568821,149.9999999999951
125.685,69.31851652578082,174.1180954897378
125.685,70.0,200.00000000000745
125.685,69.3185165257824,225.88190451023263
125.685,67.32050807568899,249.9999999999981
125.685,64.14213562373195,270.71067811864975
125.685,60.00000000000205,286.60254037843794
125.685,55.176380902049246,296.5925826289084
125.685,50.0000000000043,300.0
125.02568071473235,44.82361909795028,296.59258262890773
103.63056657372448,40.000000000001464,286.6025403784481
94.05736299572243,35.857864376267706,270.71067811864805
65.86903073462521,32.67949192431076,249.99999999999596
59.66346929929471,30.68148347421982,225.8819045102742
49.56611339020155,30.0,200.000000000005
36.03747931061156,30.681483474218126,174.11809548975742
31.839554406681767,32.67949192431203,149.999999999993
29.333394826001754,35.85786437626951,129.28932188134294
23.104011126991708,39.999999999995794,113.39745962156829
20.024733101634496,44.82361909794835,103.40741737109482
17.83000563974348,49.999999999997755,100.0
15.545943426799928,55.176380902051704,103.4074173710949
16.974255381638276,60.00000000000032,113.39745962155708
23.607747621934696,64.14213562372731,129.28932188132708
35.414201613143575,67.320508075688,149.99999999999324
46.35698663524793,69.31851652578071,174.11809548973574
82.49118295038657,70.0,200.0000000000053
90.17258954309416,69.31851652578135,225.88190451025253
78.5098168604712,67.32050807569148,249.99999999997652
71.61249420595561,64.14213562373226,270.7106781186483
78.28154784591436,60.00000000000243,286.60254037843686
83.75764544084049,55.17638090204966,296.59258262890785
81.86152509209957,50.000000000000185,300.0
76.3135145201313,44.823619097946306,296.59258262890245
81.59081754510733,40.00000000000183,286.60254037844913
90.40100649272014,35.85786437627123,270.71067811866567
89.8391181943736,32.67949192431098,249.99999999999784
79.44768885566089,30.681483474218755,225.88190451025432
77.7100230992001,30.0,199.99999999998442
79.24227178884313,30.681483474218012,174.1180954897595
63.581662830845886,32.679491924309545,150.00000000001455
59.56756967056832,35.857864376269205,129.28932188134445
47.320464335577526,39.99999999999936,113.397459621558
39.423517935286775,44.823619097952324,103.4074173710895
22.81126275633072,49.99999999999733,100.0
11.435253305083984,55.1763809020469,103.40741737108846
8.795223381477001,59.99999999999995,113.397459621556
4.076149926438094,64.14213562373023,129.2893218813416
7.752028813974446,67.32050807569006,150.00000000001108
4.640656164072448,69.31851652578061,174.11809548973366
3.19426871987221,70.0,199.9999999999804
2.813362833477215,69.31851652578146,225.88190451025045
3.3099718850137143,67.32050807568942,249.99999999999434
5.602567049499038,64.14213562372935,270.7106781186628
7.633701068550617,60.0000000000028,286.6025403784358
7.400669217509389,55.17638090205008,296.5925826289073
8.591834808474905,50.00000000000062,300.0
11.063782143310881,44.82361909795111,296.5925826289089
16.51967185797379,39.999999999998266,286.60254037843885
20.747845214903695,35.857864376271536,270.71067811866715
28.103958132902584,32.67949192431119,249.99999999999972
26.437924913397808,30.681483474218865,225.8819045102564
24.329755920509246,30.0,200.00000000000932
24.3453918544056,30.68148347421908,174.11809548973963
26.979548342214905,32.67949192430933,150.00000000001643
23.35139852153587,35.8578643762689,129.28932188134598
14.624945949417738,39.999999999998984,113.39745962155907
5.231326036907168,44.823619097947514,103.40741737109595
1.2991529174648486,50.00000000000144,100.0
0.5659339820486736,55.17638090204648,103.4074173710879
0.0,59.999999999999574,113.3974596215549
0.0,64.14213562372993,129.2893218813401
0.0,67.32050807568757,149.9999999999895
0.3456563408237964,69.31851652578166,174.11809548975353
1.8448742741628004,70.0,199.99999999997826
4.150141744565337,69.31851652578156,225.88190451024838
7.221133837768126,67.32050807568965,249.9999999999925
10.273274346979841,64.14213562372964,270.7106781186613
12.869172089838745,59.99999999999923,286.60254037844607
18.21000320589368,55.17638090205489,296.59258262890086
25.341775972564342,50.00000000000105,300.0
31.309473738468505,44.82361909795153,296.59258262890944
34.5791599126781,39.99999999999864,286.6025403784399
28.658739517445362,35.85786437626862,270.7106781186526
21.001918005206495,32.67949192431368,250.00000000002126
13.825728940051622,30.68148347421898,225.8819045102585
16.4723394681016,30.0,200.00000000001145
21.100223316347627,30.681483474218968,174.1180954897417
15.698745230933621,32.67949192431139,149.9999999999986
7.102520021285083,35.85786437626538,129.2893218813636
4.68784567797172,39.99999999999861,113.39745962156015
2.7500427652599377,44.8236190979471,103.4074173710965
2.1807174886514225,50.00000000000101,100.0
3.852084021787906,55.17638090205046,103.40741737109323
8.904220333069125,59.99999999999527,113.39745962154247
18.65643794124943,64.14213562372962,129.2893218813386
41.32887549942257,67.32050807568734,149.99999999998766
56.910852851487206,69.31851652578155,174.11809548975145
71.48404072175045,70.0,199.99999999999883
79.55525776214233,69.3185165257805,225.88190451026824
76.47233405145694,67.32050807568986,249.99999999999062
71.24575945738091,64.14213562373317,270.71067811864367
68.23960927669643,59.99999999999961,286.602540378445
64.29012705206063,55.17638090205091,296.59258262890614
54.75022249025378,49.99999999999693,300.0
46.0568721118567,44.82361909795195,296.59258262891
40.53469946030681,40.000000000002956,286.6025403784524
40.62870491869072,35.85786437626893,270.71067811865413
37.585633469839216,32.67949192431162,250.00000000000344
43.08506852911484,30.681483474217913,225.8819045102386
48.55513455502942,30.0,200.0000000000136
65.6329735890918,30.68148347421768,174.11809548976575
72.35253820691352,32.67949192431117,150.00000000000045
78.86787044056508,35.857864376268296,129.28932188134905
98.13620245420537,40.000000000002174,113.39745962154986
100.22426067963643,44.82361909794668,103.40741737109705
99.2968160006705,49.99999999999603,100.0
88.55067400819075,55.17638090205004,103.40741737109266
73.87667399067887,59.99999999999883,113.39745962155276
70.49676318170572,64.14213562373253,129.28932188135315
70.68167701440765,67.32050807568713,149.9999999999858
76.76855722572814,69.31851652578145,174.11809548974938
83.75744844658057,70.0,199.99999999999667
68.71198213158051,69.31851652578179,225.8819045102442
61.073097798970736,67.3205080756878,250.00000000000844
53.67583212011947,64.14213562373347,270.71067811864214
46.100567968695046,59.999999999999986,286.6025403784439
33.43832301694245,55.17638090205133,296.5925826289056
22.330104405845965,50.00000000000191,300.0
24.70783575033127,44.82361909794797,296.59258262890467
27.41232421535983,40.000000000003325,286.60254037845345
26.58656460745634,35.857864376269234,270.71067811865566
18.70657619677474,32.67949192431184,250.00000000000531
25.817309427175218,30.6814834742192,225.88190451026264
44.056773060468494,30.0,199.99999999999304
73.85772146803575,30.68148347421757,174.11809548976782
88.10000502611244,32.67949192431096,150.00000000000233
125.685,35.85786437626798,129.28932188135056
125.685,39.99999999999786,113.39745962156232
125.685,44.82361909795066,103.40741737109173
125.685,49.9999999999956,100.0
125.685,55.17638090204962,103.40741737109211
125.685,59.99999999999846,113.39745962155168
125.685,64.14213562373222,129.2893218813516
125.685,67.32050807568919,150.0000000000036
125.685,69.31851652578015,174.1180954897253
123.95773220468466,70.0,199.99999999999451
122.92413109073885,69.3185165257819,225.88190451024212
108.15099428534606,67.32050807568801,250.0000000000066
88.8440554069422,64.14213562373055,270.7106781186567
84.70861235337007,60.00000000000429,286.60254037843146
90.11181883922154,55.17638090205175,296.59258262890506
83.94830276178394,50.000000000002345,300.0
79.51706360810924,44.82361909794839,296.59258262890523
74.23120600451473,39.99999999999976,286.60254037844317
81.25958766962867,35.85786437627276,270.7106781186733
56.45562687311094,32.67949192431205,250.00000000000716
67.71651673218413,30.681483474219313,225.88190451026475
75.52663745545723,30.0,199.9999999999952
66.64469483158503,30.681483474218634,174.11809548974796
67.12364150591809,32.679491924308465,150.00000000002387
75.2020749422599,35.857864376267685,129.2893218813521
81.99968926893214,39.999999999997485,113.39745962156339
79.20556871722621,44.82361909795024,103.4074173710923
82.7264906124223,49.999999999999716,100.0
80.03689484068758,55.1763809020536,103.40741737109744
73.81595647953495,59.99999999999808,113.3974596215506
65.72534223160419,64.1421356237287,129.289321881334
67.46816344405423,67.32050807568898,150.00000000000173
49.488004959281014,69.31851652578122,174.1180954897452
58.34835241305504,70.0,200.0000000000151
54.580202582519135,69.318516525782,225.88190451024002
41.25575197556188,67.3205080756905,249.99999999998502
34.408882116479084,64.14213562373087,270.7106781186552
32.35929952805775,60.00000000000073,286.60254037844174
26.822685061821527,55.17638090204777,296.59258262891035
22.958637348034525,50.00000000000277,300.0
30.578510698479768,44.8236190979532,296.59258262891166
54.898857712073024,40.000000000000135,286.60254037844425
64.92731177616761,35.857864376269845,270.71067811865873
56.12417150131712,32.67949192431,249.99999999998934
63.521816016568245,30.681483474219423,225.88190451026682
67.84139327698114,30.0,200.0000000000201
55.45733918711177,30.68148347421852,174.11809548975003
44.49165175489315,32.679491924310526,150.00000000000608
33.421334687512896,35.85786437627059,129.28932188133754
25.327693008221445,39.999999999997115,113.39745962156447
25.15950454763427,44.82361909794982,103.40741737109285
15.182300582550518,49.99999999999928,100.0
18.09297281653027,55.17638090204879,103.40741737109099
31.726608211748,60.00000000000165,113.3974596215609
34.63489311910368,64.1421356237284,129.28932188133248
22.144540104481397,67.32050807568876,149.9999999999999
20.4142614914977,69.3185165257811,174.11809548974313
19.899122934324378,70.0,199.9999999999902
25.661262408319786,69.31851652578095,225.88190451025991
27.67681303272615,67.32050807569073,249.99999999998315
22.423152274227874,64.14213562373116,270.7106781186537
23.9140032127469,60.0000000000011,286.60254037844066
22.357369460704714,55.17638090205258,296.5925826289039
21.58516697569458,49.99999999999866,300.0
19.867485189493745,44.82361909795361,296.5925826289122
20.20940696243055,40.00000000000051,286.6025403784453
19.496618455407873,35.85786437627014,270.7106781186602
16.534467299967986,32.67949192431249,250.0000000000109
18.46608937725289,30.681483474218357,225.88190451024695
16.07783483221196,30.0,200.00000000002225
14.184750950812388,30.68148347421841,174.1180954897521
11.760472651253567,32.67949192431031,150.00000000000793
10.377514111657007,35.857864376270285,129.28932188133905
7.081637517946538,40.00000000000068,113.39745962155418
4.305746199747802,44.82361909794502,103.40741737109929
2.704650386418386,49.999999999998856,100.0
1.7426758897978853,55.17638090204838,103.40741737109043
0.16149407132083657,60.00000000000127,113.39745962155982
0.0,64.1421356237313,129.28932188134704
0.0,67.32050807568626,149.99999999997831
0.0,69.31851652578099,174.11809548974105
0.0,70.0,199.99999999998803
0.12055084860184918,69.31851652578106,225.88190451025784
1.126287826009955,67.32050807568866,250.00000000000097
2.4362557877997943,64.14213562373469,270.71067811863605
1.9240317687074229,60.00000000000148,286.6025403784396
0.8396971452878094,55.176380902053,296.59258262890336
0.0,49.99999999999909,300.0
0.0,44.82361909794964,296.5925826289069
0.0,40.00000000000482,286.6025403784578
0.0,35.857864376270456,270.7106781186618
2.7370295341795305,32.6794919243127,250.00000000001276
2.204131859023255,30.68148347421847,225.88190451024903
1.2531561832045999,30.0,200.00000000000168
3.034390349261332,30.681483474219476,174.11809548973224
5.568387078540011,32.6794919243101,150.0000000000098
16.001432410163115,35.85786437626677,129.28932188135667
26.192721321179764,40.000000000000306,113.39745962155526
33.31700021086616,44.82361909794899,103.40741737109397
47.17217494639043,50.00000000000297,100.0
57.46483089840358,55.17638090204796,103.40741737108988
64.77162019976693,59.99999999999696,113.39745962154737
64.95415545343025,64.14213562373101,129.28932188134553
57.38785082275504,67.32050807568832,149.99999999999613
57.24479949485136,69.31851652578206,174.11809548976092
58.720799219661984,70.0,199.9999999999859
57.978734356272106,69.31851652578234,225.8819045102338
52.79679912216771,67.32050807568888,249.99999999999912
46.31081122507819,64.14213562373178,270.7106781186506
51.64960326784296,59.99999999999791,286.6025403784499
55.253594234262636,55.17638090205341,296.59258262890285
53.63749312432879,50.000000000004064,300.0
56.23173032623527,44.82361909795005,296.59258262890745
57.300221692628035,40.00000000000126,286.6025403784475
62.637832345959495,35.85786437626754,270.71067811864725
46.911292326268466,32.67949192431291,250.00000000001464
40.38617389775103,30.68148347421858,225.8819045102511
37.12890007559343,30.0,200.0000000000038
46.375345878404225,30.681483474218187,174.11809548975629
54.47028762613597,32.67949192431215,149.99999999999199
53.35665937620377,35.85786437626646,129.2893218813582
49.566408994302115,39.99999999999993,113.39745962155632
48.03443225004905,44.82361909794858,103.40741737109452
48.1771628784342,49.99999999999799,100.0
47.28477866981694,55.17638090205193,103.4074173710952
43.70415123018409,59.99999999999659,113.39745962154629
43.12347125249826,64.1421356237307,129.289321881344
40.034311417626,67.32050807568811,149.99999999999426
37.88387359634086,69.31851652578078,174.11809548973687
41.99911194249915,70.0,200.00000000000648
37.44835379023497,69.31851652578246,225.8819045102317
30.003512939104464,67.32050807568909,249.99999999999724
31.750923971113256,64.14213562373209,270.71067811864907
27.49167131501619,60.000000000002224,286.6025403784374
25.985008961633625,55.17638090204944,296.59258262890813
24.521170053360166,50.0000000000045,300.0
22.185546057304673,44.82361909795047,296.592582628908
20.630188857660258,40.000000000001634,286.60254037844857
16.978452331807073,35.85786437626785,270.71067811864873
10.82514792870043,32.67949192431086,249.99999999999682
9.348439866936252,30.68148347421987,225.88190451027515
6.832207406962295,30.0,200.00000000000597
5.841844519787493,30.681483474218073,174.11809548975836
7.54363139930204,32.67949192431194,149.99999999999386
6.908408085968491,35.857864376269376,129.28932188134365
11.325560414660517,39.99999999999562,113.39745962156877
23.219489304453745,44.82361909794816,103.40741737109508
31.522136046238316,49.99999999999756,100.0
32.250628089609066,55.17638090205152,103.40741737109465
34.55778107546047,60.000000000000156,113.39745962155658
45.84746228052936,64.14213562372717,129.28932188132637
52.001554865818456,67.3205080756879,149.9999999999924
87.2638499206607,69.31851652578067,174.1180954897348
117.80383474417931,70.0,200.00000000000432
112.60735933588194,69.31851652578139,225.8819045102516
98.76145718065756,67.32050807569158,249.99999999997567
78.1859257359524,64.14213562373239,270.7106781186476
52.84692573821788,60.00000000000259,286.60254037843634
26.38157983320095,55.17638090204985,296.5925826289076
33.99117072816249,50.000000000000384,300.0
51.89216406368856,44.82361909794649,296.5925826289027
85.71685373491016,40.000000000002004,286.60254037844965
89.79157495717415,35.857864376271365,270.71067811866635
72.77416064260947,32.67949192431108,249.9999999999987
58.63612115784553,30.681483474218805,225.88190451025528
65.04009263579245,30.0,199.9999999999854
80.73495570232392,30.681483474217963,174.11809548976044
92.1063017916662,32.679491924309445,150.0000000000154
106.42694719935032,35.85786437626906,129.28932188134516
106.9051725967953,39.99999999999918,113.39745962155848
109.17704997248211,44.82361909795213,103.40741737108975
101.80212315570577,49.99999999999713,100.0
90.08608091878605,55.17638090204671,103.4074173710882
79.53621208666155,59.99999999999978,113.3974596215555
70.03220837921242,64.14213562373008,129.28932188134092
58.79601552105048,67.32050807568996,150.00000000001023
53.66166378587413,69.31851652578055,174.1180954897327
41.83899947171291,70.0,199.99999999997942
27.983549041620694,69.3185165257815,225.8819045102495
19.4915114018759,67.32050807568953,249.99999999999352
17.73066031160308,64.14213562372947,270.71067811866214
13.093190778135263,60.00000000000297,286.60254037843526
8.979858367496272,55.17638090205027,296.59258262890705
8.569693577177192,50.00000000000081,300.0
12.004218198897101,44.8236190979513,296.5925826289091
17.49426000713049,39.99999999999844,286.60254037843936
19.415679018584115,35.85786437627167,270.7106781186679
10.677049914059307,32.67949192431129,250.00000000000057
11.36061798835601,30.68148347421892,225.88190451025736
8.789707244578208,30.0,200.0000000000103
6.742389490379571,30.68148347421903,174.11809548974057
5.57551584747205,32.67949192430923,150.00000000001728
4.554247071036949,35.857864376268765,129.28932188134667
5.42627178084239,39.99999999999881,113.39745962155956
5.847439119344743,44.82361909794733,103.4074173710962
5.539727479675654,50.00000000000124,100.0
5.796774512170049,55.17638090204629,103.40741737108765
8.053515947493194,59.9999999999994,113.39745962155442
11.666178666987925,64.14213562372979,129.28932188133942
9.303886667876858,67.32050807568746,149.9999999999887
14.024686935972005,69.31851652578162,174.1180954897526
18.53837731540345,70.0,199.99999999997726
18.92109475449566,69.31851652578162,225.8819045102474
13.904125420385968,67.32050807568973,249.99999999999164
8.851979131425475,64.14213562372979,270.7106781186606
7.539718768468322,59.9999999999994,286.6025403784456
8.20750993144247,55.17638090205508,296.5925826289006
7.574718577696871,50.00000000000124,300.0
6.560340937005069,44.82361909795172,296.59258262890967
5.493083749063241,39.99999999999881,286.60254037844044
5.819076763545171,35.857864376268765,270.71067811865333
3.2440007064900507,32.67949192431378,250.0000000000221
3.453172660746891,30.68148347421903,225.88190451025943
3.252985367283792,30.0,200.00000000001245
3.219886760645796,30.68148347421892,174.11809548974264
5.345990307159049,32.67949192431129,149.99999999999943
6.089474867005929,35.85786437626524,129.2893218813643
7.016201904628148,39.99999999999844,113.39745962156064
6.591668249145005,44.82361909794691,103.40741737109676
6.8217356170432994,50.00000000000082,100.0
8.43992558282898,55.17638090205027,103.40741737109298
9.535823089519631,59.9999999999951,113.39745962154197
13.693993555446971,64.14213562372947,129.28932188133788
11.062067429909044,67.32050807568726,149.9999999999868
21.076285723041735,69.3185165257815,174.11809548975052
25.390719251016694,70.0,199.99999999999784
30.524731723678673,69.31851652578055,225.8819045102673
30.436963737046245,67.32050807568996,249.99999999998977
25.978668765248724,64.14213562373331,270.710678118643
23.80128950824931,59.99999999999978,286.6025403784445
25.728964886927766,55.1763809020511,296.5925826289059
26.980640088973868,49.99999999999713,300.0
26.630586675714955,44.82361909795213,296.59258262891024
25.683381119686594,40.000000000003126,286.6025403784529
21.424050258327213,35.85786437626906,270.71067811865487
13.038487580160853,32.67949192431172,250.0000000000043
14.169177307336213,30.681483474217963,225.88190451023956
17.00607859738295,30.0,200.0000000000146
15.795437458931954,30.68148347421763,174.1180954897667
16.991462549222973,32.67949192431108,150.0000000000013
19.60712123842936,35.857864376268154,129.28932188134974
19.447489806132058,40.000000000002004,113.39745962155035
17.024446623223827,44.82361909794649,103.40741737109731
17.144534048770378,49.999999999995836,100.0
20.33869463122494,55.17638090204985,103.40741737109241
24.473781504526745,59.99999999999866,113.39745962155227
27.502357237088464,64.14213562373239,129.28932188135244
25.75519727898608,67.32050807568703,149.99999999998494
21.824392118961896,69.31851652578139,174.1180954897484
16.101839730020703,70.0,199.99999999999568
10.838492072047442,69.31851652578183,225.88190451024326
9.875019410455637,67.3205080756879,250.0000000000076
10.8148137101787,64.14213562373361,270.71067811864145
9.781128931354417,60.000000000000156,286.60254037844345
7.217059364458343,55.17638090205152,296.59258262890535
3.4958971047952567,50.0000000000021,300.0
1.1166455059390232,44.82361909794816,296.5925826289049
0.0,40.000000000003496,286.60254037845397
0.0,35.85786437626937,270.71067811865635
0.0,32.67949192431193,250.00000000000614
0.0,30.681483474219252,225.8819045102636
0.5242332314390655,30.0,199.99999999999403
0.0,30.681483474217515,174.11809548976876
0.0,32.67949192431086,150.00000000000318
0.0,35.85786437626785,129.28932188135127
0.0,39.99999999999769,113.3974596215628
0.0,44.82361909795047,103.40741737109198
0.0,49.9999999999954,100.0
0.0,55.17638090204944,103.40741737109185
0.0,59.99999999999829,113.39745962155119
1.6079286504704464,64.14213562373209,129.28932188135093
3.5427456940166904,67.32050807568909,150.00000000000276
7.372703975622572,69.3185165257801,174.11809548972437
12.992957998266512,70.0,199.99999999999352
18.078252214120806,69.31851652578194,225.88190451024116
20.779675862267123,67.32050807568811,250.00000000000574
18.083119890190165,64.1421356237307,270.710678118656
23.65682840196707,60.00000000000446,286.602540378431
32.35029385970978,55.17638090205193,296.5925826289048
29.97972818818642,50.00000000000254,300.0
32.29665975142887,44.82361909794858,296.59258262890546
37.37021378042746,39.99999999999993,286.6025403784437
31.345182593235204,35.85786437627289,270.71067811867397
25.363137922412424,32.67949192431215,250.00000000000801
19.992906400406362,30.681483474219363,225.88190451026568
27.43692708091552,30.0,199.99999999999616
20.62710293036474,30.68148347421858,174.1180954897489
13.171908531713255,32.67949192431291,149.99999999998536
20.492178046463742,35.85786437626754,129.28932188135278
25.872852615855386,39.999999999997314,113.39745962156388
35.483816208386706,44.82361909795006,103.40741737109255
36.90185226455681,49.99999999999952,100.0
38.19231972745437,55.17638090205341,103.40741737109718
50.060453560618434,59.99999999999791,113.39745962155011
54.106587245619664,64.14213562372856,129.2893218813333
47.44119056429515,67.32050807568888,150.0000000000009
21.10230819951973,69.31851652578118,174.11809548974426
6.784164113954893,70.0,200.00000000001413
3.0245226437857244,69.31851652578206,225.88190451023908
1.6827838215067878,67.3205080756906,249.99999999998417
2.0243928722896913,64.14213562373101,270.71067811865447
2.0761288338858197,60.000000000000895,286.6025403784413
2.996853584158836,55.17638090204796,296.5925826289101
2.588807928165118,50.00000000000297,300.0
1.9997184841700717,44.82361909795338,296.59258262891194
3.3700535993870204,40.000000000000306,286.60254037844476
4.796115297492877,35.85786437626998,270.7106781186594
9.808581383132807,32.6794919243101,249.9999999999902
6.392743434230134,30.681483474219476,225.88190451026776
8.247080041642429,30.0,199.99999999999832
9.124510814809767,30.68148347421847,174.11809548975097
6.190666904919144,32.679491924310426,150.0000000000069
4.46167615956111,35.857864376270456,129.28932188133825
1.5309855897426279,39.999999999996945,113.39745962156496
0.0,44.82361909794964,103.4074173710931
0.0,49.99999999999909,100.0
0.008114659248148349,55.17638090204861,103.40741737109073
1.3874093805052579,60.00000000000148,113.3974596215604
4.8257004019480325,64.14213562372825,129.28932188133177
9.80383589044307,67.32050807568866,149.99999999999903
16.98780973591352,69.31851652578106,174.1180954897422
21.681349273487758,70.0,199.99999999998923
23.63350065333379,69.31851652578099,225.88190451025895
20.212634588306496,67.32050807569081,249.9999999999823
19.057900425377753,64.1421356237313,270.71067811865294
29.90393141776878,60.00000000000127,286.6025403784402
32.26959809604025,55.17638090205277,296.5925826289037
29.597675015205258,49.999999999998856,300.0
25.670865989002227,44.8236190979538,296.5925826289125
29.619572195812967,40.00000000000068,286.60254037844584
33.82150456299392,35.857864376270285,270.71067811866095
26.01321942912231,32.67949192431031,249.99999999999207
31.661528340714444,30.68148347421841,225.8819045102479
25.263115345652047,30.0,200.00000000002322
19.00844765624273,30.681483474218357,174.11809548975305
16.63377607203284,32.67949192431021,150.00000000000878
16.061790111451998,35.85786437627014,129.28932188133976
15.254353338069983,40.00000000000051,113.39745962155466
14.985853508993673,44.82361909794483,103.40741737109954
17.52022246050004,49.99999999999866,100.0
26.88362569824828,55.17638090204819,103.40741737109018
26.67354973916954,60.0000000000011,113.39745962155932
17.841975716390024,64.14213562373116,129.28932188134632
11.48605629036125,67.32050807568618,149.99999999997746
26.534722418252887,69.31851652578095,174.11809548974009
25.824332880463828,70.0,199.99999999998707
25.25142232381813,69.3185165257811,225.88190451025687
23.17052713580626,67.32050807568876,250.00000000000014
13.581034716657584,64.14213562373483,270.71067811863537
13.408489448555537,60.00000000000165,286.60254037843913
16.889676418028124,55.17638090205318,296.59258262890313
19.664229470527474,49.99999999999928,300.0
19.752899463613964,44.82361909794982,296.59258262890717
22.59908224075361,39.999999999997115,286.60254037843555
24.92872761887168,35.85786437627059,270.7106781186625
40.53293639906832,32.6794919243128,250.0000000000136
40.20496500381163,30.68148347421852,225.88190451024997
31.485264119023675,30.0,200.00000000000264
33.267494512619734,30.681483474219423,174.11809548973318
40.056226310723964,32.67949192431,150.00000000001066
35.77143633583797,35.857864376266626,129.28932188135735
34.07195056810666,40.000000000000135,113.39745962155574
33.12202114818548,44.82361909794881,103.40741737109421
25.095967557931996,50.00000000000277,100.0
19.27881198381194,55.17638090204777,103.40741737108962
16.684298308741184,59.99999999999679,113.39745962154689
16.654020677408337,64.14213562373087,129.2893218813448
16.182528120598846,67.32050807568822,149.99999999999528
17.585609637720168,69.31851652578202,174.11809548975998
16.66674962824985,70.0,199.9999999999849
12.604765122603691,69.3185165257824,225.88190451023283
9.37460850645528,67.32050807568898,249.99999999999827
9.14325508197117,64.14213562373192,270.7106781186499
8.580719148841862,59.99999999999808,286.6025403784494
4.705736443997863,55.1763809020536,296.59258262890256
1.5029758255857613,49.999999999999716,300.0
0.4917974912348014,44.82361909795024,296.59258262890773
0.4964002666130869,40.00000000000142,286.602540378448
0.23531614863641412,35.857864376267685,270.71067811864793
0.551356280180314,32.67949192431301,250.0000000000155
0.0,30.681483474218634,225.88190451025204
0.17748561927548137,30.0,200.0000000000048
2.129749991129137,30.681483474218137,174.11809548975722
3.6389938037705516,32.67949192431206,149.99999999999284
3.8506369647844316,35.85786437626632,129.2893218813589
3.916666541828853,39.99999999999976,113.39745962155682
4.528229850428057,44.82361909794839,103.40741737109478
4.434177220678587,49.9999999999978,100.0
2.3517747319047038,55.17638090205175,103.40741737109495
0.0,59.99999999999642,113.39745962154579
0.0,64.14213562373055,129.28932188134328
0.0,67.32050807568801,149.99999999999343
0.0,69.31851652578072,174.11809548973594
0.0,70.0,200.00000000000549
0.0,69.31851652578251,225.88190451023075
0.4049557825434528,67.32050807568919,249.9999999999964
0.0,64.14213562373222,270.7106781186484
0.0,59.99999999999845,286.60254037844834
0.0,55.17638090204962,296.5925826289079
0.2233887730051348,50.0000000000047,300.0
2.9683494666932178,44.82361909795066,296.59258262890825
5.654020396115357,40.0000000000018,286.602540378449
8.258388357045956,35.85786437626798,270.7106781186494
8.418869704004765,32.67949192431096,249.99999999999767
7.41875537974436,30.68148347421992,225.8819045102761
5.308293456556004,30.0,200.00000000000696
3.963386527498801,30.681483474218027,174.1180954897593
4.849710839737624,32.67949192431184,149.99999999999469
7.401439279738054,35.857864376269234,129.28932188134434
10.786711627947994,39.99999999999545,113.39745962156927
14.843914895170627,44.82361909794797,103.40741737109533
17.957709854536496,49.999999999997364,100.0
21.102109202981968,55.17638090205133,103.4074173710944
25.45097638511037,59.999999999999986,113.39745962155608
26.800227011485568,64.14213562372704,129.2893218813257
27.796506149348875,67.3205080756878,149.99999999999156
27.11783571739222,69.31851652578061,174.11809548973383
31.366539092438046,70.0,200.00000000000333
31.94096990550437,69.31851652578145,225.88190451025065
24.13740673552227,67.32050807568713,250.0000000000142
15.316150225767329,64.14213562373253,270.71067811864685
8.142072216159786,60.00000000000277,286.6025403784359
7.7094595971781805,55.17638090205004,296.59258262890734
14.472129082323685,50.000000000000576,300.0
19.920168047312064,44.82361909794668,296.59258262890296
23.995899341377747,40.000000000002174,286.60254037845016
30.857400808236466,35.85786437627151,270.71067811866703
32.56747621370839,32.67949192431117,249.99999999999955
45.47669725454375,30.681483474218854,225.88190451025622
50.69440090094381,30.0,199.9999999999864
47.36178720448143,30.681483474217913,174.1180954897614
46.274889419128755,32.679491924309346,150.00000000001626
35.02229905083372,35.85786437626893,129.28932188134587
28.751269018057155,39.99999999999902,113.39745962155897
25.09757012480398,44.82361909795195,103.40741737109
21.546000602200728,49.99999999999693,100.0
27.254658135568587,55.17638090204652,103.40741737108794
29.047271734698256,59.99999999999961,113.39745962155502
31.824984503705117,64.14213562372996,129.28932188134024
46.20262394300086,67.32050807568986,150.00000000000938
50.72343696585744,69.3185165257805,174.11809548973176
51.605612228951934,70.0,200.00000000000117
50.566322321776916,69.31851652578155,225.88190451024855
49.15807283442019,67.32050807568962,249.99999999999267
51.88903897103241,64.14213562372962,270.7106781186614
48.250427319662926,60.00000000000314,286.6025403784348
42.27270444267479,55.176380902050454,296.59258262890677
38.28071144976777,50.00000000000101,300.0
32.53927277168464,44.82361909795149,296.5925826289094
26.543836010551807,39.99999999999861,286.60254037843987
22.87452673063251,35.85786437627181,270.71067811866857
28.19798250315998,32.67949192431139,250.0000000000014
21.607332234823737,30.681483474218968,225.8819045102583
12.057876926164631,30.0,200.00000000001125
6.46127337431567,30.68148347421898,174.1180954897415
1.6732411006704158,32.67949192430913,150.00000000001813
0.0,35.85786437626862,129.28932188134738
0.0,39.99999999999864,113.39745962156006
0.0,44.82361909794714,103.40741737109644
0.0,50.00000000000105,100.0
0.0,55.176380902046105,103.40741737108739
0.15759467607469807,59.99999999999923,113.39745962155393
0.4755174605863267,64.14213562372964,129.2893218813387
0.0,67.32050807568965,150.0000000000075
0.822998940250548,69.31851652578156,174.11809548975162
0.3004766469478207,70.0,199.9999999999763
3.3907638493572683,69.31851652578166,225.88190451024647
6.224548886744683,67.32050807568984,249.9999999999908
9.070175960294709,64.14213562372993,270.71067811865987
10.375372428905042,59.999999999999574,286.6025403784451
10.470112865348849,55.176380902055264,296.59258262890035
11.291306893067645,50.00000000000144,300.0
11.30758245484428,44.823619097951905,296.59258262890995
8.695504410073058,39.99999999999898,286.60254037844095
7.660772225382084,35.8578643762689,270.710678118654
9.784293935706424,32.67949192431388,250.00000000002296
5.432064075755258,30.68148347421908,225.88190451026037
1.3073161381735607,30.0,200.00000000001342
0.0,30.681483474218865,174.11809548974358
0.0,32.67949192431119,150.00000000000028
0.0,35.8578643762651,129.28932188136497
0.0,39.999999999998266,113.39745962156114
0.0,44.82361909794672,103.40741737109701
1.057910196085511,50.00000000000062,100.0
3.252647153576434,55.17638090205008,103.40741737109272
5.825054051192171,60.0000000000028,113.39745962156422
8.374082175287226,64.14213562372935,129.28932188133717
8.471051268078101,67.32050807568714,149.99999999998596
7.952132725303452,69.31851652578146,174.11809548974955
5.595170671187614,70.0,199.99999999999687
3.6332599856783725,69.31851652578061,225.88190451026634
3.450108410779108,67.32050807569004,249.99999999998892
4.307177682365006,64.14213562373344,270.7106781186423
4.435374082642681,59.99999999999995,286.602540378444
5.160659379073756,55.17638090205129,296.5925826289057
6.350534540876266,49.99999999999732,300.0
7.524620474747529,44.823619097952324,296.59258262891046
7.977772121195483,40.0000000000033,286.60254037845334
9.971265654098953,35.857864376269205,270.71067811865555
8.036563880925076,32.67949192431182,250.00000000000512
7.556041528026443,30.681483474218012,225.8819045102405
9.112136312780684,30.0,200.00000000001558
7.756142085376795,30.681483474217575,174.11809548976763
4.705210379572698,32.67949192431098,150.00000000000216
5.575589127230858,35.85786437626801,129.28932188135042
8.030364336392498,40.00000000000183,113.39745962155085
10.122961586787277,44.823619097946306,103.40741737109757
11.674838700030138,50.000000000000185,100.0
9.747638821523532,55.176380902049665,103.40741737109215
5.602478892463966,59.99999999999849,113.39745962155177
4.923436499225227,64.14213562373226,129.28932188135175
4.614073056963544,67.32050807568693,149.99999999998408
2.382556880859456,69.31851652578135,174.11809548974747
0.7200005122343921,70.0,199.9999999999947
0.3742418960949445,69.31851652578189,225.8819045102423
0.1695125876182819,67.320508075688,250.00000000000676
0.0,64.14213562373375,270.71067811864077
0.0,60.00000000000032,286.60254037844294
0.0,55.176380902051704,296.5925826289051
0.0,50.0000000000023,300.0
0.0,44.82361909794835,296.5925826289052
0.0,40.000000000003666,286.6025403784545
0.0,35.85786437626951,270.71067811865703
0.0,32.67949192431203,250.000000000007
0.0,30.681483474219302,225.88190451026455
0.0,30.0,199.999999999995
0.0,30.681483474217465,174.11809548976973
0.0,32.67949192431076,150.00000000000404
0.0,35.85786437626771,129.28932188135195
0.0,40.000000000001464,113.39745962155192
0.0,44.823619097950285,103.40741737109224
0.21878263397081632,49.99999999999521,100.0
2.6745294239837736,55.176380902049246,103.4074173710916
6.376040135912343,59.99999999999812,113.3974596215507
7.699642696155862,64.14213562373195,129.28932188135025
6.927393706591601,67.32050807568899,150.0000000000019
8.455845167132033,69.31851652578005,174.11809548972343
10.530865819613627,70.0,199.99999999999255
10.191785020646753,69.318516525782,225.88190451024022
9.263304226319184,67.32050807568821,250.0000000000049
9.538026151547202,64.14213562373084,270.7106781186553
10.407855541678579,60.00000000000463,286.6025403784305
10.857308688378962,55.176380902052124,296.59258262890455
10.790715844302229,50.000000000002736,300.0
10.766784899477479,44.823619097948765,296.59258262890575
11.136303086356776,40.0000000000001,286.60254037844413
11.50674724534968,35.85786437627303,270.71067811867465
13.146382740365656,32.67949192431225,250.00000000000887
10.76383751753397,30.681483474219412,225.88190451026662
7.901861013248309,30.0,199.99999999999716
6.392027773698271,30.68148347421853,174.11809548974983
5.817732264705416,32.67949192431282,149.99999999998622
10.50179907741994,35.8578643762674,129.2893218813535
20.73372834893851,39.99999999999715,113.39745962156437
35.92473977070365,44.823619097949866,103.40741737109279
51.204634215050554,49.999999999999325,100.0
49.11045508918965,55.176380902053225,103.40741737109693
35.53802544506827,59.99999999999774,113.39745962154963
28.30812052109012,64.14213562372842,129.28932188133263
27.08950595810576,67.32050807568878,150.00000000000006
27.158532870655932,69.31851652578112,174.11809548974333
30.837481727154398,70.0,200.00000000001313
36.09590683165489,69.31851652578212,225.88190451023814
41.90545463685038,67.3205080756907,249.99999999998332
39.647894725303345,64.14213562373114,270.7106781186538
31.678467561856298,60.000000000001066,286.6025403784408
21.116892388107004,55.17638090204815,296.5925826289099
13.577450476199763,50.00000000000316,300.0
11.314009655367967,44.823619097953575,296.59258262891217
10.704510863269283,40.000000000000476,286.60254037844527
10.248554997940749,35.857864376270115,270.7106781186601
11.336049590252275,32.67949192431019,249.99999999999105
9.429371550763493,30.681483474219526,225.88190451026873
9.250375445354777,30.0,199.99999999999932
9.94562148608926,30.68148347421842,174.1180954897519
10.637397297936534,32.67949192431033,150.00000000000776
13.117307465128308,35.857864376270314,129.28932188133894
14.430747063386834,39.999999999996774,113.39745962156545
12.632636802403733,44.82361909794945,103.40741737109336
13.055652298452696,49.99999999999889,100.0
16.383527058387525,55.176380902048415,103.40741737109049
20.27900581133095,60.00000000000131,113.3974596215599
19.396231059087132,64.14213562372812,129.2893218813311
12.793728651795778,67.32050807568856,149.99999999999818
8.959583300257142,69.318516525781,174.11809548974122
6.149570965551536,70.0,199.99999999998823
3.71772378064959,69.31851652578105,225.881904510258
2.1586039170276132,67.32050807569091,249.99999999998147
0.9059927518313594,64.14213562373145,270.71067811865225
0.0,60.00000000000144,286.6025403784397
0.0,55.176380902052955,296.5925826289034
0.0,49.99999999999905,300.0
0.0,44.823619097953994,296.59258262891274
0.13195244382137408,40.00000000000085,286.6025403784463
1.9638543009592175,35.85786437627043,270.71067811866163
2.1139433375389647,32.67949192431041,249.9999999999929
2.1185123339376597,30.68148347421846,225.88190451024883
0.5839857080735289,30.0,200.00000000002422
0.0,30.681483474218307,174.118095489754
0.0,32.67949192431011,150.00000000000963
0.0,35.85786437627001,129.28932188134044
0.46479977673274214,40.00000000000034,113.39745962155516
3.2045366072368897,44.823619097944636,103.4074173710998
5.232598353648966,49.999999999998465,100.0
6.292050747479424,55.176380902047995,103.40741737108992
7.967797189979707,60.00000000000094,113.39745962155882
10.378455235065628,64.14213562373104,129.28932188134564
17.735571965609754,67.32050807568606,149.9999999999766
19.026221172573116,69.3185165257809,174.11809548973915
21.190093084650076,70.0,199.99999999998607
23.152789675825744,69.31851652578116,225.88190451025594
23.064645427995515,67.32050807568885,249.99999999999926
18.36914365653449,64.14213562373496,270.7106781186347
11.866450791827619,60.00000000000182,286.6025403784386
9.431113756008727,55.176380902053374,296.59258262890285
12.344635975014922,49.99999999999948,300.0
17.894161690102333,44.823619097950015,296.5925826289074
21.032423612852753,39.999999999997286,286.602540378436
22.001395653860236,35.857864376270726,270.71067811866317
29.167537662802648,32.6794919243129,250.00000000001447
29.5151620667689,30.68148347421857,225.8819045102509
29.172103065526567,30.0,200.00000000000364
33.4475081870885,30.681483474219373,174.11809548973412
37.95199346145482,32.6794919243099,150.0000000000115
37.364518670028446,35.85786437626649,129.28932188135803
31.676786224053952,39.999999999999964,113.39745962155622
26.87008807942473,44.823619097948615,103.40741737109447
26.441721090200602,50.00000000000258,100.0
27.26752110567318,55.17638090204758,103.40741737108937
27.865823739694445,59.999999999996625,113.39745962154637
24.771309622297693,64.14213562373072,129.2893218813441
17.583067428935244,67.32050807568814,149.99999999999443
14.009947970557759,69.31851652578196,174.118095489759
9.381828077140565,70.0,199.99999999998394
5.511098975704769,69.31851652578246,225.8819045102319
2.9207061468716184,67.32050807568908,249.9999999999974
0.8967616251739878,64.14213562373206,270.71067811864924
0.0,59.99999999999825,286.6025403784489
0.0,55.17638090205379,296.5925826289023
0.0,49.999999999999915,300.0
0.0,44.82361909795043,296.59258262890796
0.0,40.00000000000159,286.60254037844845
0.0,35.85786437626782,270.7106781186486
0.0,32.67949192431311,250.0000000000163
0.0,30.681483474218684,225.88190451025298
0.0,30.0,200.00000000000577
0.0,30.681483474218084,174.11809548975816
0.2005258536346429,32.67949192431196,149.99999999999366
0.08331290220001085,35.857864376266186,129.28932188135957
0.0,39.999999999999595,113.3974596215573
0.0,44.823619097948196,103.40741737109504
0.0,49.9999999999976,100.0
0.0,55.176380902051555,103.4074173710947
0.0,59.99999999999625,113.39745962154531
0.0,64.14213562373043,129.2893218813426
0.0,67.32050807568791,149.99999999999258
0.0,69.31851652578067,174.11809548973497
0.0,70.0,200.00000000000452
0.0,69.31851652578256,225.88190451022982
0.11720235427084917,67.32050807568929,249.99999999999554
0.5835486259730831,64.14213562373236,270.7106781186477
1.5668781609551343,59.99999999999862,286.6025403784478
2.2177979166104507,55.176380902049814,296.5925826289076
1.2606737793056915,50.00000000000489,300.0
0.42850356261705325,44.823619097950846,296.59258262890853
0.25652331175579307,40.00000000000197,286.60254037844953
0.010459154808550112,35.857864376268125,270.7106781186501
0.5494819160005626,32.67949192431105,249.99999999999852
0.7575244600683226,30.681483474219974,225.88190451027705
1.0312075627101533,30.0,200.00000000000793
1.6171453839220036,30.681483474217973,174.11809548976026
1.5849953758654218,32.67949192431174,149.99999999999554
0.6048363068215383,35.85786437626909,129.28932188134502
0.1121996905049436,39.99999999999528,113.39745962156977
0.0,44.823619097947784,103.40741737109559
0.06248785471978427,49.999999999997165,100.0
0.934506582453444,55.176380902051136,103.40741737109414
2.6832757672408705,59.999999999999815,113.3974596215556
5.298824949372414,64.1421356237269,129.289321881325
4.188813936924943,67.3205080756877,149.9999999999907
4.909251654159084,69.31851652578055,174.1180954897329
6.764620039026517,70.0,200.00000000000236
9.73240529312758,69.31851652578149,225.88190451024968
12.926197114597379,67.32050807568723,250.00000000001336
16.91228873992337,64.14213562373267,270.7106781186462
18.499793248783853,60.000000000002935,286.6025403784354
18.281818923022477,55.17638090205023,296.59258262890705
17.25954684617078,50.000000000000774,300.0
15.438700465802407,44.823619097946874,296.5925826289032
13.877375478473134,40.000000000002345,286.6025403784506
14.128668765565678,35.85786437627164,270.7106781186677
10.973402545306321,32.67949192431127,250.00000000000037
11.503369811236212,30.681483474218908,225.88190451025716
10.189029244327715,30.0,199.99999999998735
8.337407206109262,30.68148347421786,174.11809548976234
8.03388073923007,32.679491924309254,150.0000000000171
7.909703952679033,35.85786437626879,129.28932188134655
9.818507784480556,39.99999999999885,113.39745962155948
16.107436342164558,44.823619097951756,103.40741737109026
31.232590475300032,49.99999999999674,100.0
56.054898493302716,55.17638090204633,103.40741737108769
77.89505046238179,59.99999999999944,113.39745962155452
71.74311593190721,64.14213562372981,129.28932188133956
41.06581588461138,67.32050807568976,150.00000000000853
26.655797132539494,69.31851652578045,174.11809548973082
23.63392775433101,70.0,200.0000000000002
22.280552775625612,69.3185165257816,225.8819045102476
21.613202821782217,67.32050807568972,249.99999999999181
27.62844239096005,64.14213562372976,270.7106781186607
32.53654116632093,60.00000000000331,286.6025403784343
39.072047371413326,55.176380902050646,296.59258262890654
36.396057258297056,50.00000000000121,300.0
28.185939392682798,44.82361909795168,296.59258262890967
25.89254687037588,39.99999999999878,286.6025403784403
25.71165651476422,35.85786437627195,270.71067811866925
19.71363455983715,32.679491924311485,250.00000000000225
16.053144383978356,30.681483474219018,225.88190451025923
12.475176273500416,30.0,200.00000000001225
12.06777361108551,30.681483474218926,174.11809548974244
12.567316396565829,32.67949192430903,150.00000000001899
12.596080887906469,35.85786437626848,129.28932188134806
6.36108620197008,39.99999999999847,113.39745962156054
3.5699532206609588,44.823619097946946,103.4074173710967
4.684132541526525,50.00000000000085,100.0
8.339097146365468,55.17638090204591,103.40741737108713
14.619775299662919,59.99999999999906,113.39745962155344
18.085229192088395,64.1421356237295,129.28932188133803
29.215740970335542,67.32050807568955,150.00000000000665
21.55002338560901,69.31851652578152,174.1180954897507
12.781119798102702,70.0,199.9999999999753
8.248022069576967,69.31851652578172,225.88190451024553
4.8298428930125485,67.32050807568993,249.99999999998994
2.048546049843187,64.14213562373006,270.7106781186592
0.8118735188700663,59.999999999999744,286.6025403784446
0.4772492509594583,55.176380902055456,296.59258262890006
0.10200870552616206,50.000000000001634,300.0
0.0,44.8236190979521,296.5925826289102
0.0,39.99999999999915,286.6025403784414
0.0,35.85786437626904,270.7106781186547
0.0,32.67949192431398,250.00000000002382
0.0,30.68148347421913,225.88190451026134
0.0,30.0,200.0000000000144
0.0,30.681483474218815,174.11809548974455
0.0,32.679491924311094,150.00000000000114
0.0,35.85786437626496,129.28932188136565
0.0,39.999999999998096,113.39745962156162
0.0,44.82361909794653,103.40741737109727
0.0008512051481021392,50.00000000000042,100.0
0.11440729361082795,55.17638090204989,103.40741737109246
0.0,60.00000000000263,113.39745962156374
0.0,64.1421356237292,129.2893218813365
0.0,67.32050807568706,149.9999999999851
0.0,69.3185165257814,174.1180954897486
0.0,70.0,199.99999999999588
0.0,69.31851652578065,225.8819045102654
3.417185549772645,67.32050807569016,249.99999999998806
97.5272143309615,64.14213562373358,270.71067811864157
125.685,60.000000000000114,286.6025403784435
125.685,55.17638090205148,296.5925826289054
125.685,49.99999999999752,300.0
115.43195541754018,44.823619097952516,296.59258262891075
78.46664512242866,40.00000000000346,286.60254037845385
60.02909846044606,35.85786437626935,270.71067811865623
32.00018544060023,32.67949192431192,250.00000000000597
25.069826569324714,30.681483474218066,225.88190451024144
18.06442237246187,30.0,200.00000000001657
15.225371974372065,30.68148347421753,174.1180954897686
13.454176296421808,32.67949192431088,150.000000000003
13.508464963426796,35.85786437626787,129.2893218813511
9.667801215411671,40.00000000000166,113.39745962155133
7.86636803651519,44.823619097946114,103.40741737109782
6.9425409574922865,49.99999999999999,100.0
5.706395446101065,55.17638090204947,103.40741737109191
3.6914776189067506,59.99999999999832,113.39745962155129
1.818878602205297,64.14213562373212,129.28932188135104
0.0,67.32050807568683,149.99999999998323
0.0,69.31851652578129,174.11809548974654
0.0,70.0,199.99999999999372
0.0,69.31851652578194,225.88190451024136
0.2820540208141097,67.3205080756881,250.0000000000059
1.2597311636033564,64.14213562373388,270.7106781186401
2.365839569672156,60.0000000000005,286.6025403784424
2.2075642649484886,55.176380902051896,296.59258262890484
4.057525142679746,50.0000000000025,300.0
6.2084297597182925,44.82361909794854,296.5925826289054
9.136118877713912,40.00000000000384,286.60254037845493
9.948010875287281,35.857864376269646,270.7106781186577
10.778208179939776,32.67949192431213,250.00000000000784
9.292080040515325,30.681483474218176,225.88190451024354
11.463573774086504,30.0,199.999999999996
9.971914309134423,30.681483474217416,174.11809548977067
6.014234826698195,32.67949192431067,150.0000000000049
3.6846495728515385,35.85786437626757,129.28932188135263
1.102017630671195,40.00000000000129,113.39745962155241
0.0,44.82361909795009,103.40741737109249
0.2117932579570296,49.99999999999501,100.0
1.677914261071806,55.176380902049054,103.40741737109134
4.89558888108785,59.99999999999795,113.39745962155021
10.04951546919267,64.1421356237318,129.2893218813495
15.767751131343942,67.32050807568889,150.00000000000108
17.612249664838515,69.31851652578,174.1180954897225
20.030880621012027,70.0,199.9999999999916
20.53692603433582,69.31851652578206,225.88190451023928
19.974908622371704,67.32050807568831,250.00000000000404
17.301910452278406,64.14213562373098,270.71067811865464
15.092636744525308,60.0000000000048,286.60254037843
14.008792918718392,55.176380902052315,296.5925826289043
14.701597484476368,50.00000000000293,300.0
18.92166126434773,44.823619097948956,296.592582628906
20.50487768000635,40.00000000000027,286.60254037844464
20.678896949008706,35.85786437626674,270.7106781186432
18.01218658185321,32.679491924312345,250.00000000000972
18.128793469693434,30.681483474219466,225.8819045102676
18.049822808565164,30.0,199.99999999999812
15.94079389203409,30.68148347421848,174.11809548975077
10.32656385772289,32.67949192431272,149.99999999998704
7.1271593354576295,35.857864376267266,129.28932188135417
9.152351344117966,39.99999999999698,113.39745962156485
12.311862897674112,44.823619097949674,103.40741737109305
14.94852742721966,49.999999999999126,100.0
18.59559739611965,55.17638090205303,103.40741737109667
19.522217830154197,59.99999999999757,113.39745962154913
20.308512037270614,64.14213562372828,129.28932188133192
9.443848049360609,67.32050807568868,149.9999999999992
8.00581937797023,69.31851652578106,174.11809548974236
8.970249431300221,70.0,200.00000000001216
12.900603958732024,69.31851652578217,225.88190451023718
12.267509155053176,67.3205080756908,249.9999999999825
9.702498607577887,64.14213562373128,270.7106781186531
7.8950199881568395,60.000000000001236,286.60254037844027
6.308401445124602,55.17638090204834,296.5925826289096
3.6831796388464295,50.00000000000336,300.0
2.756754695279562,44.82361909794937,296.59258262890654
1.7911225056928444,40.00000000000065,286.6025403784457
0.5500017898706856,35.85786437627026,270.7106781186608
1.4118209069656718,32.67949192431029,249.9999999999919
2.5559327410622683,30.681483474219576,225.88190451026966
4.673139713528224,30.0,200.00000000000028
5.0306001022591715,30.681483474218368,174.11809548975287
3.7160096772837474,32.679491924310234,150.0000000000086
3.3493015914209945,35.85786437627018,129.28932188133962
6.1298598872017935,39.999999999996604,113.39745962156593
16.688553161963146,44.82361909794926,103.40741737109362
38.60760435999272,49.9999999999987,100.0
57.26606561253268,55.17638090204822,103.40741737109023
57.8885936842799,60.00000000000114,113.39745962155942
49.7515872735911,64.14213562372798,129.2893218813304
40.77230061344596,67.32050807568847,149.99999999999733
26.706551342288417,69.31851652578095,174.11809548974028
22.322385104844233,70.0,199.99999999998727
20.43022461594373,69.31851652578109,225.88190451025707
15.240597576468986,67.32050807569101,249.99999999998062
17.004625358582448,64.14213562373158,270.7106781186516
24.205929432424746,60.00000000000161,286.6025403784392
29.328646676446144,55.176380902048756,296.59258262890904
36.77258371305653,49.99999999999925,300.0
37.58700072853239,44.82361909795418,296.59258262891296
38.41567046815761,40.000000000001016,286.6025403784468
48.954660825287036,35.85786437627056,270.7106781186623
53.02552063447331,32.67949192431051,249.99999999999375
42.54306934561456,30.68148347421851,225.88190451024977
18.84506178798214,30.0,200.00000000002518
7.798688380035399,30.681483474218258,174.11809548975495
4.190333327380817,32.679491924310014,150.0000000000105
2.335652336495194,35.85786437626987,129.28932188134115
1.72128138545492,40.00000000000017,113.39745962155564
0.0,44.82361909794445,103.40741737110005
3.7188473103339486,49.999999999998266,100.0
8.946130711731971,55.17638090204781,103.40741737108968
15.299943205170877,60.00000000000077,113.39745962155834
17.26560917696796,64.1421356237309,129.28932188134496
39.65246282319867,67.32050807568598,149.99999999997578
29.781441835152773,69.31851652578084,174.1180954897382
32.28219356124829,70.0,199.9999999999851
73.67654257665865,69.3185165257812,225.881904510255
90.22394172451662,67.32050807568896,249.99999999999844
92.10187604372595,64.14213562372868,270.7106781186661
68.36310064425552,60.00000000000199,286.6025403784381
62.783276684355656,55.176380902053566,296.5925826289026
108.5247295862719,49.99999999999967,300.0
125.685,44.82361909795021,296.5925826289077
125.685,39.999999999997456,286.6025403784365
125.685,35.85786437627087,270.71067811866385
100.58681438389131,32.679491924313,250.00000000001532
110.60153413407077,30.681483474218624,225.88190451025187
125.685,30.0,200.0000000000046
125.685,30.681483474219323,174.11809548973508
125.685,32.6794919243098,150.00000000001234
125.685,35.85786437626635,129.28932188135875
125.685,39.999999999999794,113.39745962155672
125.685,44.82361909794842,103.40741737109472
125.685,50.00000000000238,100.0
125.685,55.17638090204739,103.40741737108911
125.685,59.999999999996454,113.39745962154589
125.685,64.14213562373058,129.28932188134343
125.685,67.32050807568802,149.99999999999358
125.685,69.31851652578192,174.11809548975808
125.685,70.0,199.99999999998295
125.685,69.31851652578132,225.8819045102529
125.685,67.32050807568916,249.99999999999656
125.685,64.1421356237322,270.7106781186485
125.685,59.99999999999842,286.60254037844845
125.685,55.17638090205398,296.59258262890205
125.685,50.00000000000011,300.0
125.685,44.82361909795062,296.5925826289082
125.685,40.00000000000176,286.60254037844896
125.685,35.857864376267955,270.7106781186493
125.685,32.67949192431321,250.0000000000172
125.685,30.681483474218734,225.88190451025395
125.685,30.0,200.00000000000676
125.685,30.681483474218034,174.11809548975913
125.685,32.67949192431186,149.99999999999454
125.685,35.85786437626605,129.28932188136025
125.685,39.999999999999424,113.3974596215578
125.685,44.82361909794801,103.40741737109528
125.685,49.99999999999741,100.0
125.685,55.17638090205136,103.40741737109444
125.685,59.99999999999608,113.39745962154481
125.685,64.14213562373028,129.2893218813419
125.685,67.32050807568783,149.99999999999173
125.685,69.3185165257818,174.118095489756
125.685,70.0,200.00000000000352
125.685,69.31851652578261,225.88190451022885
125.685,67.32050807568939,249.9999999999947
125.685,64.1421356237325,270.710678118647
125.685,59.99999999999879,286.6025403784473
125.685,55.17638090205,296.5925826289074
125.685,50.00000000000509,300.0
125.685,44.82361909795104,296.59258262890876
125.685,40.00000000000214,286.60254037845004
125.685,35.85786437626826,270.71067811865083
125.685,32.67949192431115,249.99999999999937
125.685,30.681483474220023,225.881904510278
125.685,30.0,200.00000000000892
125.685,30.681483474217924,174.1180954897612
125.685,32.67949192431165,149.9999999999964
125.685,35.85786437626896,129.2893218813457
125.685,39.99999999999511,113.39745962157025
125.685,44.82361909794759,103.40741737109585
125.685,49.99999999999697,100.0
125.685,55.17638090205095,103.40741737109389
125.685,59.999999999999645,113.39745962155511
125.685,64.1421356237332,129.28932188135644
125.685,67.3205080756876,149.99999999998985
125.685,69.31851652578051,174.11809548973196
125.685,70.0,200.00000000000136
125.685,69.31851652578155,225.88190451024875
125.685,67.32050807568733,250.0000000000125
119.1953092852836,64.1421356237328,270.7106781186455
27.706182840410026,60.000000000003105,286.6025403784349
6.382035517258345,55.17638090205042,296.5925826289068
13.105609584237072,50.000000000000966,300.0
2.3635500235510447,44.82361909794706,296.5925826289034
2.1367890079751644,40.000000000002515,286.6025403784511
10.641662538073948,35.85786437627178,270.7106781186684
8.819984237454069,32.679491924311364,250.00000000000122
5.014116151383817,30.681483474218957,225.8819045102581
1.690070642390751,30.0,199.99999999998835
0.0,30.681483474217814,174.11809548976328
0.0,32.679491924309154,150.00000000001796
0.39502090307779114,35.85786437626865,129.28932188134723
0.8957567445777527,39.99999999999868,113.39745962155996
0.45583891558745887,44.823619097951564,103.40741737109052
0.309302108954719,49.99999999999654,100.0
0.14658463172383052,55.17638090205053,103.40741737109333
0.03373803063795169,59.99999999999927,113.39745962155403
0.0,64.14213562372967,129.28932188133888
6.221099251134828,67.32050807568966,150.00000000000767
1.5758045566027523,69.3185165257804,174.11809548972985
0.0,70.0,199.9999999999992
1.7172735554202276,69.31851652578166,225.88190451024667
7.40729416911509,67.32050807568982,249.99999999999096
21.769321652283136,64.1421356237299,270.71067811866004
29.55802891967303,60.00000000000348,286.60254037843384
25.057374179023775,55.17638090205084,296.59258262890626
14.564938919655425,50.0000000000014,300.0
11.01933251117898,44.82361909795187,296.5925826289099
9.241850298523865,39.99999999999895,286.60254037844084
12.005609186796093,35.85786437627209,270.71067811866993
10.336862972410318,32.679491924311584,250.0000000000031
14.636447455864772,30.681483474219068,225.8819045102602
15.519822803076545,30.0,200.00000000001322
12.245557914649007,30.681483474218876,174.1180954897434
6.271313428146721,32.679491924308934,150.0000000000198
4.443956253031572,35.857864376268346,129.28932188134877
3.7523383643442783,39.9999999999983,113.39745962156104
3.2767934125253455,44.82361909795115,103.40741737109107
2.5897460697548356,50.000000000000654,100.0
2.7856593698420933,55.17638090204572,103.40741737108688
6.535090972955069,59.9999999999989,113.39745962155295
15.163309447753214,64.14213562372937,129.28932188133734
16.853425610017567,67.32050807568945,150.00000000000583
15.621114233920396,69.31851652578146,174.11809548974975
16.637624518230137,70.0,199.99999999997434
17.751226565704865,69.31851652578177,225.88190451024457
21.630384228584575,67.32050807569003,249.9999999999891
27.22316188540844,64.1421356237302,270.7106781186585
34.6763100893066,59.999999999999915,286.60254037844413
42.86926651079764,55.17638090205565,296.59258262889983
33.28250516382802,50.00000000000183,300.0
22.610760504137584,44.82361909795229,296.59258262891046
20.916088856180206,39.99999999999932,286.6025403784419
27.775723522988418,35.85786437626918,270.7106781186554
31.088193736708007,32.67949192431408,250.00000000002467
20.500603946928987,30.68148347421918,225.88190451026227
18.246875398668692,30.0,200.00000000001538
14.361500456944803,30.681483474218766,174.11809548974549
11.61610623053869,32.679491924310994,150.000000000002
11.073739733849024,35.85786437627126,129.28932188133422
9.69016391730354,39.99999999999793,113.39745962156212
5.926710297642726,44.82361909794634,103.40741737109751
2.3842394667334483,50.00000000000023,100.0
0.6351442020011601,55.1763809020497,103.40741737109221
0.7780893094838457,60.00000000000246,113.39745962156324
1.8174956029064937,64.14213562372906,129.2893218813358
11.777097289041329,67.32050807568696,149.99999999998425
29.743244206551907,69.31851652578135,174.11809548974767
44.61024914811004,70.0,199.9999999999949
44.62205319699679,69.3185165257807,225.88190451026446
54.754719231003335,67.32050807569024,249.9999999999872
72.03754824266024,64.14213562373372,270.7106781186409
86.70913951677744,60.000000000000284,286.60254037844305
100.8954434631965,55.17638090205167,296.5925826289051
100.99320357452666,49.99999999999772,300.0
105.17392984358725,44.8236190979527,296.59258262891103
125.685,40.00000000000363,286.60254037845436
125.685,35.85786437626948,270.7106781186569
125.685,32.67949192431202,250.00000000000682
125.685,30.681483474218116,225.8819045102424
125.685,30.0,200.00000000001754
125.685,30.681483474218652,174.11809548974756
125.685,32.67949192431078,150.00000000000387
125.685,35.857864376267734,129.2893218813518
125.685,40.00000000000149,113.39745962155182
125.685,44.82361909794592,103.40741737109808
125.685,49.999999999999794,100.0
125.685,55.17638090204929,103.40741737109165
125.685,59.99999999999815,113.3974596215508
125.685,64.14213562373197,129.28932188135036
125.685,67.32050807568675,149.99999999998238
125.685,69.31851652578123,174.1180954897456
125.685,70.0,199.99999999999275
125.685,69.31851652578199,225.88190451024042
125.685,67.3205080756882,250.00000000000506
125.685,64.14213562373402,270.7106781186394
125.685,60.00000000000066,286.602540378442
120.6952062956978,55.17638090205209,296.5925826289046
112.13426488579222,50.00000000000269,300.0
93.38799694312671,44.82361909794873,296.5925826289057
82.07770581279581,40.00000000000401,286.60254037845544
68.1761768578335,35.85786437626979,270.71067811865845
51.822335289392136,32.67949192431223,250.0000000000087
42.838500602161716,30.681483474218226,225.88190451024448
36.65500858644218,30.0,199.99999999999696
32.49919219717665,30.681483474217366,174.1180954897716
31.99183091185036,32.67949192431057,150.00000000000574
30.450682934801673,35.85786437626743,129.28932188135332
27.218144556863884,40.00000000000112,113.3974596215529
25.263747908018825,44.8236190979499,103.40741737109275
23.370797199507805,49.99999999999481,100.0
21.218989000716537,55.17638090204887,103.4074173710911
19.710460767621075,59.999999999997776,113.39745962154971
17.232779465106415,64.14213562373166,129.28932188134883
14.97287865279132,67.32050807568879,150.00000000000023
13.77899835641075,69.31851652577996,174.11809548972153
14.64384932377824,70.0,199.9999999999906
17.28795952174637,69.3185165257821,225.88190451023831
20.15981740822493,67.32050807568841,250.00000000000318
20.42100122426343,64.14213562373112,270.71067811865396
19.788100961201035,60.000000000004974,286.6025403784295
22.57725105749109,55.1763809020525,296.59258262890404
25.81825334227642,50.000000000003126,300.0
31.34901007498879,44.82361909794915,296.59258262890626
41.716872268600774,40.00000000000044,286.60254037844516
52.45147059643612,35.857864376266875,270.7106781186439
59.85843507905618,32.679491924312444,250.00000000001057
67.08273506553779,30.681483474219515,225.88190451026853
66.11122900457691,30.0,199.99999999999912
61.23137074751253,30.681483474218428,174.11809548975174
62.76051954404257,32.67949192431263,149.9999999999879
65.38126708042878,35.85786437626712,129.28932188135485
67.95710108798181,39.99999999999681,113.39745962156535
65.68856018903598,44.82361909794949,103.4074173710933
63.08059043638514,49.999999999998934,100.0
60.57359599191006,55.17638090205284,103.40741737109641
54.14189786827363,59.9999999999974,113.39745962154863
51.87391203935011,64.14213562372815,129.28932188133123
52.17322991820459,67.32050807568858,149.99999999999835
48.431358760699624,69.31851652578102,174.11809548974142
28.543641870390385,70.0,200.00000000001117
18.512884095463157,69.31851652578221,225.88190451023624
12.975280630481247,67.3205080756909,249.99999999998164
8.141237182823593,64.14213562373142,270.7106781186524
2.9829996474498723,60.00000000000141,286.6025403784398
0.0,55.17638090204853,296.5925826289094
0.0,50.00000000000356,300.0
0.38131973378497813,44.82361909794956,296.5925826289068
0.7759837392785629,40.00000000000082,286.6025403784462
5.515824095134856,35.8578643762704,270.71067811866146
6.996056162287485,32.67949192431039,249.99999999999272
6.943204546039709,30.681483474219625,225.8819045102706
9.882939336149287,30.0,200.00000000000128
12.151619881454572,30.681483474218318,174.1180954897538
22.71849645534159,32.679491924310135,150.00000000000946
48.76073692105306,35.85786437627004,129.2893218813403
64.52847665958849,39.99999999999643,113.39745962156643
80.19760786632175,44.82361909794907,103.40741737109386
104.6936906728825,49.9999999999985,100.0
125.685,55.17638090204804,103.40741737108998
125.685,60.000000000000966,113.39745962155892
125.685,64.14213562372784,129.28932188132973
125.685,67.32050807568837,149.99999999999648
125.685,69.31851652578091,174.11809548973935
125.685,70.0,199.99999999998627
125.685,69.31851652578115,225.88190451025613
125.685,67.32050807569111,249.99999999997976
125.685,64.14213562373172,270.7106781186509
125.685,60.000000000001776,286.60254037843873
125.685,55.17638090204894,296.5925826289088
125.685,49.99999999999944,300.0
120.79847601717012,44.82361909795437,296.59258262891325
102.23931359460965,40.00000000000119,286.6025403784473
93.90021301843066,35.857864376270705,270.710678118663
64.75535386727043,32.679491924310604,249.9999999999946
57.88964310889639,30.681483474218563,225.88190451025073
47.37299793092452,30.0,200.00000000002618
50.303033565525425,30.681483474218208,174.1180954897559
41.14548432799856,32.679491924309914,150.00000000001134
30.069527690183534,35.85786437626973,129.28932188134183
43.74338172743754,40.0,113.39745962155612
71.15255583611129,44.82361909794426,103.40741737110031
74.04046313839038,49.99999999999807,100.0
60.0360562800715,55.17638090204762,103.40741737108942
65.59292244047919,60.0000000000006,113.39745962155786
70.91764682318765,64.14213562373075,129.28932188134428
53.28205548417388,67.32050807568588,149.99999999997493
54.31388783441688,69.3185165257808,174.11809548973724
80.8175286917542,70.0,199.9999999999841
125.685,69.31851652578126,225.88190451025406
125.685,67.32050807568905,249.99999999999758
125.685,64.14213562372882,270.71067811866544
125.685,60.00000000000216,286.60254037843765
125.685,55.17638090205375,296.5925826289024
125.685,49.99999999999987,300.0
110.11247082536421,44.82361909795039,296.5925826289079
62.14098713680398,39.99999999999763,286.60254037843697
84.98018543470569,35.85786437627101,270.71067811866453
110.19263343050282,32.6794919243131,250.00000000001617
67.15162253163301,30.681483474218673,225.8819045102528
66.13418813513165,30.0,200.00000000000557
70.63414120611583,30.681483474219274,174.11809548973602
66.50715484588811,32.6794919243097,150.0000000000132
60.990875443076355,35.85786437626621,129.28932188135943
45.25140145420053,39.99999999999963,113.3974596215572
34.848658393324264,44.82361909794824,103.40741737109498
30.57962959150158,50.00000000000219,100.0
28.764337379281923,55.1763809020472,103.40741737108885
23.06552019088684,59.999999999996284,113.39745962154541
24.998091068787136,64.14213562373044,129.28932188134274
14.963849020162451,67.32050807568794,149.99999999999275
15.022442502093648,69.31851652578186,174.11809548975714
14.61830488272674,70.0,199.99999999998198
17.084558922267227,69.31851652578138,225.88190451025196
9.771232825154762,67.32050807568928,249.9999999999957
4.971804559125373,64.14213562373233,270.7106781186478
2.017555319797938,59.99999999999859,286.60254037844794
1.4046688758538273,55.17638090205417,296.5925826289018
0.23769116916343375,50.000000000000306,300.0
0.0,44.82361909795081,296.5925826289085
0.0,40.00000000000193,286.6025403784495
1.3685622603023553,35.8578643762681,270.71067811865
1.6005331639793952,32.67949192431331,250.00000000001802
2.654532134541762,30.681483474218783,225.88190451025488
4.877348341847652,30.0,200.00000000000773
7.476237284456004,30.681483474217984,174.11809548976007
8.899089669759846,32.67949192431176,149.99999999999537
13.115655304094394,35.85786437626591,129.28932188136096
16.697992919798303,39.999999999999254,113.3974596215583
16.62608080711697,44.82361909794782,103.40741737109553
13.440541225039272,49.99999999999721,100.0
16.48673216914908,55.17638090205118,103.40741737109418
27.53560602348165,59.99999999999591,113.39745962154433
27.444091544829956,64.14213562373014,129.2893218813412
27.88763439507891,67.32050807568771,149.99999999999088
40.92470592336018,69.31851652578175,174.11809548975504
50.755469629532634,70.0,200.00000000000256
64.74182837385806,69.31851652578266,225.8819045102279
80.52546883961683,67.32050807568947,249.99999999999386
95.70976454647881,64.14213562373264,270.71067811864634
95.40508869534084,59.99999999999896,286.60254037844686
95.88245320328916,55.17638090205019,296.59258262890717
100.77681477139105,50.00000000000528,300.0
92.43799994345504,44.82361909795123,296.59258262890904
90.16843165913929,40.00000000000231,286.6025403784505
87.87559648214277,35.8578643762684,270.7106781186515
78.31815900444099,32.67949192431125,250.00000000000023
83.10163527009489,30.681483474220073,225.88190451027893
83.61779022836407,30.0,200.0000000000099
78.69617020599377,30.68148347421787,174.11809548976214
75.88346378308466,32.67949192431155,149.99999999999724
65.29589241143694,35.85786437626882,129.2893218813464
54.50432903034141,39.99999999999494,113.39745962157075
47.83698734578718,44.8236190979474,103.40741737109609
41.59366817804182,49.999999999996774,100.0
37.248299075837636,55.17638090205076,103.40741737109363
31.95813312094499,59.999999999999474,113.39745962155462
29.499334303134063,64.14213562373305,129.28932188135576
35.241771397543374,67.3205080756875,149.999999999989
38.3198277388035,69.31851652578047,174.118095489731
36.115717677626314,70.0,200.0000000000004
31.72923795135316,69.3185165257816,225.8819045102478
30.783815491320315,67.32050807568743,250.00000000001165
28.782144944942274,64.14213562373294,270.7106781186448
22.236713430859865,60.000000000003276,286.6025403784344
18.83934382739173,55.17638090205061,296.5925826289066
12.181858945268017,50.000000000001165,300.0
7.0139182856041815,44.82361909794725,296.5925826289037
3.1143661787564723,40.000000000002686,286.60254037845164
1.9776463950781924,35.85786437627192,270.7106781186691
0.9857331966476797,32.67949192431146,250.00000000000207
0.9548482110631641,30.681483474219007,225.88190451025906
1.2129024538999844,30.0,199.9999999999893
2.0505671839443775,30.68148347421776,174.11809548976424
4.041093527599106,32.679491924309055,150.0000000000188
0.5393261811015322,35.85786437626851,129.28932188134792
0.9960597163263851,39.99999999999851,113.39745962156044
0.0,44.82361909795138,103.40741737109077
0.0,49.99999999999635,100.0
1.161514307733519,55.17638090205035,103.40741737109308
6.443461689964916,59.999999999999105,113.39745962155354
40.545306200743724,64.14213562372953,129.28932188133814
52.0163366958778,67.32050807568956,150.00000000000682
82.6914747214375,69.31851652578035,174.11809548972892
125.685,70.0,199.99999999999824
125.685,69.3185165257817,225.8819045102457
125.685,67.32050807568992,249.9999999999901
125.685,64.14213562373003,270.71067811865936
69.30646394077677,60.00000000000365,286.60254037843333
53.7831806060343,55.17638090205102,296.59258262890603
84.10708606786827,50.0000000000016,300.0
96.27862592673446,44.82361909795206,296.5925826289101
84.73364221282135,39.99999999999912,286.6025403784413
60.569095798074855,35.857864376272225,270.71067811867067
108.51798484798921,32.679491924311684,250.00000000000395
125.685,30.68148347421912,225.88190451026114
121.8181663847715,30.0,200.0000000000142
125.685,30.681483474218826,174.11809548974435
125.685,32.67949192430884,150.00000000002066
125.685,35.85786437626821,129.28932188134945
125.685,39.99999999999813,113.39745962156152
125.685,44.82361909795096,103.40741737109133
125.685,50.00000000000046,100.0
125.685,55.17638090204554,103.40741737108662
125.685,59.99999999999873,113.39745962155247
125.685,64.14213562372923,129.28932188133663
125.685,67.32050807568935,150.00000000000497
125.685,69.3185165257814,174.1180954897488
125.685,70.0,199.99999999997334
125.685,69.31851652578182,225.88190451024363
117.24834109799279,67.32050807569013,249.99999999998823
94.89412598861607,64.14213562373034,270.7106781186578
58.84886063558004,60.000000000000085,286.6025403784436
60.92882018061489,55.17638090205583,296.59258262889955
60.71741528575141,50.000000000002025,300.0
66.72617555140201,44.823619097952474,296.5925826289107
71.59838757893681,39.99999999999949,286.6025403784424
88.45237116337034,35.85786437626932,270.7106781186561
76.68453930218698,32.67949192431417,250.0000000000255
79.00698690047253,30.68148347421923,225.8819045102632
79.46194128961183,30.0,200.00000000001637
90.83203788711708,30.681483474218712,174.11809548974642
106.69706314093084,32.679491924310895,150.00000000000284
116.58125322013366,35.85786437627112,129.2893218813349
114.29386613105103,39.99999999999776,113.3974596215626
115.4529210018869,44.82361909794615,103.40741737109776
121.07029913775472,50.00000000000003,100.0
117.64652479918826,55.17638090204951,103.40741737109195
125.685,60.00000000000229,113.39745962156276
125.685,64.14213562372892,129.28932188133513
125.685,67.32050807568686,149.9999999999834
125.685,69.3185165257813,174.11809548974674
125.685,70.0,199.99999999999392
125.685,69.31851652578075,225.8819045102635
125.685,67.32050807569034,249.9999999999864
110.11100415459401,64.14213562373385,270.7106781186402
104.21552565035584,60.000000000000455,286.60254037844254
97.67301878163536,55.17638090205186,296.5925826289049
89.3755952298113,49.99999999999791,300.0
76.80027850584516,44.82361909795289,296.59258262891126
63.19684685153703,39.999999999999865,286.60254037844345
50.69795286014748,35.85786437626962,270.7106781186576
32.4170399116838,32.67949192431212,250.00000000000767
22.73971621397279,30.681483474218165,225.88190451024334
25.584509923988605,30.0,200.00000000001853
30.312304786655577,30.681483474218602,174.11809548974853
27.858616908664917,32.67949192431068,150.00000000000472
36.20132290964685,35.8578643762676,129.28932188135252
61.35994255904622,40.00000000000132,113.39745962155231
81.22452873728464,44.82361909794574,103.40741737109833
80.70551382282788,49.9999999999996,100.0
80.68404576309678,55.1763809020491,103.4074173710914
102.43143188982935,59.99999999999798,113.3974596215503
125.685,64.14213562373183,129.28932188134968
125.685,67.32050807568665,149.99999999998153
125.685,69.31851652578119,174.11809548974463
125.685,70.0,199.99999999999176
125.685,69.31851652578204,225.88190451023945
125.685,67.32050807568828,250.0000000000042
125.685,64.14213562373416,270.7106781186387
125.685,60.00000000000083,286.60254037844146
125.685,55.17638090205227,296.5925826289043
125.685,49.999999999998344,300.0
125.685,44.82361909794892,296.5925826289059
125.685,40.00000000000418,286.6025403784559
125.685,35.85786437626993,270.71067811865913
125.685,32.67949192431233,250.00000000000955
125.685,30.68148347421828,225.88190451024542
125.685,30.0,199.99999999999795
125.685,30.681483474217316,174.11809548977254
125.685,32.67949192431047,150.0000000000066
125.685,35.857864376267294,129.28932188135403
125.685,40.00000000000095,113.39745962155338
125.685,44.82361909794972,103.407417371093
125.685,49.99999999999462,100.0
125.685,55.17638090204868,103.40741737109084
125.685,59.999999999997605,113.39745962154922
125.685,64.14213562373153,129.28932188134814
125.685,67.3205080756887,149.99999999999937
125.685,69.3185165257799,174.1180954897206
125.685,70.0,199.99999999998963
125.685,69.31851652578214,225.88190451023738
125.685,67.32050807568851,250.00000000000233
121.28331935182672,64.14213562373125,270.7106781186533
124.36746885860839,59.999999999997264,286.60254037845175
111.34806590304403,55.17638090205269,296.59258262890376
125.685,50.000000000003325,300.0
125.685,44.82361909794933,296.5925826289065
125.685,40.00000000000061,286.6025403784456
125.685,35.85786437626702,270.7106781186446
125.685,32.67949192431254,250.00000000001143
112.9024041263114,30.681483474219565,225.88190451026946
104.53782115373139,30.0,200.00000000000009
85.31797669093639,30.68148347421838,174.11809548975268
110.67817263366416,32.67949192431253,149.99999999998875
125.685,35.85786437626699,129.28932188135556
125.685,39.99999999999664,113.39745962156583
125.685,44.8236190979493,103.40741737109356
125.685,49.999999999998735,100.0
108.76219004272548,55.17638090205266,103.40741737109617
82.2753284851125,59.99999999999723,113.39745962154815
52.33357139072856,64.14213562372801,129.28932188133052
49.887561187078205,67.32050807568848,149.9999999999975
20.885755472827444,69.31851652578096,174.11809548974048
6.5527850764691085,70.0,200.0000000000102
1.8101988028556943,69.31851652578226,225.8819045102353
2.8461186701682424,67.32050807568872,250.00000000000045
4.177894170799791,64.14213562373156,270.71067811865174
2.6927133736940063,60.00000000000158,286.6025403784393
5.0126948365869195,55.17638090204871,296.5925826289091
17.08688207190551,50.00000000000375,300.0
25.120975923776488,44.82361909794975,296.59258262890705
28.44105443640708,40.00000000000098,286.6025403784467
31.258876396846482,35.857864376270534,270.7106781186622
27.13672377144286,32.67949192431048,249.99999999999358
20.84791191966966,30.68148347421968,225.88190451027157
11.25828032140326,30.0,200.00000000000225
6.090297277051306,30.68148347421827,174.11809548975475
2.90317829812544,32.679491924310035,150.00000000001032
1.2316408841129898,35.8578643762699,129.28932188134098
1.8492714223937232,39.99999999999626,113.39745962156691
2.2051294286912233,44.82361909794888,103.40741737109411
3.518346434411283,49.9999999999983,100.0
8.429934958800729,55.176380902047846,103.40741737108972
21.26389189050807,60.000000000000796,113.39745962155844
39.14200903426216,64.14213562372771,129.28932188132902
54.49797623549335,67.32050807568827,149.99999999999562
64.94940908428615,69.31851652578085,174.11809548973838
92.14606989572641,70.0,200.00000000000804
62.486839780774424,69.3185165257812,225.88190451025517
54.37409351848571,67.32050807569121,249.9999999999789
48.74512874257518,64.14213562373186,270.7106781186502
73.85655216104641,60.000000000001954,286.6025403784382
64.64156398983208,55.17638090204913,296.59258262890853
25.283017990902522,49.99999999999964,300.0
28.3141010533304,44.82361909795456,296.5925826289135
49.62402685992694,40.00000000000136,286.60254037844777
38.656837043511494,35.85786437627084,270.71067811866374
28.849472318983977,32.6794919243107,249.99999999999545
29.155749490844116,30.681483474218613,225.88190451025167
24.842721538826027,30.0,200.00000000002714
17.206520055392605,30.681483474218155,174.11809548975685
16.176101360792902,32.67949192430982,150.00000000001216
8.17913159172923,35.85786437626959,129.28932188134252
3.3703416413783214,39.99999999999983,113.39745962155662
0.5128508436464698,44.82361909794407,103.40741737110056
0.0,49.999999999997875,100.0
0.1091181090578749,55.17638090204743,103.40741737108917
0.4740394243896735,60.000000000000426,113.39745962155736
0.6952975698949309,64.14213562373061,129.28932188134357
1.0460865816624079,67.32050807569033,150.00000000001347
3.649370461630517,69.31851652578075,174.1180954897363
8.278888666107806,70.0,199.99999999998315
19.367980174735447,69.31851652578132,225.8819045102531
30.128938164225318,67.32050807568915,249.99999999999673
41.28235283862099,64.14213562372895,270.71067811866476
51.07978395399083,60.00000000000232,286.60254037843714
59.32104851758944,55.17638090205394,296.5925826289021
65.6319842497032,50.00000000000007,300.0
61.306910665402015,44.82361909795058,296.5925826289082
45.32945994342059,39.9999999999978,286.6025403784375
29.43892461664777,35.857864376271145,270.7106781186652
20.38844525049969,32.67949192431319,250.00000000001702
23.625993200091035,30.681483474218723,225.88190451025375
35.037498431610125,30.0,200.00000000000657
64.6353909221901,30.68148347421922,174.11809548973696
91.52043116149291,32.6794919243096,150.00000000001404
125.685,35.85786437626607,129.28932188136014
125.685,39.99999999999946,113.3974596215577
125.685,44.82361909794805,103.40741737109524
125.685,50.00000000000199,100.0
125.685,55.176380902047015,103.40741737108861
125.685,60.00000000000005,113.39745962155628
125.685,64.14213562373031,129.28932188134206
125.685,67.32050807568784,149.9999999999919
125.685,69.3185165257818,174.11809548975617
125.685,70.0,199.999999999981
125.685,69.31851652578142,225.88190451025102
125.685,67.32050807568936,249.99999999999486
125.685,64.14213562373247,270.71067811864714
125.685,59.999999999998764,286.60254037844743
125.685,55.176380902054355,296.59258262890154
125.685,50.0000000000005,300.0
125.685,44.823619097950996,296.5925826289087
125.685,40.0000000000021,286.60254037844993
125.685,35.85786437626824,270.71067811865066
125.685,32.67949192431341,250.00000000001887
125.685,30.681483474218837,225.88190451025582
125.685,30.0,200.00000000000873
125.685,30.68148347421793,174.118095489761
125.685,32.67949192431166,149.99999999999622
125.685,35.857864376265766,129.28932188136167
125.685,39.99999999999908,113.39745962155878
125.685,44.82361909794763,103.40741737109579
120.5606616884056,50.000000000001556,100.0
94.73302318005693,55.17638090205099,103.40741737109394
75.2215376448142,59.99999999999574,113.39745962154385
51.37506495429415,64.14213562373001,129.28932188134053
26.47688196064739,67.32050807568763,149.99999999999002
14.984144648977221,69.31851652578169,174.1180954897541
5.409239724055563,70.0,200.00000000000156
3.1144672693588182,69.31851652578271,225.88190451022697
1.3543192671735562,67.32050807568959,249.999999999993
0.0,64.14213562373277,270.7106781186456
0.0,59.99999999999913,286.60254037844635
0.47345086015418103,55.17638090205038,296.5925826289069
1.6338076762246179,50.00000000000548,300.0
4.114459160919284,44.823619097951415,296.59258262890927
4.520452078145618,40.00000000000248,286.602540378451
7.5419544202702395,35.85786437626854,270.7106781186522
9.767346644210658,32.67949192431135,250.00000000000105
5.205213863294218,30.681483474220123,225.88190451027987
3.8683868538726935,30.0,200.00000000001089
0.0,30.68148347421782,174.1180954897631
0.0,32.67949192431145,149.9999999999981
0.0,35.85786437626868,129.2893218813471
0.0,40.00000000000265,113.39745962154849
0.0,44.823619097947216,103.40741737109634
0.0,49.99999999999658,100.0
0.0,55.176380902050575,103.40741737109337
0.7109338996703493,59.999999999999304,113.39745962155413
7.0854677456739,64.14213562373291,129.28932188135508
26.065306016845234,67.3205080756874,149.99999999998818
79.89364509351151,69.31851652578041,174.11809548973005
93.01727714315997,70.0,199.9999999999994
109.27435357199577,69.31851652578165,225.88190451024684
106.45563430610734,67.32050807568753,250.00000000001083
87.04061481422944,64.14213562373308,270.71067811864407
125.685,60.000000000003446,286.6025403784339
125.685,55.176380902050795,296.5925826289063
125.685,50.000000000001364,300.0
125.685,44.82361909794744,296.592582628904
125.685,40.00000000000285,286.6025403784521
125.685,35.85786437627206,270.7106781186698
125.685,32.67949192431156,250.00000000000293
125.685,30.68148347421906,225.88190451026
125.685,30.0,199.9999999999903
125.685,30.68148347421771,174.11809548976518
125.685,32.679491924311236,149.99999999999994
125.685,35.857864376268374,129.2893218813486
125.685,39.99999999999834,113.39745962156094
125.685,44.82361909795119,103.40741737109103
125.685,49.99999999999615,100.0
125.685,55.176380902050155,103.40741737109282
125.685,59.999999999998934,113.39745962155305
125.685,64.14213562372939,129.28932188133746
78.48050957172428,67.32050807568946,150.00000000000597
125.685,69.3185165257803,174.11809548972798
125.685,70.0,199.99999999999727
125.685,69.31851652578176,225.88190451024477
125.685,67.32050807569001,249.99999999998926
125.685,64.14213562373017,270.7106781186586
125.685,60.00000000000382,286.6025403784328
125.685,55.176380902051214,296.59258262890575
125.685,50.00000000000179,300.0
125.685,44.823619097952246,296.5925826289104
125.685,39.99999999999929,286.6025403784418
125.685,35.85786437627237,270.71067811867135
121.89938396120931,32.679491924311776,250.0000000000048
115.95345968301982,30.68148347421917,225.88190451026207
125.685,30.0,199.99999999999244
125.685,30.681483474218776,174.1180954897453
125.685,32.67949192430874,150.00000000002152
125.685,35.85786437626807,129.28932188135013
125.685,39.99999999999797,113.397459621562
116.83846343389152,44.823619097950775,103.40741737109158
98.2166251475542,50.00000000000026,100.0
101.639677167848,55.176380902045345,103.40741737108638
98.51995266442289,59.99999999999856,113.39745962155196
104.46117060753734,64.14213562372909,129.28932188133595
75.46730724479022,67.32050807568925,150.00000000000412
79.40322946747915,69.31851652578136,174.11809548974784
101.59443445834286,70.0,199.99999999997237
113.39610201065382,69.31851652578186,225.8819045102427
118.81601126290114,67.32050807569023,249.9999999999874
125.685,64.14213562373048,270.71067811865714
125.685,60.000000000000256,286.6025403784431
125.685,55.176380902056025,296.5925826288993
125.685,50.000000000002224,300.0
125.685,44.823619097952665,296.592582628911
121.70567971658187,39.99999999999966,286.6025403784429
106.07553334514317,35.857864376269454,270.7106781186568
113.39279104751088,32.67949192430972,249.99999999998698
99.94799374553702,30.68148347421928,225.88190451026418
92.34766928663164,30.0,200.00000000001734
83.8132099224066,30.681483474218663,174.11809548974736
81.76498271353202,32.6794919243108,150.0000000000037
75.23979966967181,35.85786437627098,129.28932188133558
68.47247910384503,39.99999999999759,113.39745962156309
57.88720020510486,44.823619097945965,103.40741737109802
45.856679710694976,49.99999999999984,100.0
37.5728739236998,55.176380902049324,103.4074173710917
32.83224291081673,60.000000000002125,113.39745962156226
29.875943967511457,64.14213562372879,129.28932188133442
18.34145445728295,67.32050807568676,149.99999999998255
15.679286400908559,69.31851652578125,174.11809548974577
16.64479149711425,70.0,199.99999999999295
15.594590314784135,69.31851652578081,225.88190451026256
13.609389830767016,67.32050807569044,249.99999999998553
12.477881026870708,64.14213562373399,270.7106781186395
11.928561041685967,60.000000000000625,286.60254037844203
9.518950114520289,55.176380902052045,296.59258262890467
7.144039284544669,49.99999999999811,300.0
5.490873463582928,44.823619097953085,296.5925826289115
3.6219284914007956,40.000000000000036,286.60254037844396
3.020098940248597,35.85786437626976,270.7106781186583
0.8982069100639855,32.67949192431222,250.00000000000853
0.0,30.681483474218215,225.88190451024428
0.0,30.0,200.0000000000195
0.0,30.681483474218552,174.11809548974946
0.46702669330748514,32.67949192431058,150.00000000000557
1.7937193724900755,35.85786437626746,129.2893218813532
3.7761707921565,40.00000000000115,113.3974596215528
7.139804706109979,44.823619097945546,103.40741737109857
13.387142406692965,49.9999999999994,100.0
18.65052060820491,55.176380902048905,103.40741737109114
19.150603066665653,59.99999999999781,113.39745962154981
22.463552466260634,64.14213562373169,129.28932188134897
24.833929426952196,67.32050807568655,149.9999999999807
26.48230797005468,69.31851652578113,174.1180954897437
33.97802044601116,70.0,199.9999999999908
35.95657724299187,69.31851652578209,225.8819045102385
31.862237541067337,67.3205080756884,250.00000000000335
27.951529222833404,64.1421356237343,270.710678118638
32.24729784915648,60.000000000001,286.60254037844095
43.82153709040377,55.176380902052465,296.5925826289041
57.067031144177655,49.999999999998536,300.0
68.78468803429485,44.823619097949106,296.5925826289062
75.12036342796323,40.00000000000435,286.6025403784564
73.89008380976114,35.857864376270065,270.7106781186598
60.540345752241386,32.67949192431243,250.0000000000104
55.828724311655506,30.68148347421833,225.88190451024636
61.44881855160284,30.0,199.99999999999892
67.63889480329057,30.681483474217263,174.1180954897735
67.8667452506779,32.67949192431037,150.00000000000742
73.51742013924456,35.85786437626716,129.28932188135474
86.48658926323802,40.00000000000078,113.39745962155388
104.42906882575608,44.823619097949525,103.40741737109326
116.06152499692128,49.99999999999442,100.0
125.11604795778175,55.17638090204849,103.40741737109059
125.685,59.99999999999744,113.39745962154873
125.685,64.14213562373139,129.28932188134746
125.685,67.3205080756886,149.99999999999852
125.685,69.31851652577984,174.11809548971965
125.685,70.0,199.99999999998863
125.685,69.3185165257822,225.88190451023644
125.685,67.3205080756886,250.00000000000148
125.685,64.14213562373139,270.71067811865254
125.685,59.999999999997435,286.6025403784513
125.685,55.176380902052884,296.59258262890353
125.685,50.00000000000352,300.0
125.685,44.823619097949525,296.5925826289067
125.685,40.00000000000078,286.6025403784461
125.685,35.85786437626716,270.71067811864526
125.685,32.67949192431264,250.00000000001225
125.685,30.68148347421962,225.88190451027043
125.685,30.0,200.00000000000108
125.685,30.68148347421833,174.1180954897536
125.685,32.67949192431243,149.9999999999896
125.685,35.857864376266846,129.28932188135624
125.685,39.99999999999647,113.39745962156633
125.685,44.823619097949106,103.40741737109381
125.685,49.99999999999854,100.0
125.685,55.176380902052465,103.40741737109592
125.685,59.999999999997065,113.39745962154765
125.685,64.14213562372787,129.28932188132984
125.685,67.3205080756884,149.99999999999665
125.685,69.31851652578092,174.11809548973952
125.685,70.0,200.0000000000092
125.685,69.31851652578231,225.88190451023436
125.685,67.32050807568882,249.99999999999963
125.685,64.14213562373169,270.710678118651
125.685,60.00000000000175,286.6025403784388
125.685,55.176380902048905,296.5925826289089
119.1465880689374,50.00000000000395,300.0
104.3155629898008,44.82361909794994,296.5925826289073
77.8098533489916,40.00000000000115,286.6025403784472
72.46251280299228,35.857864376270676,270.7106781186629
60.833184699384184,32.67949192431058,249.99999999999443
50.39145254188019,30.68148347421973,225.8819045102725
54.498571789624265,30.0,200.00000000000324
52.79905188908498,30.681483474218215,174.11809548975572
71.4876326090471,32.67949192430994,150.00000000001114
84.2304270754944,35.85786437626976,129.2893218813417
81.5795221052553,39.99999999999609,113.3974596215674
79.02685570437244,44.82361909794869,103.40741737109437
82.24818072878458,49.99999999999811,100.0
70.94075752452514,55.176380902047654,103.40741737108947
68.7434902058023,60.000000000000625,113.39745962155796
67.14836368686052,64.14213562372757,129.2893218813283
70.17346060611983,67.32050807568817,149.99999999999477
90.57348360147834,69.31851652578081,174.11809548973744
125.685,70.0,200.00000000000705
125.685,69.31851652578125,225.88190451025423
125.685,67.32050807569131,249.99999999997806
125.685,64.142135623732,270.7106781186495
125.685,60.00000000000212,286.60254037843777
125.685,55.176380902049324,296.5925826289083
125.685,49.99999999999983,300.0
125.685,44.82361909795475,296.59258262891376
125.685,40.00000000000153,286.6025403784483
125.685,35.85786437627098,270.7106781186644
125.685,32.679491924310796,249.9999999999963
125.685,30.681483474218663,225.8819045102526
125.685,30.0,200.00000000002814
125.685,30.681483474218105,174.1180954897578
92.35158941541606,32.67949192430972,150.00000000001302
54.922414193108104,35.857864376269454,129.28932188134323
28.28355978108479,39.99999999999966,113.39745962155712
37.22849437347668,44.82361909794388,103.4074173711008
70.29787475732246,49.99999999999768,100.0
101.14117395941435,55.17638090204724,103.40741737108891
112.03566523501654,60.000000000000256,113.39745962155688
125.685,64.14213562373048,129.28932188134286
125.685,67.32050807569023,150.00000000001262
125.685,69.3185165257807,174.11809548973537
116.43371363111979,70.0,199.99999999998218
125.685,69.31851652578136,225.88190451025216
108.70837005644094,67.32050807568925,249.99999999999588
92.61502432077658,64.14213562372909,270.7106781186641
113.33405872212248,60.000000000002494,286.6025403784367
125.685,55.176380902054134,296.5925826289018
125.685,50.00000000000026,300.0
125.685,44.82361909795077,296.5925826289084
125.685,39.99999999999796,286.602540378438
125.685,35.85786437627128,270.7106781186659
125.685,32.67949192431329,250.00000000001785
125.685,30.681483474218776,225.88190451025469
125.685,30.0,200.00000000000753
125.685,30.68148347421917,174.11809548973793
125.685,32.6794919243095,150.0000000000149
125.685,35.85786437626594,129.28932188136082
125.685,39.99999999999929,113.3974596215582
125.685,44.823619097947855,103.40741737109549
125.685,50.00000000000179,100.0
125.685,55.17638090204682,103.40741737108836
125.685,59.99999999999988,113.3974596215558
125.685,64.14213562373017,129.28932188134135
112.79545791826219,67.32050807568774,149.99999999999105
52.26029961368616,69.31851652578176,174.11809548975523
26.196060424902434,70.0,199.99999999998002
101.04683475986913,69.31851652578148,225.88190451025005
125.685,67.32050807568946,249.99999999999403
125.685,64.14213562373261,270.71067811864646
113.44620143575214,59.999999999998934,286.602540378447
94.4869206506798,55.17638090205455,296.5925826289013
73.94704787219703,50.000000000000696,300.0
58.160099971948625,44.82361909795119,296.592582628909
47.60363494481065,40.000000000002274,286.60254037845044
41.46685647453195,35.857864376268374,270.71067811865134
33.14530518539984,32.67949192431351,250.00000000001972
36.74215990716894,30.681483474218886,225.8819045102568
37.39531001489328,30.0,200.0000000000097
39.540486877416306,30.681483474217885,174.11809548976194
38.38809205598871,32.67949192431156,149.99999999999707
33.53046494498964,35.85786437626563,129.28932188136235
26.35554036016378,39.99999999999891,113.39745962155928
20.614967130660993,44.82361909794744,103.40741737109605
16.081799691069616,50.000000000001364,100.0
14.001842684791114,55.176380902050795,103.40741737109369
11.618044054389085,59.999999999995566,113.39745962154335
7.795533114394561,64.14213562372987,129.28932188133984
4.825852067232724,67.32050807568753,149.99999999998917
3.0336377590188066,69.31851652578165,174.11809548975316
1.4040688234624048,70.0,200.0000000000006
0.007745190828599928,69.31851652578277,225.88190451022604
0.0,67.32050807568967,249.99999999999216
0.0,64.14213562373291,270.7106781186449
0.2470632349565671,59.999999999999304,286.60254037844584
2.033457293474834,55.17638090205057,296.5925826289066
6.06319321570834,50.00000000000568,300.0
8.794141999912107,44.82361909795161,296.59258262890955
9.597934945125925,40.00000000000265,286.6025403784515
11.84597467571535,35.85786437626868,270.71067811865294
18.460642299351445,32.67949192431145,250.0000000000019
18.40119271740903,30.681483474220176,225.88190451028083
18.93897867337689,30.0,200.00000000001185
22.070449366798307,30.68148347421777,174.11809548976404
29.74370977587137,32.67949192431135,149.99999999999892
43.00196887694612,35.85786437626854,129.2893218813478
65.0792739559716,40.00000000000248,113.39745962154898
97.23745808635415,44.823619097947024,103.4074173710966
109.97429352833855,49.99999999999638,100.0
100.21035050855428,55.17638090205038,103.40741737109312
108.79490098933853,59.99999999999913,113.39745962155364
125.6007416655383,64.14213562373277,129.2893218813544
125.685,67.32050807568731,149.99999999998732
122.45469289223686,69.31851652578035,174.11809548972911
78.54001273458164,70.0,199.99999999999844
32.06716573371141,69.31851652578169,225.8819045102459
5.694324750602222,67.32050807568763,250.00000000000998
0.09271437039003806,64.14213562373322,270.7106781186434
0.7815400947512826,60.00000000000362,286.60254037843345
3.2644553408125296,55.17638090205099,296.59258262890603
10.264251925480817,50.000000000001556,300.0
18.21110573227456,44.82361909794763,296.5925826289042
33.657087183482645,40.00000000000302,286.6025403784526
59.85694066215395,35.857864376272204,270.7106781186705
62.761281050791595,32.67949192431166,250.00000000000378
83.6009776551836,30.68148347421911,225.88190451026094
93.16263748655335,30.0,199.99999999999127
89.08701259218932,30.681483474217657,174.11809548976612
97.03863141216559,32.67949192431114,150.0000000000008
105.92288512132494,35.85786437626824,129.28932188134934
115.53040191161959,39.99999999999817,113.39745962156142
125.685,44.823619097951,103.40741737109127
125.685,49.99999999999595,100.0
125.685,55.176380902049964,103.40741737109256
117.81388341334213,59.999999999998764,113.39745962155256
110.49395235018845,64.14213562372926,129.28932188133678
95.48742290441493,67.32050807568936,150.00000000000514
70.25454663845984,69.31851652578024,174.118095489727
49.67810432975401,70.0,199.99999999999628
37.991025459612715,69.3185165257818,225.88190451024383
30.093131516204835,67.32050807569011,249.9999999999884
11.944697388919959,64.14213562373031,270.71067811865794
4.375153537580341,60.000000000003986,286.60254037843237
2.3916948515733583,55.176380902051406,296.5925826289055
4.420467557573706,50.00000000000199,300.0
6.884533177518199,44.82361909795244,296.59258262891063
7.6934347194586215,39.99999999999946,286.6025403784423
8.752053555105178,35.8578643762725,270.71067811867204
8.258784616189736,32.679491924311876,250.00000000000563
4.519004950078735,30.68148347421922,225.88190451026304
0.9412686589767052,30.0,199.99999999999343
0.45783535628052274,30.681483474218723,174.11809548974622
1.36207866049471,32.67949192430865,150.00000000002237
3.1784043986228876,35.85786437626793,129.28932188135084
4.004511400036605,39.9999999999978,113.3974596215625
3.859051262917012,44.82361909795058,103.40741737109184
3.066592594445442,50.00000000000007,100.0
3.292586411602882,55.17638090204515,103.40741737108613
2.5255155612061513,59.99999999999839,113.39745962155148
0.907446293676132,64.14213562372895,129.28932188133524
0.7020530225873579,67.32050807568915,150.00000000000327
0.6020909400729425,69.31851652578132,174.1180954897469
1.5239730659133437,70.0,199.99999999997138
2.488438495135906,69.31851652578192,225.88190451024172
2.128217403909498,67.32050807569033,249.99999999998656
1.8786894996867163,64.14213562373061,270.71067811865646
4.262447247918858,60.000000000000426,286.60254037844265
9.282044354345171,55.176380902056216,296.5925826288991
16.527072462102524,50.00000000000242,300.0
24.95888912536865,44.82361909795286,296.5925826289112
30.21750204964502,39.99999999999983,286.60254037844334
32.893711523762036,35.85786437626959,270.7106781186575
44.245725292610814,32.67949192430982,249.9999999999878
42.99316778216843,30.681483474219334,225.88190451026512
48.86233043657926,30.0,200.00000000001833
62.83856896213626,30.681483474218613,174.11809548974833
76.2920967903767,32.6794919243107,150.00000000000455
86.42902168429835,35.85786437627084,129.2893218813363
110.58740304236126,39.99999999999742,113.39745962156358
117.31489822485509,44.82361909794577,103.40741737109828
104.72531368824826,49.99999999999964,100.0
85.22883606388001,55.17638090204913,103.40741737109144
64.83308244729464,60.000000000001954,113.39745962156177
43.92002677730689,64.14213562372865,129.28932188133373
15.850485005009778,67.32050807568666,149.99999999998172
6.943672843833518,69.3185165257812,174.11809548974483
2.4781604466029834,70.0,199.99999999999196
2.738910010532197,69.31851652578085,225.88190451026162
8.054514500011141,67.32050807569054,249.99999999998468
11.507630863097837,64.14213562373092,270.7106781186549
8.462491842124683,60.000000000000796,286.6025403784416
6.8490607502105485,55.17638090205224,296.5925826289044
4.290404094988794,49.9999999999983,300.0
2.022602457134596,44.82361909795327,296.59258262891177
1.9327495212578507,40.0000000000002,286.6025403784445
2.893118470371306,35.8578643762699,270.710678118659
10.513878543757109,32.67949192431231,250.00000000000938
10.04797492913819,30.68148347421827,225.88190451024525
6.224912766229281,30.0,200.0000000000205
4.364507791348576,30.6814834742185,174.1180954897504
6.147457062280808,32.67949192431048,150.00000000000642
13.005037180740601,35.85786437626732,129.28932188135389
13.683591905915767,40.00000000000098,113.3974596215533
22.438156662180177,44.82361909794536,103.40741737109883
19.13575065076983,49.999999999999204,100.0
13.470048454083997,55.17638090204872,103.40741737109089
14.369790894461149,59.99999999999764,113.39745962154933
17.544973400705146,64.14213562373156,129.2893218813483
27.267223775504267,67.32050807568645,149.99999999997985
31.75794033216932,69.31851652578109,174.11809548974276
27.68251603556206,70.0,199.9999999999898
40.89885813404095,69.31851652578096,225.88190451025955
40.00396061430126,67.32050807568848,250.0000000000025
46.63382512079495,64.14213562373445,270.7106781186373
69.10249490235681,60.00000000000117,286.6025403784405
76.90238647622559,55.17638090205266,296.5925826289038
89.16876386359921,49.999999999998735,300.0
107.81049279783944,44.8236190979493,296.5925826289064
124.62079586609755,40.00000000000452,286.6025403784569
125.685,35.8578643762702,270.71067811866055
119.35889428835952,32.67949192431253,250.00000000001125
108.21372095065786,30.68148347421838,225.88190451024732
103.02976584231685,30.0,199.9999999999999
118.78019261174634,30.681483474217213,174.11809548977445
111.73970589481436,32.67949192431027,150.00000000000827
80.95935458715383,35.85786437626702,129.28932188135542
79.32591356020443,40.00000000000061,113.39745962155438
111.84371734731069,44.82361909794933,103.4074173710935
117.75611810949621,49.99999999999423,100.0
125.685,55.1763809020483,103.40741737109033
125.685,59.99999999999727,113.39745962154825
125.685,64.14213562373125,129.28932188134675
125.685,67.32050807568851,149.99999999999767
125.685,69.31851652578216,174.11809548976262
125.685,70.0,199.99999999998766
125.685,69.31851652578226,225.88190451023547
125.685,67.3205080756887,250.00000000000065
125.685,64.14213562373153,270.71067811865186
125.685,59.999999999997605,286.6025403784508
125.685,55.17638090205307,296.5925826289033
125.685,50.000000000003716,300.0
125.685,44.82361909794971,296.592582628907
125.685,40.00000000000095,286.60254037844663
125.685,35.857864376267294,270.71067811864594
125.685,32.67949192431274,250.0000000000131
125.685,30.681483474219668,225.88190451027137
125.685,30.0,200.00000000000205
125.685,30.68148347421828,174.11809548975458
125.685,32.67949192431233,149.99999999999045
125.685,35.85786437626671,129.28932188135695
125.685,39.999999999996305,113.39745962156682
125.685,44.82361909794892,103.40741737109407
125.685,49.999999999998344,100.0
125.685,55.17638090205227,103.40741737109566
125.685,59.999999999996895,113.39745962154717
125.685,64.14213562373095,129.28932188134524
125.685,67.32050807568828,149.9999999999958
125.685,69.31851652578086,174.11809548973858
125.685,70.0,200.00000000000824
125.685,69.31851652578237,225.8819045102334
125.685,67.3205080756889,249.99999999999878
125.685,64.14213562373183,270.7106781186503
125.685,60.00000000000192,286.60254037843833
125.685,55.17638090204909,296.5925826289086
125.685,50.00000000000414,300.0
125.685,44.82361909795013,296.59258262890756
125.685,40.00000000000132,286.60254037844766
125.685,35.85786437627081,270.71067811866357
115.50958924029148,32.67949192431068,249.99999999999528
83.72444524557052,30.681483474219778,225.88190451027344
59.60143609487394,30.0,200.0000000000042
27.350274153090538,30.68148347421817,174.11809548975666
17.381297740035595,32.67949192430984,150.000000000012
8.7735591325228,35.85786437626962,129.2893218813424
3.9091256533775085,39.99999999999592,113.3974596215679
3.333115487494585,44.8236190979485,103.40741737109462
3.1125183728312162,49.99999999999791,100.0
2.610177936331361,55.17638090205186,103.40741737109511
1.7765037194659614,60.00000000000046,113.39745962155746
3.7686318224830915,64.14213562372743,129.28932188132762
5.792277595349974,67.32050807568807,149.99999999999395
4.298467433312575,69.31851652578075,174.1180954897365
4.825120984883196,70.0,200.00000000000608
7.428446109225129,69.3185165257813,225.8819045102533
7.2432854107871885,67.32050807569141,249.9999999999772
9.469522439589868,64.14213562373214,270.7106781186488
9.826987644390375,60.00000000000229,286.60254037843725
9.19784938462187,55.17638090204951,296.5925826289081
10.333422406920963,50.00000000000003,300.0
9.427154972361523,44.82361909795494,296.592582628914
4.907004235775335,40.0000000000017,286.6025403784488
2.6543920823044265,35.85786437627112,270.7106781186651
2.0612031666162087,32.679491924310895,249.99999999999716
0.0,30.681483474218712,225.88190451025358
0.0,30.0,200.0000000000291
0.0,30.681483474218055,174.11809548975873
0.2402046789927911,32.67949192430962,150.00000000001387
8.055444160896602,35.85786437626932,129.2893218813439
12.413855709370408,39.99999999999949,113.3974596215576
11.79937613299075,44.823619097952474,103.4074173710893
19.52456253154355,49.999999999997485,100.0
25.627905094125996,55.17638090204705,103.40741737108866
22.319125511110588,60.000000000000085,113.39745962155638
20.465302355884464,64.14213562373034,129.28932188134218
11.853679873814501,67.32050807569013,150.00000000001177
11.541940966226157,69.31851652578064,174.1180954897344
23.174702734742727,70.0,199.99999999998118
44.179938694480064,69.3185165257814,225.88190451025122
71.9025552598696,67.32050807568935,249.99999999999505
67.97990282893309,64.14213562372923,270.7106781186634
72.87300118176621,60.000000000002665,286.6025403784362
69.84706358097083,55.17638090205432,296.5925826289016
124.60426048749679,50.00000000000046,300.0
125.685,44.82361909795096,296.59258262890864
125.685,39.99999999999813,286.60254037843845
125.685,35.85786437627142,270.71067811866664
125.685,32.67949192431339,250.0000000000187
125.685,30.681483474218826,225.88190451025565
125.685,30.0,200.00000000000853
125.685,30.68148347421912,174.11809548973886
125.685,32.67949192430941,150.00000000001575
125.685,35.857864376269006,129.28932188134544
125.685,39.99999999999912,113.39745962155868
125.685,44.82361909794767,103.40741737109575
125.685,50.0000000000016,100.0
125.685,55.17638090204663,103.4074173710881
125.685,59.999999999999716,113.39745962155531
125.685,64.14213562373003,129.28932188134064
125.685,67.32050807568764,149.9999999999902
125.685,69.3185165257817,174.1180954897543
125.685,70.0,199.99999999997902
125.685,69.31851652578152,225.88190451024911
125.685,67.32050807568956,249.99999999999318
125.685,64.14213562373274,270.7106781186458
125.685,59.9999999999991,286.60254037844646
125.685,55.17638090205474,296.592582628901
125.685,50.00000000000089,300.0
125.685,44.82361909795138,296.5925826289092
125.685,40.000000000002444,286.60254037845095
0.0,35.85786437626851,270.710678118652
125.685,32.6794919243136,250.00000000002058
0.0,30.681483474218936,225.88190451025773
0.0,30.0,200.0000000000107
0.0,30.681483474219007,174.11809548974094
0.0,32.67949192431146,149.99999999999793
125.685,35.85786437626549,129.28932188136304
125.685,39.99999999999875,113.39745962155976
125.685,44.82361909794725,103.4074173710963
125.685,50.000000000001165,100.0
125.685,55.17638090205061,103.40741737109343
125.685,59.9999999999954,113.39745962154285
125.685,64.14213562372973,129.28932188133913
125.685,67.32050807568743,149.99999999998835
125.685,69.3185165257816,174.11809548975222
125.685,70.0,199.9999999999996
125.685,69.31851652578281,225.88190451022507
125.685,67.32050807568977,249.9999999999913
125.685,64.14213562373305,270.71067811864424
125.685,59.999999999999474,286.6025403784454
125.685,55.17638090205076,296.59258262890637
125.685,50.00000000000587,300.0
125.685,44.82361909795179,296.5925826289098
125.685,40.000000000002814,286.602540378452
125.685,35.85786437626882,270.7106781186536
125.685,32.67949192431155,250.00000000000276
125.685,30.68148347421787,225.88190451023786
125.685,30.0,200.00000000001285
125.685,30.681483474217718,174.11809548976498
125.685,32.67949192431125,149.99999999999977
125.685,35.8578643762684,129.28932188134849
125.685,40.00000000000231,113.39745962154947
125.685,44.82361909794683,103.40741737109686
125.685,49.99999999999619,100.0
125.685,55.17638090205019,103.40741737109286
125.685,59.99999999999896,113.39745962155314
125.685,64.14213562373264,129.2893218813537
125.685,67.32050807568721,149.99999999998647
91.95953454195687,69.31851652578031,174.11809548972815
40.5507332760901,70.0,199.99999999999744
44.0879404283051,69.31851652578175,225.88190451024496
62.96140266701173,67.32050807568771,250.00000000000912
56.5117886018801,64.14213562373335,270.7106781186427
36.47051298546826,60.00000000000379,286.60254037843293
46.89624909242449,55.17638090205118,296.5925826289058
98.38621056272383,50.000000000001755,300.0
125.685,44.82361909794782,296.59258262890444
125.685,40.00000000000319,286.60254037845306
125.685,35.85786437626912,270.7106781186551
125.685,32.67949192431176,250.0000000000046
125.685,30.68148347421916,225.8819045102619
125.685,30.0,199.99999999999224
125.685,30.681483474217607,174.11809548976706
125.685,32.67949192431104,150.00000000000165
125.685,35.8578643762681,129.28932188135002
125.685,39.999999999997996,113.39745962156191
125.685,44.82361909795081,103.40741737109153
125.685,49.99999999999576,100.0
125.685,55.17638090204978,103.40741737109231
125.685,59.99999999999859,113.39745962155206
125.685,64.14213562372912,129.2893218813361
125.685,67.32050807568928,150.0000000000043
117.01577760807527,69.3185165257802,174.11809548972607
97.56920374556353,70.0,199.9999999999953
105.33052332696202,69.31851652578186,225.88190451024286
104.17079583444533,67.32050807569021,249.99999999998755
83.16266608181478,64.14213562373044,270.71067811865726
70.26291814670334,60.00000000000416,286.60254037843185
52.23805258479004,55.17638090205159,296.59258262890523
28.851557613041546,50.00000000000219,300.0
13.765944426437267,44.82361909794824,296.592582628905
14.149142826278966,39.99999999999963,286.60254037844277
45.9491864047369,35.857864376272644,270.7106781186727
107.44507722327974,32.679491924311975,250.00000000000648
125.685,30.681483474219274,225.88190451026398
125.685,30.0,199.9999999999944
125.685,30.681483474218673,174.1180954897472
125.685,32.67949192430855,150.0000000000232
125.685,35.85786437626779,129.28932188135155
125.685,39.99999999999763,113.39745962156299
125.685,44.82361909795039,103.4074173710921
125.685,49.99999999999987,100.0
125.685,55.17638090204497,103.40741737108587
125.685,59.99999999999822,113.397459621551
120.2372194713519,64.14213562372882,129.28932188133456
89.772630995221,67.32050807568905,150.00000000000242
87.03837021316475,69.31851652578126,174.11809548974597
99.89565517402987,70.0,199.9999999999704
111.05936029926086,69.31851652578197,225.8819045102408
125.685,67.32050807569043,249.9999999999857
125.685,64.14213562373075,270.7106781186558
125.685,60.0000000000006,286.60254037844214
125.685,55.17638090204762,296.5925826289106
125.685,50.000000000002615,300.0
125.685,44.82361909795304,296.5925826289115
125.685,40.0,286.60254037844385
125.685,35.85786437626973,270.71067811865817
99.9869522011742,32.679491924309914,249.99999999998866
93.28348159388692,30.681483474219384,225.88190451026605
87.28566107491814,30.0,200.0000000000193
90.29467135572912,30.681483474218563,174.11809548974927
107.16360672776928,32.679491924310604,150.0000000000054
123.46081805079592,35.857864376270705,129.289321881337
125.685,39.99999999999725,113.39745962156407
125.685,44.82361909794558,103.40741737109853
125.685,49.99999999999944,100.0
125.685,55.17638090204895,103.4074173710912
125.685,60.00000000000178,113.39745962156128
125.685,64.1421356237285,129.28932188133302
125.685,67.32050807568656,149.99999999998084
112.6418893251754,69.31851652578115,174.1180954897439
110.30450597963103,70.0,199.999999999991
101.82147686464667,69.31851652578091,225.88190451026065
95.07552779604578,67.32050807569064,249.99999999998383
83.95838675519093,64.14213562373106,270.7106781186542
70.59842962892172,60.000000000000966,286.60254037844106
63.4225848357636,55.17638090205243,296.59258262890415
61.87142193156253,49.9999999999985,300.0
67.4239287577167,44.82361909795346,296.59258262891206
74.62867297968873,40.00000000000037,286.6025403784449
87.45397424085681,35.85786437627004,270.7106781186597
103.49321369663633,32.67949192431241,250.00000000001023
110.65489101735288,30.681483474218318,225.8819045102462
121.79308880549392,30.0,200.00000000002146
125.685,30.68148347421845,174.11809548975134
125.685,32.67949192431039,150.00000000000725
125.685,35.85786437626718,129.28932188135457
119.56047280477368,40.00000000000082,113.39745962155379
119.59210460086113,44.82361909794517,103.40741737109909
124.14879974238374,49.99999999999901,100.0
125.685,55.17638090204853,103.40741737109063
125.685,59.99999999999747,113.39745962154883
125.685,64.14213562373142,129.28932188134758
114.59196943278421,67.32050807568635,149.999999999979
103.71902876447022,69.31851652578104,174.1180954897418
92.64740661680635,70.0,199.99999999998883
96.95226620374137,69.31851652578102,225.88190451025858
94.48346241983195,67.32050807568858,250.00000000000165
75.60003960411859,64.14213562373457,270.7106781186366
77.36217000661212,60.00000000000134,286.60254037844
92.52981369888892,55.17638090205284,296.5925826289036
95.28856997926036,49.999999999998934,300.0
100.27067811769162,44.82361909794949,296.5925826289067
125.685,40.00000000000469,286.6025403784574
125.685,35.85786437627034,270.71067811866124
125.685,32.67949192431262,250.0000000000121
125.685,30.681483474218428,225.88190451024826
125.685,30.0,200.00000000000088
125.685,30.68148347421716,174.11809548977538
125.685,32.67949192431017,150.00000000000912
125.685,35.857864376266875,129.2893218813561
125.685,40.00000000000044,113.39745962155486
125.685,44.82361909794915,103.40741737109376
125.685,49.99999999999403,100.0
103.67745996172195,55.17638090204811,103.40741737109008
22.586832133315575,59.9999999999971,113.39745962154775
5.664047100990772,64.14213562373112,129.28932188134607
9.774669587340616,67.32050807568841,149.99999999999682
8.861974153665454,69.3185165257821,174.11809548976169
11.851065450228289,70.0,199.99999999998667
14.532359417861745,69.31851652578231,225.88190451023453
9.606324662325894,67.32050807568879,249.99999999999977
10.876356548697435,64.14213562373166,270.7106781186512
16.26877261559431,59.999999999997776,286.60254037845027
28.036217569713486,55.17638090205326,296.592582628903
41.87246977747969,50.00000000000391,300.0
47.31409277786216,44.8236190979499,296.5925826289073
47.08567223299343,40.00000000000112,286.6025403784471
68.08719897673348,35.85786437626743,270.7106781186467
104.19991550721639,32.67949192431284,250.00000000001396
125.685,30.681483474219718,225.8819045102723
125.685,30.0,200.00000000000304
125.685,30.681483474218226,174.11809548975552
125.685,32.67949192431223,149.9999999999913
113.22497651175031,35.857864376266576,129.28932188135764
120.66569146854631,39.99999999999613,113.39745962156731
125.685,44.82361909794873,103.40741737109433
125.685,49.999999999998145,100.0
113.16470141258846,55.17638090205209,103.4074173710954
111.23866252645843,59.999999999996724,113.39745962154669
124.49048399551943,64.14213562373081,129.28932188134456
125.685,67.3205080756882,149.99999999999494
125.685,69.31851652578081,174.11809548973764
125.685,70.0,200.00000000000725
125.685,69.31851652578241,225.88190451023246
125.685,67.32050807568902,249.99999999999793
125.685,64.14213562373197,270.71067811864964
124.78037111115411,60.00000000000209,286.6025403784378
100.96838660795609,55.17638090204928,296.59258262890836
70.07601198067506,50.00000000000434,300.0
48.60163573840404,44.82361909795032,296.5925826289078
34.123647715616535,40.00000000000149,286.60254037844817
22.733656902002,35.85786437627095,270.71067811866425
3.800811496409625,32.67949192431078,249.99999999999613
7.694617332998607,30.68148347421983,225.88190451027438
10.684537650511924,30.0,200.0000000000052
10.832127305968818,30.681483474218116,174.1180954897576
13.444107263323568,32.679491924309744,150.00000000001285
18.71261363520706,35.85786437626948,129.28932188134308
33.64148388600399,39.99999999999576,113.39745962156839
51.29875130872536,44.82361909794831,103.40741737109488
67.42816519644158,49.99999999999772,100.0
83.40140739680518,55.17638090205167,103.40741737109485
96.32162917852595,60.000000000000284,113.39745962155698
105.95786701909189,64.14213562372728,129.28932188132694
119.22593918200965,67.32050807568797,149.9999999999931
125.685,69.3185165257807,174.11809548973554
101.35733177768323,70.0,200.0000000000051
77.00661344015487,69.31851652578135,225.88190451025235
66.6187176319078,67.3205080756915,249.99999999997635
85.09096001839765,64.14213562373227,270.7106781186481
105.26422128695484,60.00000000000246,286.60254037843674
96.09018872239417,55.1763809020497,296.5925826289078
78.19645131074597,50.00000000000023,300.0
65.84775906066254,44.82361909795513,296.5925826289143
59.78281286374111,40.00000000000187,286.60254037844925
53.656291918131565,35.85786437627125,270.7106781186658
46.62102271112876,32.679491924310994,249.999999999998
39.83524741716321,30.681483474218766,225.88190451025451
34.215185285406456,30.0,200.0000000000301
32.097380656403296,30.681483474218002,174.1180954897597
34.5532521158773,32.67949192430953,150.00000000001472
42.82932457410213,35.85786437626918,129.28932188134462
45.911639189262196,39.99999999999932,113.3974596215581
36.56608317184187,44.82361909795229,103.40741737108955
27.518561920266635,49.999999999997286,100.0
16.080012369388015,55.17638090204686,103.4074173710884
7.356926248641119,59.999999999999915,113.3974596215559
3.4301584997557213,64.1421356237302,129.2893218813415
3.019960258407881,67.32050807569003,150.0000000000109
0.3838373919005219,69.3185165257806,174.11809548973346
0.0,70.0,199.99999999998022
0.0,69.31851652578146,225.88190451025025
0.0,67.32050807568945,249.9999999999942
0.0,64.14213562372936,270.71067811866266
0.0,60.000000000002835,286.60254037843566
0.0,55.17638090205451,296.59258262890137
0.0,50.000000000000654,300.0
0.0,44.82361909795115,296.59258262890893
0.0,39.9999999999983,286.60254037843896
0.0,35.857864376271564,270.7106781186673
0.0,32.67949192431348,250.00000000001955
0.0,30.681483474218876,225.8819045102566
1.669910202004544,30.0,200.0000000000095
3.270912369934292,30.681483474219068,174.1180954897398
3.077408174720943,32.67949192430931,150.0000000000166
5.952502142064451,35.85786437626887,129.28932188134613
11.32826445062046,39.99999999999895,113.39745962155916
22.099126927667186,44.82361909794748,103.40741737109599
32.97450988765829,50.0000000000014,100.0
36.222137206367705,55.176380902046446,103.40741737108785
54.45920812141673,59.999999999999545,113.39745962155482
50.27453019683696,64.1421356237299,129.28932188133996
55.68414768999926,67.32050807568754,149.99999999998937
38.25863417462636,69.31851652578166,174.11809548975333
26.45755521054101,70.0,199.99999999997806
25.11735048122314,69.31851652578158,225.88190451024818
46.91396500279238,67.32050807568966,249.99999999999233
44.928555232753375,64.14213562373288,270.7106781186451
47.95653655400267,59.99999999999927,286.60254037844595
48.253485387601934,55.17638090205492,296.5925826289008
53.95730815473797,50.00000000000109,300.0
87.52300348449896,44.823619097951564,296.5925826289095
125.685,40.000000000002615,286.6025403784514
125.685,35.85786437626865,270.71067811865277
125.685,32.6794919243137,250.00000000002143
125.685,30.68148347421899,225.88190451025866
125.685,30.0,200.00000000001165
125.685,30.681483474218957,174.11809548974188
125.685,32.67949192431137,149.99999999999878
125.685,35.857864376265354,129.28932188136372
125.685,39.99999999999858,113.39745962156024
125.685,44.82361909794706,103.40741737109656
125.685,50.00000000000097,100.0
125.685,55.17638090205042,103.40741737109317
125.685,59.99999999999523,113.39745962154237
125.685,64.14213562372959,129.28932188133842
125.685,67.32050807568733,149.9999999999875
125.685,69.31851652578155,174.11809548975125
125.685,70.0,199.99999999999864
125.685,69.31851652578285,225.88190451022413
125.685,67.32050807568987,249.99999999999045
125.685,64.1421356237332,270.71067811864356
125.685,59.999999999999645,286.60254037844487
125.685,55.17638090205095,296.59258262890614
125.685,50.00000000000607,300.0
125.685,44.82361909795198,296.59258262891
125.685,40.000000000002984,286.6025403784525
125.685,35.85786437626896,270.7106781186543
125.685,32.67949192431165,250.0000000000036
125.685,30.681483474217924,225.8819045102388
123.93638547018107,30.0,200.0000000000138
119.98879821574566,30.68148347421767,174.11809548976595
68.89936073681176,32.67949192431115,150.00000000000063
48.040347854201,35.85786437626826,129.28932188134917
48.756888451016806,40.00000000000214,113.39745962154996
61.62350686547477,44.82361909794665,103.40741737109711
82.44771815625931,49.99999999999599,100.0
86.7235371873881,55.176380902050006,103.40741737109262
86.37735292542733,59.99999999999879,113.39745962155266
87.67927859450768,64.1421356237325,129.28932188135298
110.78589857015946,67.32050807568712,149.99999999998562
125.685,69.31851652578025,174.1180954897272
125.685,70.0,199.99999999999648
125.685,69.3185165257818,225.881904510244
125.685,67.32050807568783,250.0000000000083
125.685,64.1421356237335,270.710678118642
125.685,60.00000000000395,286.6025403784324
125.685,55.17638090205136,296.5925826289056
125.685,50.00000000000195,300.0
125.685,44.82361909794801,296.5925826289047
125.685,40.00000000000336,286.60254037845357
125.685,35.85786437626926,270.7106781186558
125.685,32.67949192431186,250.00000000000546
125.685,30.68148347421921,225.88190451026284
125.685,30.0,199.99999999999324
125.685,30.681483474217558,174.11809548976802
125.685,32.67949192431094,150.0000000000025
125.685,35.857864376267955,129.2893218813507
125.685,39.999999999997826,113.3974596215624
125.685,44.823619097950626,103.40741737109178
125.685,49.99999999999556,100.0
125.685,55.17638090204959,103.40741737109205
125.685,59.99999999999842,113.39745962155158
125.685,64.14213562372898,129.2893218813354
118.62452879270886,67.32050807568916,150.00000000000344
97.26727011522274,69.31851652578014,174.11809548972514
68.1485496509526,70.0,199.99999999999432
41.693417916592345,69.31851652578192,225.88190451024192
22.725334688719258,67.3205080756903,249.99999999998673
9.243652684191112,64.14213562373058,270.7106781186566
3.349637786594574,60.00000000000433,286.6025403784314
1.8780805776342842,55.17638090205178,296.592582628905
2.8084508092939906,50.00000000000238,300.0
8.607000546976343,44.82361909794842,296.5925826289053
19.956103874590937,39.999999999999794,286.6025403784433
21.814547471737313,35.85786437627278,270.7106781186734
24.305145664114075,32.679491924312075,250.00000000000733
28.80343308197811,30.681483474219323,225.88190451026492
33.0697601402109,30.0,199.9999999999954
35.509338320958065,30.681483474218624,174.11809548974813
29.68722450664042,32.67949192430845,150.00000000002404
22.34588543102679,35.857864376267656,129.28932188135224
18.687287941960516,39.999999999997456,113.39745962156348
15.247667219285749,44.82361909795021,103.40741737109234
10.911858729251376,49.99999999999968,100.0
6.528784391090273,55.17638090204478,103.40741737108561
1.8290323340798171,59.999999999998046,113.3974596215505
0.0,64.14213562372868,129.28932188133388
0.0,67.32050807568896,150.00000000000156
0.0,69.3185165257812,174.11809548974503
0.0,70.0,199.99999999996942
0.0,69.31851652578203,225.88190451023985
0.36221443997413016,67.32050807569053,249.99999999998485
2.065368977594353,64.1421356237309,270.71067811865504
1.8003273841156455,60.00000000000077,286.60254037844163
2.501551104304165,55.17638090204781,296.59258262891035
2.19991447581124,50.000000000002814,300.0
0.8451625875224349,44.823619097953234,296.5925826289117
0.7031793457367557,40.00000000000017,286.60254037844436
0.7426508758643893,35.85786437626987,270.71067811865885
3.491947128469442,32.679491924310014,249.9999999999895
2.567743613904052,30.681483474219434,225.88190451026702
2.134464408674686,30.0,200.0000000000203
1.5736486709373494,30.68148347421851,174.1180954897502
1.187982973469172,32.67949192431051,150.00000000000625
1.4286177369739106,35.85786437627057,129.28932188133768
0.11752131425997568,39.99999999999708,113.39745962156455
0.6684114764581421,44.8236190979454,103.40741737109879
0.45159003223135935,49.99999999999925,100.0
0.0,55.176380902048756,103.40741737109094
1.5790202451276105,60.00000000000161,113.3974596215608
3.1925101288904343,64.14213562372836,129.28932188133234
6.614071543844078,67.32050807568874,149.99999999999972
4.828703043283619,69.31851652578109,174.11809548974293
14.230410212631401,70.0,199.99999999999
20.168541041058894,69.31851652578095,225.88190451025972
29.694194594226033,67.32050807569074,249.99999999998298
44.50163595267054,64.14213562373119,270.7106781186535
73.04328063642807,60.00000000000114,286.6025403784406
92.70222793286419,55.176380902052614,296.59258262890387
101.9879238579511,49.99999999999869,300.0
114.65613225903441,44.82361909795365,296.5925826289123
125.685,40.00000000000054,286.60254037844544
125.685,35.85786437627017,270.7106781186604
125.685,32.6794919243125,250.00000000001108
125.685,30.681483474218368,225.88190451024713
125.685,30.0,200.00000000002245
125.685,30.6814834742184,174.1180954897523
125.685,32.67949192431029,150.0000000000081
125.685,35.857864376267045,129.28932188135528
125.685,40.00000000000065,113.39745962155428
125.685,44.82361909794498,103.40741737109934
125.685,49.99999999999881,100.0
125.685,55.17638090204834,103.40741737109039
125.685,60.000000000001236,113.39745962155972
125.685,64.14213562373128,129.2893218813469
125.685,67.32050807568625,149.99999999997814
125.685,69.31851652578098,174.11809548974085
125.685,70.0,199.99999999998786
125.685,69.31851652578106,225.88190451025764
125.685,67.32050807568868,250.0000000000008
125.685,64.14213562373472,270.7106781186359
125.685,60.000000000001506,286.6025403784395
125.685,55.17638090205303,296.5925826289033
125.685,49.999999999999126,300.0
125.685,44.823619097949674,296.59258262890694
125.685,40.00000000000485,286.6025403784579
125.685,35.857864376270484,270.7106781186619
125.685,32.67949192431272,250.00000000001296
125.685,30.68148347421848,225.8819045102492
125.685,30.0,200.00000000000185
125.685,30.68148347421711,174.11809548977635
125.685,32.67949192431007,150.00000000000998
125.685,35.85786437626674,129.28932188135678
125.685,40.00000000000027,113.39745962155536
125.685,44.823619097948956,103.40741737109401
125.685,50.00000000000293,100.0
125.685,55.176380902047924,103.40741737108982
125.685,59.99999999999693,113.39745962154727
125.685,64.14213562373098,129.28932188134536
125.685,67.32050807568831,149.99999999999596
125.685,69.31851652578206,174.11809548976072
125.685,70.0,199.9999999999857
125.685,69.31851652578236,225.8819045102336
125.685,67.32050807568889,249.99999999999895
125.685,64.1421356237318,270.7106781186505
125.685,59.99999999999795,286.6025403784498
125.685,55.17638090205345,296.59258262890273
125.685,50.00000000000411,300.0
119.84352964577816,44.82361909795009,296.5925826289075
112.18983013963422,40.00000000000129,286.6025403784476
105.91091131011544,35.85786437626757,270.71067811864737
64.42728405875441,32.67949192431294,250.0000000000148
35.220244456300236,30.681483474219768,225.88190451027327
19.050262008541786,30.0,200.000000000004
11.508251299355669,30.681483474218176,174.11809548975646
9.99079072083511,32.67949192431213,149.99999999999216
9.457900964143452,35.857864376266434,129.28932188135832
9.919377267979073,39.9999999999999,113.39745962155644
10.486296285455637,44.82361909794854,103.40741737109457
13.139728837081982,49.999999999997954,100.0
12.796444139791035,55.176380902051896,103.40741737109515
13.03346153173957,59.999999999996554,113.39745962154619
13.12059184182874,64.14213562373067,129.28932188134382
12.79478611686068,67.3205080756881,149.9999999999941
13.013860853332798,69.31851652578077,174.11809548973667
14.673153461166338,70.0,200.00000000000628
20.18014832272373,69.31851652578247,225.88190451023152
31.696814173667423,67.3205080756891,249.99999999999707
40.582785764551346,64.14213562373212,270.71067811864896
46.473047532470254,60.00000000000226,286.6025403784373
51.60058211986035,55.17638090204947,296.5925826289081
51.44391358850492,50.00000000000454,300.0
55.79823067557533,44.823619097950505,296.5925826289081
50.82759095090038,40.00000000000166,286.6025403784487
44.508689613137015,35.85786437627109,270.710678118665
39.19439250118061,32.67949192431088,249.999999999997
28.440056621401165,30.68148347421988,225.88190451027535
22.653039489816504,30.0,200.00000000000617
30.485801436073693,30.681483474218066,174.11809548975856
54.00906657517272,32.67949192431192,149.99999999999403
70.9508908675588,35.85786437626935,129.28932188134377
77.72565513745131,39.99999999999559,113.39745962156887
73.15476057212015,44.823619097948125,103.40741737109514
64.90453368664141,49.99999999999752,100.0
56.21275652941431,55.17638090205148,103.4074173710946
42.05927822940105,60.00000000000012,113.39745962155648
25.368322891594584,64.14213562372714,129.28932188132626
17.59075941140935,67.32050807568788,149.99999999999224
11.282641498369962,69.31851652578065,174.1180954897346
4.814897513237799,70.0,200.00000000000412
1.7574447686288108,69.3185165257814,225.8819045102514
0.25618405914522646,67.3205080756916,249.9999999999755
0.0,64.14213562373241,270.7106781186474
0.0,60.00000000000263,286.6025403784363
0.0,55.17638090204989,296.5925826289075
0.0,50.00000000000042,300.0
0.0,44.823619097955316,296.5925826289145
1.7237453301894923,40.00000000000203,286.60254037844976
2.7489848826259977,35.857864376271394,270.71067811866646
20.50194553759843,32.679491924311094,249.99999999999886
42.45033724662578,30.681483474218815,225.88190451025545
66.082499891793,30.0,199.9999999999856
94.7158456797046,30.681483474217956,174.11809548976063
111.67381906009449,32.67949192430943,150.00000000001558
123.1467061388085,35.85786437626904,129.2893218813453
125.685,39.99999999999915,113.39745962155858
125.685,44.8236190979521,103.4074173710898
125.685,49.99999999999709,100.0
125.685,55.176380902046674,103.40741737108816
125.685,59.999999999999744,113.39745962155541
125.685,64.14213562373006,129.2893218813408
125.685,67.32050807568993,150.00000000001006
125.685,69.31851652578172,174.11809548975447
125.685,70.0,199.99999999997922
125.685,69.31851652578152,225.8819045102493
125.685,67.32050807569182,249.99999999997365
125.685,64.14213562373271,270.7106781186459
125.685,59.99999999999906,286.6025403784466
125.685,55.176380902054696,296.5925826289011
125.685,50.00000000000085,300.0
125.685,44.823619097955735,296.59258262891507
125.685,40.00000000000241,286.60254037845084
125.685,35.85786437626848,270.7106781186519
125.685,32.67949192430903,249.99999999998101
125.685,30.681483474218926,225.88190451025753
125.685,30.0,200.00000000003322
125.685,30.681483474217842,174.1180954897627
125.685,32.67949192431149,149.99999999999775
125.685,35.85786437627195,129.28932188133075
125.685,39.99999999999878,113.39745962155966
125.685,44.823619097942895,103.40741737110213
125.685,49.99999999999666,100.0
125.685,55.176380902050646,103.40741737109347
125.685,60.00000000000331,113.39745962156569
125.685,64.14213562372976,129.28932188133928
125.685,67.32050807568517,149.99999999996882
125.685,69.31851652578042,174.11809548973042
125.685,70.0,199.9999999999998
125.685,69.31851652578045,225.88190451026918
125.685,67.32050807568976,249.99999999999147
125.685,64.14213562373624,270.71067811862827
125.685,60.000000000003375,286.6025403784341
125.685,55.176380902050724,296.5925826289064
125.685,49.99999999999674,300.0
125.685,44.823619097951756,296.5925826289097
125.685,39.99999999999885,286.6025403784405
125.685,35.857864376272005,270.71067811866953
125.685,32.67949192431153,250.0000000000026
125.685,30.68148347421786,225.88190451023766
125.685,30.0,200.00000000001265
125.685,30.681483474218908,174.11809548974284
125.685,32.679491924309,150.0000000000193
125.685,35.85786437626843,129.28932188134834
125.685,40.000000000002345,113.39745962154937
125.685,44.823619097946874,103.4074173710968
125.685,50.000000000000774,100.0
125.685,55.176380902045835,103.40741737108704
125.685,59.999999999999,113.39745962155324
125.685,64.14213562373267,129.28932188135383
125.685,67.32050807568723,149.99999999998664
125.685,69.31851652578149,174.11809548975032
125.685,70.0,199.9999999999749
125.685,69.31851652578175,225.88190451024514
125.685,67.3205080756877,250.0000000000093
125.685,64.14213562373332,270.7106781186429
125.685,59.999999999999815,286.6025403784444
125.685,55.176380902055534,296.5925826289
125.685,50.00000000000171,300.0
125.685,44.823619097947784,296.59258262890444
125.685,40.000000000003155,286.602540378453
125.685,35.85786437626909,270.710678118655
125.685,32.679491924314014,250.00000000002416
125.685,30.68148347421915,225.8819045102617
125.685,30.0,199.99999999999207
125.685,30.681483474217618,174.1180954897669
125.685,32.67949192431105,150.00000000000148
125.685,35.857864376264914,129.28932188136594
125.685,39.99999999999803,113.39745962156182
125.685,44.823619097950846,103.40741737109148
125.685,49.999999999995794,100.0
125.685,55.176380902049814,103.40741737109236
114.36033568532295,59.999999999994685,113.3974596215408
91.15542451161659,64.14213562372915,129.2893218813362
59.019670459066674,67.32050807568929,150.00000000000446
49.943809642088645,69.31851652578021,174.11809548972627
41.81603085695412,70.0,199.99999999999548
32.696144750761235,69.31851652578302,225.8819045102211
29.556168453757184,67.32050807569019,249.99999999998772
31.51162667435099,64.14213562373043,270.71067811865737
37.42520858177911,59.99999999999625,286.6025403784547
37.363130652133044,55.176380902051555,296.5925826289053
33.57173799505774,50.00000000000669,300.0
27.409623384364842,44.82361909795259,296.59258262891086
20.425543898804996,39.99999999999959,286.60254037844265
15.65589185298891,35.857864376266186,270.71067811864043
14.445947585470295,32.67949192431196,250.0000000000063
18.401654015803626,30.68148347422044,225.88190451028575
20.41357474532202,30.0,200.00000000001694
23.646272087474713,30.681483474218684,174.118095489747
31.26657616495175,32.67949192431311,149.99999999998366
34.70298201091199,35.85786437626782,129.28932188135138
26.356881187480116,39.99999999999372,113.39745962157426
22.309840105048465,44.82361909794604,103.40741737109792
24.009949692965865,49.999999999999915,100.0
25.202794395876982,55.17638090205379,103.4074173710977
20.004337304674287,59.99999999999825,113.39745962155109
18.29739062810383,64.14213562372562,129.2893218813186
30.750461749536687,67.3205080756868,149.9999999999829
51.58198145690377,69.31851652578126,174.11809548974614
74.71787566455274,70.0,200.0000000000161
63.480726849380304,69.31851652578196,225.881904510241
45.04301576476165,67.32050807568814,250.00000000000557
30.435176545159138,64.14213562373394,270.7106781186398
14.823672176342386,60.00000000000056,286.60254037844226
1.0765602949784672,55.17638090204758,296.59258262891063
0.0,50.00000000000258,300.0
0.0,44.823619097948615,296.5925826289055
0.0,40.00000000000391,286.60254037845516
0.0,35.8578643762697,270.71067811865805
2.5325737315227577,32.6794919243099,249.9999999999885
8.753859934848156,30.681483474219373,225.88190451026588
14.342674444468134,30.0,199.99999999999636
23.603043332106196,30.681483474217394,174.11809548977104
31.22014110476479,32.679491924310625,150.00000000000523
39.08882925142338,35.857864376270726,129.28932188133683
50.35268419325031,39.999999999997286,113.39745962156398
66.12726608587423,44.823619097950015,103.40741737109259
82.23195976798033,49.999999999994934,100.0
94.59942946293522,55.17638090204898,103.40741737109124
113.8985547962518,60.00000000000182,113.39745962156138
125.685,64.14213562372854,129.2893218813332
125.685,67.32050807568885,150.00000000000074
125.685,69.31851652577998,174.11809548972212
125.685,70.0,199.9999999999912
125.685,69.3185165257809,225.88190451026085
125.18120852712308,67.32050807569061,249.999999999984
107.10593573819148,64.14213562373104,270.71067811865436
84.85120391473696,60.000000000004874,286.6025403784298
65.31256333395817,55.17638090205239,296.5925826289042
49.20898778178516,49.99999999999846,300.0
32.51751898728291,44.823619097953426,296.59258262891194
16.278506643984077,40.00000000000034,286.6025403784448
4.864999474829119,35.85786437627323,270.7106781186756
0.0,32.67949192431239,250.00000000001006
0.0,30.681483474218307,225.881904510246
0.6634865066446357,30.0,200.00000000002126
6.443000633073609,30.68148347421846,174.11809548975117
15.36053018273395,32.67949192430814,150.00000000002677
33.32308922494711,35.85786437626721,129.28932188135445
55.03468414230112,40.00000000000085,113.3974596215537
87.77548311380475,44.823619097945205,103.40741737109903
123.22568533265705,49.99999999999905,100.0
125.685,55.17638090204417,103.4074173710848
125.685,59.999999999997506,113.39745962154893
125.685,64.14213562373145,129.28932188134775
125.685,67.32050807569091,150.00000000001853
125.685,69.31851652578105,174.118095489742
125.685,70.0,199.9999999999663
125.685,69.31851652578219,225.8819045102368
125.685,67.32050807568856,250.00000000000182
125.685,64.14213562372812,270.7106781186689
125.685,60.00000000000131,286.6025403784401
116.27467828304778,55.1763809020572,296.59258262889773
79.3634348906344,50.00000000000344,300.0
50.307635915058924,44.82361909794945,296.59258262890665
35.21162603903386,39.999999999996774,286.6025403784346
29.890993458069044,35.857864376270314,270.71067811866106
24.15885960227977,32.679491924314874,250.0000000000316
12.333809252965871,30.681483474219597,225.88190451027003
9.342001430865007,30.0,200.00000000000068
6.291162626338488,30.681483474219526,174.11809548973127
4.010463594482106,32.67949192431019,150.00000000000895
3.7033187172948896,35.85786437626369,129.28932188137205
4.452047875187773,39.99999999999654,113.39745962156613
4.036280523209174,44.823619097949184,103.40741737109371
2.7690226955965556,50.00000000000317,100.0
1.962555036245373,55.17638090204815,103.40741737109013
0.9444952877758612,60.000000000001066,113.39745962155922
0.0,64.14213562372792,129.28932188133012
0.6972717703287534,67.32050807568842,149.999999999997
0.25372973298098117,69.31851652578212,174.11809548976186
0.0,70.0,199.99999999998687
0.0,69.31851652578112,225.8819045102567
0.736774287564581,67.32050807569105,249.99999999998028
2.2104532303186057,64.14213562373163,270.7106781186513
4.27271970673317,59.99999999999774,286.6025403784504
9.649979927008456,55.176380902053225,296.5925826289031
14.064504583410699,49.999999999999325,300.0
12.35451421934177,44.82361909795426,296.5925826289131
9.361571790086385,40.00000000000109,286.602540378447
7.441963728142869,35.8578643762674,270.7106781186465
4.784863685186721,32.67949192431282,250.00000000001378
2.890129303956352,30.68148347421853,225.88190451025017
4.032543529666347,30.0,200.00000000002558
6.603692646220006,30.68148347421824,174.11809548975532
7.615151658117605,32.67949192431225,149.99999999999113
8.268528690595568,35.8578643762666,129.2893218813575
10.25296936130792,40.0000000000001,113.39745962155584
10.288045002026182,44.82361909794437,103.40741737110015
8.803611339187965,49.99999999999819,100.0
7.120687358886434,55.176380902052124,103.40741737109546
6.4080075639206315,59.99999999999676,113.39745962154679
6.473130772973272,64.14213562373084,129.28932188134468
12.971183868236801,67.32050807568594,149.99999999997544
14.486762937932415,69.31851652578082,174.1180954897378
10.319231570180339,70.0,200.00000000000745
8.08213612483253,69.3185165257824,225.88190451023266
8.229565175309837,67.32050807568899,249.9999999999981
12.409570264590611,64.14213562373516,270.7106781186337
19.858999119844526,60.00000000000205,286.60254037843794
26.946260802028657,55.176380902049246,296.5925826289084
28.8873966406254,50.0000000000043,300.0
26.655357469130173,44.82361909795028,296.59258262890773
20.31495184287101,40.0000000000054,286.6025403784595
14.72079628552424,35.857864376270925,270.71067811866413
10.884325692879786,32.67949192431076,249.99999999999596
6.5905151871491645,30.68148347421982,225.8819045102742
4.6339870574539,30.0,200.000000000005
4.912906290341597,30.681483474216947,174.11809548977936
6.1195299191695876,32.67949192430976,150.00000000001268
8.088836662132966,35.85786437626951,129.28932188134294
9.64455180820945,40.000000000003666,113.39745962154555
9.811260228481881,44.82361909794835,103.40741737109482
8.755535373257905,49.99999999999321,100.0
8.482904349222176,55.17638090204731,103.40741737108901
6.669521234122485,60.00000000000032,113.39745962155708
3.401927098482238,64.14213562373375,129.28932188135923
0.0,67.320508075688,149.99999999999324
0.0,69.31851652577953,174.11809548971377
0.0,70.0,199.99999999998255
0.0,69.31851652578135,225.88190451025253
3.7264764507544,67.32050807568693,250.00000000001592
7.255556223703393,64.14213562373226,270.7106781186483
7.306335850275102,60.00000000000637,286.6025403784255
6.798002956609096,55.176380902054056,296.59258262890194
5.8225886450167685,50.000000000000185,300.0
4.028025396184528,44.823619097946306,296.59258262890245
1.8788633066802436,40.00000000000183,286.60254037844913
0.0,35.85786437627444,270.7106781186817
0.0,32.679491924313254,250.0000000000175
0.0,30.681483474218755,225.88190451025432
1.1580633819470345,30.0,199.99999999998442
2.1645904985067057,30.681483474218012,174.1180954897595
2.5437142337553205,32.67949192431182,149.99999999999486
1.953919709016847,35.857864376265994,129.28932188136054
1.6906782658003867,39.99999999999936,113.397459621558
0.5630445729515431,44.823619097952324,103.4074173710895
0.0,49.99999999999733,100.0
0.0,55.17638090205129,103.40741737109434
0.5523776468281759,59.99999999999601,113.39745962154461
2.9234508804517834,64.14213562373023,129.2893218813416
8.010702101105032,67.32050807569006,150.00000000001108
9.162955053514981,69.31851652578061,174.11809548973366
9.457168251198555,70.0,200.00000000000313
6.295349431477423,69.31851652578263,225.88190451022848
4.2303795658647,67.32050807568942,249.99999999999437
7.886594500141392,64.14213562372935,270.7106781186628
14.470462953340158,60.0000000000028,286.6025403784358
22.56542798559421,55.17638090205008,296.5925826289073
38.629704398318665,50.000000000005166,300.0
57.08511745670101,44.82361909795111,296.5925826289089
98.15781590352728,39.999999999998266,286.60254037843885
125.685,35.857864376271536,270.71067811866715
125.685,32.67949192431119,249.99999999999972
125.685,30.681483474220045,225.88190451027836
125.685,30.0,200.0000000000093
125.685,30.68148347421908,174.11809548973963
125.685,32.67949192430933,150.00000000001643
125.685,35.8578643762689,129.28932188134598
125.685,39.99999999999504,113.39745962157043
125.685,44.823619097947514,103.40741737109595
125.685,50.00000000000144,100.0
125.685,55.17638090204648,103.4074173710879
125.685,59.999999999999574,113.3974596215549
125.685,64.1421356237267,129.28932188132404
125.685,67.32050807568757,149.9999999999895
125.685,69.31851652578166,174.11809548975353
125.685,70.0,199.99999999997826
125.685,69.31851652578156,225.88190451024838
125.685,67.32050807569192,249.9999999999728
125.685,64.14213562373286,270.7106781186452
125.685,59.99999999999923,286.60254037844607
125.685,55.17638090205489,296.59258262890086
125.685,50.00000000000105,300.0
125.685,44.82361909795592,296.59258262891535
125.685,40.00000000000258,286.6025403784513
125.685,35.85786437626862,270.7106781186526
125.685,32.67949192430913,249.99999999998187
125.685,30.68148347421898,225.8819045102585
125.685,30.0,200.0000000000342
125.685,30.68148347421779,174.11809548976365
125.685,32.67949192431139,149.9999999999986
119.15527747267552,35.85786437627181,129.28932188133143
108.52011200493664,39.99999999999861,113.39745962156015
93.75129455854746,44.82361909794271,103.40741737110238
81.00063422767894,49.99999999999646,100.0
77.29972079650017,55.17638090205046,103.40741737109323
78.06857498901559,60.00000000000314,113.3974596215652
74.25248687450782,64.14213562372962,129.2893218813386
75.14181039815335,67.32050807568507,149.99999999996797
62.815689937888266,69.31851652578038,174.11809548972948
53.27985460362526,70.0,199.99999999999883
57.619952526109316,69.3185165257805,225.88190451026824
67.77261733332651,67.32050807568986,249.99999999999062
73.42560113809064,64.14213562373638,270.7106781186276
58.46277823584731,60.00000000000355,286.6025403784336
46.6594666681886,55.17638090205091,296.59258262890614
54.51926991567096,49.99999999999693,300.0
60.19743071789855,44.82361909795195,296.59258262891
56.037361508597876,39.99999999999901,286.602540378441
50.9803498523213,35.85786437627215,270.7106781186702
52.27260089249499,32.67949192431162,250.00000000000344
48.68292822015125,30.681483474217913,225.8819045102386
50.710204407557136,30.0,200.0000000000136
55.6683297131731,30.681483474218854,174.11809548974378
60.449424381658936,32.6794919243089,150.00000000002015
64.5102381190694,35.857864376268296,129.28932188134905
73.07170578829184,40.000000000002174,113.39745962154986
81.7919398292479,44.82361909794668,103.40741737109705
96.3552394834343,50.000000000000576,100.0
118.67363218063306,55.17638090204565,103.40741737108678
116.22183395940047,59.99999999999883,113.39745962155276
111.89572046665921,64.14213562373253,129.28932188135315
112.11025230100202,67.32050807568713,149.9999999999858
85.79894557718237,69.31851652578145,174.11809548974938
66.8381096743797,70.0,199.99999999997394
54.75687642406786,69.31851652578179,225.8819045102442
46.83703723769533,67.3205080756878,250.00000000000844
45.76222442151506,64.14213562373347,270.71067811864214
46.4068745063077,59.999999999999986,286.6025403784439
44.5492839191502,55.17638090205572,296.5925826288997
39.49081781432162,50.00000000000191,300.0
33.08042897886722,44.82361909794797,296.59258262890467
27.282576116909357,40.000000000003325,286.60254037845345
23.37638353337382,35.857864376269234,270.71067811865566
28.16228558164038,32.679491924314114,250.00000000002498
25.03681332625292,30.6814834742192,225.88190451026264
18.921479472734774,30.0,199.99999999999304
14.256430989192001,30.68148347421757,174.11809548976782
12.524366262714294,32.67949192431096,150.00000000000233
14.116025668688211,35.85786437626477,129.28932188136662
14.320141357603184,39.99999999999786,113.39745962156232
10.618390909931994,44.82361909795066,103.40741737109173
5.948206255209267,49.9999999999956,100.0
2.257323310741799,55.17638090204962,103.40741737109211
0.0,59.999999999994515,113.3974596215403
0.0,64.142135623729,129.28932188133552
0.0,67.32050807568919,150.0000000000036
0.0,69.31851652578015,174.11809548972533
0.0,70.0,199.99999999999451
0.11859385852604244,69.31851652578308,225.88190451022015
0.9020565549610614,67.32050807569028,249.9999999999869
4.194118461363861,64.14213562373055,270.7106781186567
13.319013342586778,59.99999999999642,286.6025403784542
26.20668521513292,55.17638090205175,296.59258262890506
40.12603634630098,50.00000000000689,300.0
48.10422972954441,44.82361909795278,296.5925826289111
51.6290263713618,39.99999999999976,286.60254037844317
63.50904345332231,35.85786437626632,270.7106781186411
76.19749392119104,32.67949192431205,250.00000000000716
88.52876979053735,30.68148347422049,225.8819045102867
93.57322529454215,30.0,200.00000000001793
103.76222054555058,30.681483474218634,174.11809548974793
118.62342858985151,32.67949192431301,149.9999999999845
125.685,35.857864376267685,129.2893218813521
125.685,39.99999999999355,113.39745962157475
125.685,44.82361909794585,103.40741737109818
125.685,49.999999999999716,100.0
125.685,55.1763809020536,103.40741737109744
125.685,59.99999999999808,113.3974596215506
125.685,64.1421356237255,129.28932188131793
125.685,67.3205080756867,149.99999999998204
125.685,69.31851652578122,174.1180954897452
125.685,70.0,200.0000000000151
125.685,69.318516525782,225.88190451024002
118.89174663412658,67.32050807568822,250.00000000000472
98.59105774644182,64.14213562373408,270.7106781186391
64.80068044883227,60.000000000000725,286.60254037844174
42.75338770587068,55.17638090204777,296.59258262891035
27.089749188756397,50.00000000000277,300.0
13.783008393027627,44.82361909794881,296.5925826289058
7.610822599392261,40.00000000000407,286.6025403784556
13.771998158587854,35.857864376269845,270.71067811865873
19.619059505498747,32.67949192431,249.99999999998934
29.217621121207536,30.681483474219423,225.88190451026682
42.31697642459058,30.0,199.99999999999736
51.44652725201255,30.681483474217345,174.11809548977197
63.281592176883926,32.679491924310526,150.00000000000608
65.60744054212198,35.85786437627059,129.28932188133754
79.26988556514704,39.999999999997115,113.39745962156447
97.42695696861118,44.82361909794983,103.40741737109285
110.89450910692995,49.999999999994735,100.0
121.78581246550003,55.17638090204879,103.40741737109099
125.685,60.00000000000165,113.3974596215609
125.685,64.1421356237284,129.28932188133248
125.685,67.32050807568876,149.9999999999999
125.685,69.31851652577993,174.11809548972116
125.685,70.0,199.9999999999902
125.685,69.31851652578095,225.88190451025991
125.685,67.32050807569073,249.99999999998315
125.685,64.14213562373116,270.7106781186537
125.685,60.000000000005045,286.6025403784293
125.685,55.17638090205258,296.5925826289039
125.685,49.99999999999866,300.0
125.685,44.82361909795361,296.5925826289122
125.685,40.00000000000051,286.6025403784453
125.685,35.85786437627336,270.7106781186763
125.685,32.67949192431249,250.0000000000109
125.685,30.681483474218357,225.88190451024695
125.685,30.0,200.00000000002225
125.685,30.68148347421841,174.1180954897521
125.685,32.67949192430804,150.00000000002763
125.685,35.857864376267074,129.28932188135514
125.685,40.00000000000068,113.39745962155418
125.685,44.8236190979538,103.40741737108752
125.685,49.999999999998856,100.0
125.685,55.17638090204398,103.40741737108455
125.685,59.999999999997335,113.39745962154845
125.685,64.1421356237313,129.28932188134704
125.685,67.32050807569081,150.0000000000177
125.685,69.31851652578099,174.11809548974105
125.685,70.0,199.9999999999653
125.685,69.31851652578223,225.88190451023587
125.685,67.32050807568865,250.00000000000097
125.685,64.14213562372825,270.7106781186682
125.685,60.00000000000148,286.6025403784396
125.685,55.17638090205739,296.5925826288975
125.685,50.00000000000364,300.0
125.685,44.82361909794964,296.5925826289069
125.685,39.999999999996945,286.60254037843504
125.685,35.857864376270456,270.71067811866175
125.685,32.67949192431497,250.00000000003246
113.18715542076652,30.681483474219647,225.88190451027097
125.685,30.0,200.00000000000168
99.59225003821173,30.681483474219476,174.11809548973224
84.46718530446506,32.6794919243101,150.0000000000098
125.685,35.85786437626998,129.28932188134058
125.685,39.99999999999637,113.39745962156663
117.0015761515098,44.82361909794899,103.40741737109397
125.685,50.00000000000297,100.0
125.685,55.17638090204796,103.40741737108988
125.685,60.000000000000895,113.39745962155874
125.685,64.14213562372778,129.28932188132944
125.685,67.32050807568832,149.99999999999613
125.685,69.31851652578206,174.11809548976092
125.685,70.0,199.9999999999859
125.685,69.31851652578118,225.88190451025574
125.685,67.32050807569115,249.99999999997942
125.685,64.14213562373178,270.7106781186506
125.685,59.99999999999791,286.60254037844993
125.685,55.17638090205341,296.59258262890285
125.685,49.99999999999952,300.0
125.685,44.82361909795445,296.5925826289133
125.685,40.00000000000126,286.6025403784475
125.685,35.85786437626754,270.71067811864725
125.685,32.67949192431291,250.00000000001464
117.07818477537252,30.68148347421858,225.8819045102511
101.68615104635346,30.0,200.00000000002655
99.38322368053254,30.681483474218187,174.11809548975629
98.6650476227861,32.67949192431215,149.99999999999199
78.70157088201746,35.85786437626646,129.2893218813582
68.23034276005569,39.99999999999993,113.39745962155632
62.130413248052335,44.82361909794419,103.40741737110041
56.75209885562218,49.99999999999799,100.0
49.03350676485911,55.17638090205193,103.4074173710952
41.952455120169205,59.99999999999659,113.39745962154629
42.637484646006335,64.1421356237307,129.289321881344
22.597005659870018,67.32050807568584,149.9999999999746
19.299851974022648,69.31851652578078,174.11809548973687
11.71383186921088,70.0,200.00000000000648
4.069977627153759,69.31851652578246,225.8819045102317
0.38959565666663787,67.32050807568909,249.99999999999724
0.5038080422742103,64.1421356237353,270.71067811863304
5.129306269073837,60.000000000002224,286.6025403784374
13.51620160731878,55.17638090204943,296.59258262890813
28.857995665673904,50.0000000000045,300.0
51.483717513942224,44.82361909795047,296.592582628908
64.34755060508395,40.00000000000557,286.60254037845993
79.1481198191579,35.85786437627107,270.7106781186648
81.02153622230493,32.67949192431086,249.99999999999682
90.19882616113708,30.681483474217515,225.8819045102312
85.77110905522471,30.0,200.00000000000597
81.19878796517828,30.681483474216897,174.11809548978033
74.88359167973012,32.679491924309666,150.00000000001353
64.43381306436949,35.857864376269376,129.28932188134365
55.335655389191345,40.000000000003496,113.39745962154603
50.61006945226717,44.82361909794816,103.40741737109508
62.81422049508029,49.999999999993015,100.0
72.89962398197498,55.17638090204713,103.40741737108875
80.56186649355784,60.000000000000156,113.39745962155658
66.34265184803215,64.14213562373361,129.28932188135855
43.30635961879125,67.3205080756879,149.9999999999924
28.014884493134016,69.31851652577949,174.11809548971283
22.892716032621195,70.0,199.99999999998158
15.692616817092071,69.31851652578139,225.8819045102516
6.769590815510236,67.32050807568703,250.00000000001506
3.28655180974417,64.14213562373239,270.7106781186476
0.5173542700514382,60.00000000000654,286.602540378425
0.0,55.17638090205424,296.5925826289017
0.0,50.000000000000384,300.0
0.0,44.82361909794649,296.5925826289027
0.0,40.000000000002004,286.60254037844965
0.9301512041025379,35.857864376268154,270.71067811865026
8.5274984991361,32.67949192431335,250.00000000001836
11.256294403465718,30.681483474218805,225.88190451025525
11.357657562808265,30.0,199.9999999999854
10.542687784469273,30.681483474217963,174.11809548976044
13.784870682340364,32.67949192431172,149.9999999999957
18.407697265358,35.85786437626585,129.28932188136125
25.695112421608872,39.99999999999918,113.39745962155848
41.180143513605785,44.82361909795213,103.40741737108975
66.87253192848392,49.99999999999713,100.0
91.66467213772955,55.1763809020511,103.40741737109408
101.96279727074311,59.99999999999584,113.39745962154413
84.66775902835847,64.14213562373008,129.28932188134092
62.133997791328184,67.32050807568996,150.00000000001023
53.646417106767515,69.31851652578055,174.1180954897327
54.852046814674225,70.0,200.00000000000216
53.38154780682676,69.31851652578268,225.88190451022754
47.90245989569877,67.32050807568953,249.99999999999352
32.82137430081728,64.14213562372947,270.71067811866214
20.14003959573461,60.00000000000297,286.60254037843526
14.779083353013286,55.17638090205027,296.59258262890705
8.607080071725749,50.00000000000536,300.0
4.545350688331954,44.8236190979513,296.5925826289091
2.203736708758649,39.99999999999844,286.60254037843936
3.0502231128577093,35.85786437627167,270.7106781186679
4.647961640409756,32.67949192431129,250.00000000000054
14.508600940664754,30.681483474220094,225.8819045102793
20.142645184912976,30.0,200.0000000000103
19.69712301896361,30.68148347421903,174.11809548974057
19.8068729545944,32.67949192430923,150.00000000001728
24.48114884280063,35.857864376268765,129.28932188134667
30.111308469125927,39.99999999999488,113.39745962157093
40.427338289687306,44.82361909794733,103.4074173710962
47.27899874419902,50.00000000000124,100.0
42.516090076297516,55.17638090204629,103.40741737108765
34.65499186043225,59.9999999999994,113.39745962155442
26.57912407825967,64.14213562372657,129.28932188132333
18.300621089219284,67.32050807568746,149.9999999999887
17.41589919846843,69.31851652578162,174.1180954897526
18.927593334229467,70.0,199.99999999997726
23.91889776140247,69.31851652578162,225.8819045102474
25.31325521720464,67.320508075692,249.99999999997195
32.68080276750158,64.142135623733,270.7106781186445
34.17366708564107,59.9999999999994,286.6025403784456
25.682532341794996,55.17638090204629,296.59258262891234
25.71204538655144,50.00000000000124,300.0
27.670226558466815,44.82361909795611,296.5925826289156
29.225031546798615,40.00000000000275,286.6025403784518
34.567037619881816,35.857864376268765,270.71067811865333
38.98190222940561,32.67949192430923,249.99999999998272
38.45877309987027,30.68148347421903,225.88190451025943
35.19932526880894,30.0,200.0000000000352
51.935864010512994,30.681483474217742,174.1180954897646
56.24934050961121,32.67949192431129,149.99999999999943
52.171750336612675,35.85786437627167,129.2893218813321
51.73730622543948,39.99999999999844,113.39745962156064
56.42519920497341,44.82361909794252,103.40741737110264
59.27910898296009,49.99999999999627,100.0
64.44159679190956,55.17638090205027,103.40741737109298
65.39299850947707,60.00000000000297,113.3974596215647
64.46858634900808,64.14213562372947,129.28932188133788
77.12785462306827,67.32050807568498,149.99999999996712
75.52516456876208,69.31851652578032,174.11809548972855
86.6917658744151,70.0,199.99999999999784
97.25189263578731,69.31851652578055,225.8819045102673
99.56564939390073,67.32050807568996,249.99999999998977
98.23516420210588,64.14213562373008,270.7106781186591
93.26452761258432,60.000000000003716,286.6025403784331
91.64964927899109,55.1763809020511,296.5925826289059
91.75981566753735,49.99999999999713,300.0
87.75717998120832,44.82361909795213,296.59258262891024
80.76660607534782,39.99999999999918,286.6025403784415
75.1888364720731,35.85786437627228,270.7106781186709
71.76903334843782,32.67949192431172,250.0000000000043
69.14952989755236,30.681483474217963,225.88190451023956
79.50709912848264,30.0,200.0000000000146
87.11616774234078,30.681483474218805,174.11809548974472
95.7989874162662,32.679491924308806,150.000000000021
117.12201101269878,35.857864376268154,129.28932188134974
125.685,40.000000000002004,113.39745962155035
125.685,44.82361909794649,103.40741737109731
125.685,50.000000000000384,100.0
125.685,55.17638090204546,103.40741737108652
125.685,59.99999999999866,113.39745962155227
111.93569295142173,64.14213562373239,129.28932188135244
96.88037386349616,67.32050807568703,149.99999999998494
99.39365468548431,69.31851652578139,174.11809548974844
103.74594983510228,70.0,199.99999999997294
109.05086165996308,69.31851652578183,225.88190451024326
115.10288666518234,67.3205080756879,250.0000000000076
115.97627608742945,64.14213562373361,270.71067811864145
115.68311256078354,60.000000000000156,286.60254037844345
123.708658462794,55.17638090205591,296.59258262889944
125.685,50.0000000000021,300.0
125.685,44.82361909794816,296.5925826289049
125.685,40.000000000003496,286.60254037845397
125.685,35.85786437626937,270.71067811865635
125.685,32.679491924314206,250.00000000002586
125.685,30.681483474219252,225.8819045102636
125.685,30.0,199.99999999999403
125.685,30.681483474217515,174.11809548976876
125.685,32.67949192431086,150.00000000000318
125.685,35.85786437626463,129.28932188136736
125.685,39.99999999999769,113.3974596215628
125.685,44.82361909795047,103.40741737109198
125.685,49.9999999999954,100.0
125.685,55.17638090204944,103.40741737109185
125.685,59.999999999994344,113.39745962153982
125.685,64.14213562372888,129.28932188133484
125.685,67.32050807568909,150.00000000000276
125.685,69.31851652578246,174.1180954897683
119.22522166573715,70.0,199.99999999999355
113.031024735375,69.31851652578312,225.88190451021921
119.62999258160826,67.32050807569038,249.99999999998604
113.50462462844287,64.1421356237307,270.710678118656
104.24695266731179,59.99999999999659,286.60254037845374
104.91688345533557,55.17638090205193,296.5925826289048
118.87563299600554,50.000000000007084,300.0
125.685,44.82361909795297,296.5925826289114
125.685,39.99999999999993,286.6025403784437
125.685,35.85786437626646,270.7106781186418
125.685,32.67949192431215,250.00000000000801
125.685,30.681483474220542,225.88190451028765
125.685,30.0,200.0000000000189
125.685,30.68148347421858,174.1180954897489
125.685,32.67949192431291,149.99999999998536
125.685,35.85786437626754,129.28932188135278
125.685,39.99999999999338,113.39745962157525
125.685,44.82361909794566,103.40741737109843
125.685,49.99999999999952,100.0
125.685,55.17638090205341,103.40741737109718
125.685,59.99999999999791,113.39745962155011
125.685,64.14213562373178,129.2893218813494
125.685,67.3205080756866,149.9999999999812
125.685,69.31851652578118,174.11809548974426
125.685,70.0,200.00000000001413
125.685,69.31851652578206,225.88190451023908
125.685,67.32050807568832,250.00000000000387
125.685,64.14213562373422,270.7106781186384
125.685,60.000000000000895,286.6025403784413
125.685,55.17638090204796,296.5925826289101
125.685,50.00000000000297,300.0
125.685,44.82361909794899,296.59258262890603
91.38108950388768,40.00000000000424,286.6025403784561
62.54823955405495,35.85786437626998,270.7106781186594
32.9937855915771,32.6794919243101,249.9999999999902
31.87924490605653,30.681483474219476,225.88190451026776
36.276554938702915,30.0,199.99999999999832
53.42450414422687,30.681483474217295,174.11809548977294
29.12398408618578,32.679491924310426,150.0000000000069
20.492240222372573,35.857864376270456,129.28932188133822
29.475931792513357,39.999999999996945,113.39745962156496
52.625156316334625,44.82361909794964,103.4074173710931
76.04414351609414,49.99999999999454,100.0
93.4759121829142,55.17638090204861,103.40741737109074
108.02571610108367,60.00000000000148,113.3974596215604
125.685,64.14213562372825,129.28932188133177
125.685,67.32050807568866,149.99999999999903
125.685,69.31851652577988,174.11809548972022
125.685,70.0,199.99999999998923
125.685,69.31851652578099,225.88190451025898
125.685,67.32050807569081,249.9999999999823
125.685,64.1421356237313,270.71067811865294
125.685,60.000000000005215,286.60254037842884
125.685,55.17638090205277,296.5925826289037
125.685,49.999999999998856,300.0
125.685,44.8236190979538,296.5925826289125
125.685,40.00000000000068,286.60254037844584
125.685,35.8578643762735,270.71067811867704
125.685,32.679491924312586,250.00000000001177
125.685,30.68148347421841,225.8819045102479
125.685,30.0,200.00000000002322
125.685,30.681483474218357,174.11809548975305
125.685,32.67949192430794,150.00000000002848
125.685,35.85786437626693,129.28932188135582
125.685,40.00000000000051,113.39745962155466
125.685,44.82361909795361,103.40741737108777
125.685,49.99999999999866,100.0
125.685,55.176380902043796,103.40741737108429
125.685,59.999999999997165,113.39745962154795
125.685,64.14213562373116,129.28932188134632
125.685,67.32050807569073,150.00000000001685
125.685,69.31851652578095,174.11809548974009
125.685,70.0,199.99999999996433
125.685,69.31851652578229,225.88190451023493
125.685,67.32050807568876,250.00000000000014
125.685,64.1421356237284,270.71067811866754
125.685,60.00000000000165,286.60254037843913
125.685,55.17638090205757,296.5925826288972
125.685,50.00000000000383,300.0
125.685,44.82361909794982,296.59258262890717
125.685,39.999999999997115,286.60254037843555
125.685,35.85786437627059,270.7106781186625
125.685,32.67949192431507,250.0000000000333
125.685,30.681483474219696,225.88190451027194
125.685,30.0,200.00000000000264
125.685,30.681483474219423,174.11809548973318
125.685,32.67949192431,150.00000000001063
125.685,35.857864376269845,129.28932188134127
125.685,39.9999999999962,113.39745962156711
125.685,44.82361909794881,103.40741737109421
125.685,50.00000000000277,100.0
125.685,55.17638090204777,103.40741737108962
125.685,60.00000000000073,113.39745962155826
125.685,64.14213562372765,129.28932188132876
125.685,67.32050807568822,149.99999999999528
125.685,69.31851652578202,174.11809548975998
125.685,70.0,199.9999999999849
125.685,69.31851652578122,225.8819045102548
125.685,67.32050807569125,249.99999999997857
125.685,64.14213562373192,270.7106781186499
125.685,59.99999999999808,286.6025403784494
125.685,55.1763809020536,296.59258262890256
125.685,49.999999999999716,300.0
125.685,44.823619097954634,296.5925826289136
125.685,40.00000000000142,286.602540378448
125.685,35.857864376267685,270.71067811864793
125.685,32.67949192431301,250.0000000000155
125.685,30.681483474218634,225.88190451025204
125.685,30.0,200.00000000002754
125.685,30.681483474218137,174.11809548975722
125.685,32.67949192431206,149.99999999999284
125.685,35.85786437626632,129.2893218813589
125.685,39.99999999999976,113.39745962155682
125.685,44.823619097944,103.40741737110066
125.685,49.9999999999978,100.0
125.685,55.17638090205175,103.40741737109495
125.685,59.99999999999642,113.39745962154579
125.685,64.14213562373055,129.28932188134328
125.685,67.32050807568574,149.99999999997374
125.685,69.31851652578072,174.11809548973594
125.685,70.0,200.00000000000549
125.685,69.31851652578251,225.88190451023075
125.685,67.32050807568919,249.9999999999964
125.685,64.14213562373544,270.7106781186323
125.685,60.000000000002395,286.60254037843697
125.685,55.17638090204962,296.5925826289079
125.685,50.0000000000047,300.0
125.685,44.82361909795066,296.59258262890825
125.685,40.00000000000574,286.6025403784604
125.685,35.8578643762712,270.7106781186655
125.685,32.67949192431096,249.99999999999767
125.685,30.68148347421757,225.88190451023218
125.685,30.0,200.00000000000696
125.685,30.681483474216847,174.11809548978127
125.685,32.679491924309566,150.00000000001438
125.685,35.857864376269234,129.28932188134434
125.685,40.000000000003325,113.39745962154653
125.685,44.82361909794797,103.40741737109533
125.685,49.999999999992816,100.0
125.685,55.17638090204694,103.4074173710885
125.685,59.999999999999986,113.39745962155608
125.685,64.14213562373347,129.28932188135786
125.685,67.3205080756878,149.99999999999156
125.685,69.31851652577943,174.1180954897119
125.685,70.0,199.9999999999806
125.685,69.31851652578145,225.88190451025065
125.685,67.32050807568713,250.0000000000142
125.685,64.14213562373253,270.71067811864685
125.685,60.00000000000671,286.6025403784245
125.685,55.17638090205443,296.5925826289015
125.685,50.000000000000576,300.0
125.685,44.82361909794668,296.59258262890296
125.685,40.000000000002174,286.60254037845016
125.685,35.85786437626829,270.71067811865095
125.685,32.679491924313446,250.0000000000192
125.685,30.681483474218854,225.88190451025622
125.685,30.0,199.9999999999864
125.685,30.681483474217913,174.1180954897614
125.685,32.67949192431163,149.99999999999656
125.685,35.85786437626571,129.28932188136193
125.685,39.99999999999902,113.39745962155897
125.685,44.82361909795195,103.40741737109
125.685,49.99999999999693,100.0
125.685,55.176380902050916,103.40741737109383
125.685,59.99999999999567,113.39745962154365
125.685,64.14213562372996,129.28932188134024
125.685,67.32050807568986,150.00000000000938
125.685,69.3185165257805,174.11809548973176
125.685,70.0,200.00000000000117
125.685,69.31851652578274,225.8819045102266
125.685,67.32050807568962,249.99999999999267
125.685,64.14213562372962,270.7106781186614
125.685,60.00000000000314,286.6025403784348
125.685,55.176380902050454,296.59258262890677
125.685,50.000000000005556,300.0
125.685,44.82361909795149,296.5925826289094
117.92588071146837,39.99999999999861,286.6025403784398
105.09677000105721,35.85786437627181,270.71067811866857
107.29373715136049,32.67949192431139,250.0000000000014
100.90459346814768,30.681483474220144,225.88190451028026
91.9072345956298,30.0,200.00000000001125
114.70014020445412,30.68148347421898,174.1180954897415
125.685,32.67949192430913,150.00000000001813
125.685,35.85786437626862,129.28932188134738
125.685,39.99999999999471,113.39745962157143
125.685,44.82361909794714,103.40741737109644
125.685,50.00000000000105,100.0
125.685,55.176380902046105,103.40741737108739
125.685,59.99999999999923,113.39745962155393
125.685,64.14213562372643,129.28932188132262
125.685,67.32050807568737,149.99999999998784
125.685,69.31851652578156,174.11809548975162
125.685,70.0,199.9999999999763
125.685,69.31851652578166,225.88190451024647
125.685,67.32050807569212,249.9999999999711
125.685,64.14213562373314,270.71067811864384
125.685,59.999999999999574,286.6025403784451
125.685,55.17638090204648,296.5925826289121
125.685,50.00000000000144,300.0
125.685,44.8236190979563,296.5925826289158
125.685,40.00000000000292,286.6025403784523
125.685,35.8578643762689,270.710678118654
125.685,32.67949192430933,249.99999999998357
125.685,30.68148347421908,225.88190451026037
125.685,30.0,200.00000000003615
103.91995188140311,30.68148347421769,174.11809548976555
67.30592915836014,32.67949192431119,150.00000000000028
50.008032002808356,35.857864376271536,129.28932188133282
32.3943906792567,39.999999999998266,113.39745962156114
19.142205128673776,44.82361909794233,103.4074173711029
9.79757911281295,49.99999999999607,100.0
4.139979411996197,55.17638090205008,103.40741737109272
0.6726656932485134,60.0000000000028,113.39745962156422
0.0,64.14213562372935,129.28932188133717
0.0,67.32050807568487,149.99999999996626
0.0,69.31851652578027,174.1180954897276
1.7728116961916558,70.0,199.99999999999687
7.247266815760816,69.31851652578061,225.88190451026634
12.960286462074308,67.32050807569004,249.99999999998892
27.6367949662152,64.14213562373023,270.7106781186584
41.007682106589996,60.00000000000389,286.60254037843265
51.22295602373246,55.17638090205129,296.5925826289057
69.05926274344317,49.99999999999732,300.0
103.98448586216773,44.823619097952324,296.59258262891046
125.685,39.99999999999935,286.602540378442
125.685,35.85786437627242,270.7106781186716
120.21790603868709,32.67949192431182,250.00000000000512
125.685,30.681483474218012,225.8819045102405
125.685,30.0,200.00000000001558
125.685,30.681483474218755,174.11809548974568
125.685,32.67949192430871,150.00000000002186
125.685,35.85786437626801,129.28932188135042
125.685,40.00000000000183,113.39745962155085
125.685,44.823619097946306,103.40741737109757
125.685,50.000000000000185,100.0
125.685,55.176380902045274,103.40741737108627
125.685,59.999999999998494,113.39745962155177
125.685,64.14213562373226,129.28932188135175
125.685,67.32050807568693,149.99999999998408
125.685,69.31851652578135,174.11809548974747
125.685,70.0,199.99999999997198
125.685,69.31851652578189,225.8819045102423
125.685,67.320508075688,250.00000000000676
125.685,64.14213562373375,270.71067811864077
125.685,60.00000000000032,286.60254037844294
125.685,55.176380902056096,296.5925826288992
125.685,50.0000000000023,300.0
125.685,44.82361909794835,296.5925826289052
125.685,40.000000000003666,286.6025403784545
125.685,35.85786437626951,270.71067811865703
125.685,32.679491924314306,250.0000000000267
125.685,30.681483474219302,225.88190451026455
125.685,30.0,199.999999999995
125.685,30.681483474217465,174.11809548976973
125.685,32.67949192431076,150.00000000000404
125.685,35.857864376264494,129.28932188136804
125.685,39.99999999999752,113.39745962156329
125.685,44.823619097950285,103.40741737109224
125.685,49.99999999999521,100.0
125.685,55.176380902049246,103.4074173710916
125.685,59.99999999999417,113.39745962153933
125.685,64.14213562372873,129.28932188133416
125.685,67.32050807568899,150.00000000000193
125.685,69.3185165257824,174.11809548976737
125.685,70.0,199.99999999999255
125.685,69.31851652578318,225.88190451021825
125.685,67.32050807569048,249.9999999999852
125.685,64.14213562373084,270.7106781186553
125.685,59.99999999999676,286.6025403784532
125.685,55.176380902052124,296.59258262890455
125.685,50.00000000000728,300.0
125.685,44.823619097953156,296.5925826289116
125.685,40.0000000000001,286.60254037844413
125.685,35.8578643762666,270.7106781186425
125.685,32.67949192431225,250.00000000000887
125.685,30.68148347422059,225.8819045102886
125.685,30.0,200.0000000000199
125.685,30.68148347421853,174.11809548974983
125.685,32.67949192431282,149.99999999998622
125.685,35.8578643762674,129.2893218813535
89.88702178902142,40.00000000000109,113.397459621553
97.70923798501207,44.823619097945475,103.40741737109869
122.05497542770404,49.999999999999325,100.0
125.685,55.176380902053225,103.40741737109693
125.685,59.99999999999774,113.39745962154963
125.685,64.14213562373163,129.2893218813487
125.685,67.3205080756865,149.99999999998033
125.685,69.31851652578112,174.11809548974333
125.685,70.0,200.00000000001313
125.685,69.31851652578212,225.88190451023814
125.685,67.32050807568842,250.000000000003
125.685,64.14213562373436,270.7106781186377
125.685,60.000000000001066,286.6025403784408
125.685,55.17638090204815,296.5925826289099
125.685,50.00000000000316,300.0
125.685,44.823619097949184,296.59258262890626
114.1900516210869,40.00000000000441,286.60254037845664
74.65240348080829,35.857864376270115,270.7106781186601
51.62310031470886,32.67949192431019,249.99999999999105
41.63264310766832,30.681483474219526,225.88190451026873
54.14061298509279,30.0,199.99999999999932
112.14961244769735,30.681483474217245,174.11809548977388
125.685,32.67949192431033,150.00000000000776
125.685,35.857864376270314,129.28932188133894
125.685,39.999999999996774,113.39745962156545
125.685,44.82361909794945,103.40741737109336
125.685,49.999999999994344,100.0
125.685,55.176380902048415,103.40741737109049
125.685,60.00000000000131,113.3974596215599
125.685,64.14213562372812,129.2893218813311
125.685,67.32050807568856,149.99999999999818
125.685,69.31851652577983,174.11809548971928
125.685,70.0,199.99999999998823
125.685,69.31851652578105,225.881904510258
125.685,67.32050807569091,249.99999999998147
125.685,64.14213562373145,270.71067811865225
125.685,60.00000000000538,286.60254037842833
125.685,55.176380902052955,296.5925826289034
125.685,49.99999999999905,300.0
125.685,44.823619097953994,296.59258262891274
125.685,40.00000000000085,286.6025403784463
125.685,35.85786437627364,270.7106781186777
125.685,32.679491924312686,250.0000000000126
125.685,30.68148347421846,225.88190451024883
125.685,30.0,199.99999999997874
125.685,30.68148347421831,174.118095489754
125.685,32.67949192430784,150.00000000002933
125.685,35.8578643762668,129.28932188135653
125.685,40.00000000000034,113.39745962155516
125.685,44.823619097953426,103.40741737108803
125.685,49.999999999998465,100.0
125.685,55.176380902043604,103.40741737108404
125.685,59.999999999996994,113.39745962154747
125.685,64.14213562373104,129.28932188134564
125.685,67.32050807569063,150.000000000016
125.685,69.3185165257809,174.11809548973915
